Symbol,Date,Close,High,Low,Open,Volume
,,ABCOTS.NS,ABCOTS.NS,ABCOTS.NS,ABCOTS.NS,ABCOTS.NS
ABCOTS,2022-01-25,59.20000076293945,61.349998474121094,53.599998474121094,54.95000076293945,196000
ABCOTS,2022-01-27,56.0,59.349998474121094,55.0,55.5,44000
ABCOTS,2022-01-28,53.54999923706055,57.5,51.5,56.849998474121094,60000
ABCOTS,2022-01-31,50.04999923706055,55.0,45.79999923706055,55.0,308000
ABCOTS,2022-02-01,57.25,58.54999923706055,51.0,52.849998474121094,348000
ABCOTS,2022-02-02,54.0,60.0,53.599998474121094,59.70000076293945,148000
ABCOTS,2022-02-03,54.45000076293945,56.849998474121094,53.5,54.0,20000
ABCOTS,2022-02-04,53.5,54.400001525878906,50.70000076293945,50.70000076293945,48000
ABCOTS,2022-02-07,55.54999923706055,58.150001525878906,54.5,54.5,128000
ABCOTS,2022-02-08,53.0,55.54999923706055,53.0,55.5,80000
ABCOTS,2022-02-09,54.599998474121094,54.599998474121094,53.0,54.29999923706055,52000
ABCOTS,2022-02-10,53.0,53.0,53.0,53.0,8000
ABCOTS,2022-02-11,53.0,53.0,53.0,53.0,4000
ABCOTS,2022-02-14,44.25,49.29999923706055,43.0,49.29999923706055,80000
ABCOTS,2022-02-15,46.45000076293945,46.95000076293945,43.04999923706055,44.29999923706055,104000
ABCOTS,2022-02-16,46.599998474121094,46.599998474121094,46.45000076293945,46.45000076293945,16000
ABCOTS,2022-02-17,47.95000076293945,48.0,47.95000076293945,47.95000076293945,20000
ABCOTS,2022-02-18,55.45000076293945,56.04999923706055,48.70000076293945,48.70000076293945,128000
ABCOTS,2022-02-21,52.20000076293945,56.0,48.25,52.04999923706055,108000
ABCOTS,2022-02-22,50.20000076293945,51.95000076293945,47.5,51.849998474121094,96000
ABCOTS,2022-02-23,52.5,53.0,50.0,50.04999923706055,92000
ABCOTS,2022-02-24,44.75,49.099998474121094,44.0,47.29999923706055,124000
ABCOTS,2022-02-25,50.75,51.0,45.599998474121094,47.25,188000
ABCOTS,2022-02-28,53.25,54.0,48.150001525878906,50.75,108000
ABCOTS,2022-03-02,52.70000076293945,53.0,50.04999923706055,50.04999923706055,24000
ABCOTS,2022-03-03,54.0,55.099998474121094,53.75,54.650001525878906,60000
ABCOTS,2022-03-04,51.5,54.5,50.20000076293945,50.20000076293945,36000
ABCOTS,2022-03-07,50.400001525878906,51.599998474121094,49.0,51.5,28000
ABCOTS,2022-03-08,52.099998474121094,52.099998474121094,49.25,50.400001525878906,36000
ABCOTS,2022-03-09,51.5,53.0,50.599998474121094,50.599998474121094,28000
ABCOTS,2022-03-10,54.400001525878906,55.5,52.95000076293945,52.95000076293945,104000
ABCOTS,2022-03-11,53.0,54.400001525878906,53.0,53.150001525878906,12000
ABCOTS,2022-03-14,52.0,54.0,52.0,54.0,12000
ABCOTS,2022-03-15,50.5,53.0,50.5,53.0,20000
ABCOTS,2022-03-16,50.0,50.0,50.0,50.0,12000
ABCOTS,2022-03-17,49.0,50.0,48.5,50.0,16000
ABCOTS,2022-03-21,48.900001525878906,49.099998474121094,48.5,49.0,20000
ABCOTS,2022-03-22,48.79999923706055,48.79999923706055,48.79999923706055,48.79999923706055,4000
ABCOTS,2022-03-23,48.25,50.45000076293945,48.25,48.29999923706055,56000
ABCOTS,2022-03-24,47.54999923706055,47.54999923706055,47.54999923706055,47.54999923706055,4000
ABCOTS,2022-03-25,47.79999923706055,49.0,47.20000076293945,47.5,44000
ABCOTS,2022-03-28,47.400001525878906,47.5,47.04999923706055,47.099998474121094,24000
ABCOTS,2022-03-29,44.95000076293945,46.54999923706055,44.95000076293945,46.54999923706055,20000
ABCOTS,2022-03-30,44.099998474121094,46.349998474121094,43.150001525878906,44.349998474121094,36000
ABCOTS,2022-03-31,43.95000076293945,44.099998474121094,43.900001525878906,44.099998474121094,12000
ABCOTS,2022-04-01,42.900001525878906,43.95000076293945,42.25,43.95000076293945,28000
ABCOTS,2022-04-04,43.04999923706055,44.0,43.04999923706055,44.0,8000
ABCOTS,2022-04-05,43.04999923706055,43.04999923706055,43.04999923706055,43.04999923706055,0
ABCOTS,2022-04-06,44.099998474121094,44.099998474121094,43.099998474121094,43.099998474121094,12000
ABCOTS,2022-04-07,45.0,46.0,45.0,46.0,12000
ABCOTS,2022-04-08,43.349998474121094,45.599998474121094,43.349998474121094,45.599998474121094,24000
ABCOTS,2022-04-11,43.150001525878906,43.70000076293945,43.0,43.70000076293945,12000
ABCOTS,2022-04-12,43.900001525878906,45.70000076293945,42.5,42.5,36000
ABCOTS,2022-04-13,44.95000076293945,45.29999923706055,44.0,45.29999923706055,16000
ABCOTS,2022-04-18,44.900001525878906,45.0,44.0,45.0,48000
ABCOTS,2022-04-19,44.0,44.900001525878906,44.0,44.900001525878906,16000
ABCOTS,2022-04-20,44.0,44.0,44.0,44.0,0
ABCOTS,2022-04-21,43.650001525878906,44.0,43.650001525878906,44.0,8000
ABCOTS,2022-04-22,43.650001525878906,43.650001525878906,43.650001525878906,43.650001525878906,0
ABCOTS,2022-04-25,42.70000076293945,44.0,42.70000076293945,43.650001525878906,20000
ABCOTS,2022-04-26,40.0,43.0,40.0,42.70000076293945,48000
ABCOTS,2022-04-27,44.95000076293945,46.0,41.0,41.0,48000
ABCOTS,2022-04-28,44.5,50.849998474121094,44.5,47.900001525878906,44000
ABCOTS,2022-04-29,43.5,45.5,43.5,45.5,16000
ABCOTS,2022-05-02,41.79999923706055,42.0,41.650001525878906,42.0,12000
ABCOTS,2022-05-04,43.0,43.650001525878906,43.0,43.45000076293945,16000
ABCOTS,2022-05-05,42.5,42.5,42.5,42.5,4000
ABCOTS,2022-05-06,40.0,42.0,40.0,42.0,36000
ABCOTS,2022-05-09,40.0,40.0,38.099998474121094,40.0,40000
ABCOTS,2022-05-10,39.099998474121094,39.599998474121094,39.099998474121094,39.599998474121094,44000
ABCOTS,2022-05-11,38.349998474121094,38.75,38.0,38.70000076293945,44000
ABCOTS,2022-05-12,37.5,37.5,37.349998474121094,37.349998474121094,8000
ABCOTS,2022-05-13,39.0,39.0,39.0,39.0,4000
ABCOTS,2022-05-16,40.0,41.900001525878906,39.95000076293945,41.900001525878906,56000
ABCOTS,2022-05-17,40.0,40.0,40.0,40.0,4000
ABCOTS,2022-05-18,38.0,38.0,38.0,38.0,28000
ABCOTS,2022-05-19,37.5,37.5,37.0,37.0,8000
ABCOTS,2022-05-20,38.0,38.099998474121094,38.0,38.099998474121094,16000
ABCOTS,2022-05-23,38.0,38.0,38.0,38.0,8000
ABCOTS,2022-05-24,38.0,38.0,38.0,38.0,0
ABCOTS,2022-05-25,40.0,42.900001525878906,40.0,40.0,64000
ABCOTS,2022-05-26,40.0,40.0,40.0,40.0,0
ABCOTS,2022-05-27,39.5,39.5,39.5,39.5,4000
ABCOTS,2022-05-30,39.5,39.5,39.5,39.5,0
ABCOTS,2022-05-31,38.0,38.54999923706055,38.0,38.54999923706055,20000
ABCOTS,2022-06-01,36.0,38.0,35.20000076293945,38.0,24000
ABCOTS,2022-06-02,35.20000076293945,36.0,35.20000076293945,36.0,8000
ABCOTS,2022-06-03,35.5,35.95000076293945,35.0,35.349998474121094,24000
ABCOTS,2022-06-06,34.95000076293945,34.95000076293945,34.95000076293945,34.95000076293945,12000
ABCOTS,2022-06-07,34.95000076293945,34.95000076293945,34.95000076293945,34.95000076293945,0
ABCOTS,2022-06-08,35.650001525878906,35.900001525878906,35.45000076293945,35.45000076293945,16000
ABCOTS,2022-06-09,35.650001525878906,35.650001525878906,35.650001525878906,35.650001525878906,0
ABCOTS,2022-06-10,35.650001525878906,35.650001525878906,35.650001525878906,35.650001525878906,0
ABCOTS,2022-06-13,34.150001525878906,34.150001525878906,34.150001525878906,34.150001525878906,4000
ABCOTS,2022-06-14,34.150001525878906,34.150001525878906,34.150001525878906,34.150001525878906,0
ABCOTS,2022-06-15,35.099998474121094,35.099998474121094,35.099998474121094,35.099998474121094,4000
ABCOTS,2022-06-16,36.0,36.0,35.20000076293945,36.0,20000
ABCOTS,2022-06-17,35.0,35.0,35.0,35.0,4000
ABCOTS,2022-06-20,36.5,36.5,36.5,36.5,4000
ABCOTS,2022-06-21,36.5,36.5,36.5,36.5,0
ABCOTS,2022-06-22,36.0,36.0,36.0,36.0,4000
ABCOTS,2022-06-23,36.0,36.0,36.0,36.0,0
ABCOTS,2022-06-24,36.0,36.0,36.0,36.0,0
ABCOTS,2022-06-27,36.0,36.0,36.0,36.0,0
ABCOTS,2022-06-28,37.599998474121094,37.599998474121094,37.400001525878906,37.400001525878906,24000
ABCOTS,2022-06-29,37.599998474121094,37.599998474121094,37.599998474121094,37.599998474121094,0
ABCOTS,2022-06-30,37.599998474121094,37.599998474121094,37.599998474121094,37.599998474121094,0
ABCOTS,2022-07-01,37.599998474121094,37.599998474121094,37.599998474121094,37.599998474121094,0
ABCOTS,2022-07-04,37.599998474121094,37.599998474121094,37.599998474121094,37.599998474121094,0
ABCOTS,2022-07-05,37.599998474121094,37.599998474121094,37.599998474121094,37.599998474121094,0
ABCOTS,2022-07-06,37.599998474121094,37.599998474121094,37.599998474121094,37.599998474121094,0
ABCOTS,2022-07-07,37.099998474121094,39.900001525878906,37.099998474121094,38.349998474121094,24000
ABCOTS,2022-07-08,37.099998474121094,37.099998474121094,37.099998474121094,37.099998474121094,0
ABCOTS,2022-07-11,37.099998474121094,37.099998474121094,37.099998474121094,37.099998474121094,0
ABCOTS,2022-07-12,37.099998474121094,37.099998474121094,37.099998474121094,37.099998474121094,0
ABCOTS,2022-07-13,38.5,38.5,35.0,35.0,8000
ABCOTS,2022-07-14,38.79999923706055,38.79999923706055,38.79999923706055,38.79999923706055,4000
ABCOTS,2022-07-15,38.79999923706055,38.79999923706055,38.79999923706055,38.79999923706055,0
ABCOTS,2022-07-18,38.79999923706055,38.79999923706055,38.79999923706055,38.79999923706055,4000
ABCOTS,2022-07-19,38.79999923706055,38.79999923706055,38.79999923706055,38.79999923706055,0
ABCOTS,2022-07-20,37.0,37.04999923706055,37.0,37.04999923706055,8000
ABCOTS,2022-07-21,37.04999923706055,38.25,37.0,37.0,20000
ABCOTS,2022-07-22,37.95000076293945,37.95000076293945,37.0,37.0,24000
ABCOTS,2022-07-25,37.900001525878906,37.95000076293945,37.849998474121094,37.849998474121094,8000
ABCOTS,2022-07-26,37.900001525878906,37.900001525878906,37.900001525878906,37.900001525878906,0
ABCOTS,2022-07-27,36.400001525878906,37.0,36.400001525878906,37.0,8000
ABCOTS,2022-07-28,36.400001525878906,36.400001525878906,36.400001525878906,36.400001525878906,0
ABCOTS,2022-07-29,36.70000076293945,36.70000076293945,36.0,36.150001525878906,20000
ABCOTS,2022-08-01,37.95000076293945,37.95000076293945,36.70000076293945,36.70000076293945,8000
ABCOTS,2022-08-02,37.95000076293945,37.95000076293945,37.95000076293945,37.95000076293945,0
ABCOTS,2022-08-03,38.0,38.0,37.400001525878906,37.400001525878906,20000
ABCOTS,2022-08-04,37.900001525878906,37.900001525878906,37.5,37.5,16000
ABCOTS,2022-08-05,37.900001525878906,37.900001525878906,37.900001525878906,37.900001525878906,4000
ABCOTS,2022-08-08,36.04999923706055,36.04999923706055,36.04999923706055,36.04999923706055,4000
ABCOTS,2022-08-10,36.04999923706055,36.04999923706055,36.04999923706055,36.04999923706055,0
ABCOTS,2022-08-11,36.04999923706055,36.04999923706055,36.04999923706055,36.04999923706055,0
ABCOTS,2022-08-12,36.04999923706055,36.04999923706055,36.04999923706055,36.04999923706055,0
ABCOTS,2022-08-16,38.599998474121094,38.599998474121094,38.0,38.0,12000
ABCOTS,2022-08-17,38.599998474121094,38.599998474121094,38.599998474121094,38.599998474121094,0
ABCOTS,2022-08-18,38.599998474121094,38.599998474121094,38.599998474121094,38.599998474121094,0
ABCOTS,2022-08-19,39.0,39.0,39.0,39.0,4000
ABCOTS,2022-08-22,39.0,39.0,39.0,39.0,0
ABCOTS,2022-08-23,39.0,39.0,39.0,39.0,0
ABCOTS,2022-08-24,39.0,39.0,39.0,39.0,0
ABCOTS,2022-08-25,36.099998474121094,37.95000076293945,36.099998474121094,37.95000076293945,8000
ABCOTS,2022-08-26,36.099998474121094,36.099998474121094,36.099998474121094,36.099998474121094,0
ABCOTS,2022-08-29,36.099998474121094,36.099998474121094,36.099998474121094,36.099998474121094,0
ABCOTS,2022-08-30,36.099998474121094,36.099998474121094,36.099998474121094,36.099998474121094,0
ABCOTS,2022-09-01,39.099998474121094,39.099998474121094,37.95000076293945,37.95000076293945,24000
ABCOTS,2022-09-02,40.0,40.0,40.0,40.0,4000
ABCOTS,2022-09-05,40.0,40.0,40.0,40.0,0
ABCOTS,2022-09-06,39.650001525878906,41.0,38.0,38.0,24000
ABCOTS,2022-09-07,41.400001525878906,41.400001525878906,41.400001525878906,41.400001525878906,4000
ABCOTS,2022-09-08,39.0,39.5,36.20000076293945,39.5,20000
ABCOTS,2022-09-09,39.0,39.0,39.0,39.0,0
ABCOTS,2022-09-12,38.150001525878906,39.0,38.150001525878906,39.0,8000
ABCOTS,2022-09-13,38.150001525878906,38.150001525878906,38.150001525878906,38.150001525878906,0
ABCOTS,2022-09-14,40.0,40.0,38.150001525878906,38.150001525878906,32000
ABCOTS,2022-09-15,39.5,41.0,39.5,41.0,8000
ABCOTS,2022-09-16,39.5,39.5,39.5,39.5,0
ABCOTS,2022-09-19,39.5,39.5,39.5,39.5,0
ABCOTS,2022-09-20,39.5,39.5,39.5,39.5,0
ABCOTS,2022-09-21,41.0,41.0,41.0,41.0,4000
ABCOTS,2022-09-22,41.0,41.0,41.0,41.0,4000
ABCOTS,2022-09-23,40.0,41.900001525878906,39.20000076293945,41.900001525878906,16000
ABCOTS,2022-09-26,40.79999923706055,40.79999923706055,39.95000076293945,39.95000076293945,20000
ABCOTS,2022-09-27,41.0,41.0,41.0,41.0,8000
ABCOTS,2022-09-28,41.0,41.0,41.0,41.0,4000
ABCOTS,2022-09-29,41.400001525878906,41.400001525878906,39.04999923706055,39.04999923706055,16000
ABCOTS,2022-09-30,41.400001525878906,41.400001525878906,41.400001525878906,41.400001525878906,0
ABCOTS,2022-10-03,41.95000076293945,42.0,41.0,41.0,16000
ABCOTS,2022-10-04,42.5,42.5,42.5,42.5,4000
ABCOTS,2022-10-06,45.95000076293945,46.0,44.0,44.0,32000
ABCOTS,2022-10-07,45.0,45.0,43.04999923706055,43.04999923706055,20000
ABCOTS,2022-10-10,45.0,45.0,45.0,45.0,0
ABCOTS,2022-10-11,45.0,45.0,45.0,45.0,4000
ABCOTS,2022-10-12,45.0,45.0,44.20000076293945,44.20000076293945,12000
ABCOTS,2022-10-13,45.0,45.0,45.0,45.0,0
ABCOTS,2022-10-14,44.650001525878906,45.0,42.54999923706055,42.54999923706055,20000
ABCOTS,2022-10-17,46.5,46.900001525878906,42.79999923706055,42.849998474121094,32000
ABCOTS,2022-10-18,46.5,46.5,46.5,46.5,0
ABCOTS,2022-10-19,46.5,46.5,46.5,46.5,8000
ABCOTS,2022-10-20,46.5,46.5,46.5,46.5,0
ABCOTS,2022-10-21,48.5,49.599998474121094,48.5,49.400001525878906,24000
ABCOTS,2022-10-24,49.0,49.0,49.0,49.0,4000
ABCOTS,2022-10-25,49.0,49.0,49.0,49.0,0
ABCOTS,2022-10-27,48.70000076293945,48.70000076293945,48.70000076293945,48.70000076293945,4000
ABCOTS,2022-10-28,49.0,49.0,47.0,47.0,8000
ABCOTS,2022-10-31,47.0,47.0,47.0,47.0,4000
ABCOTS,2022-11-01,47.0,47.0,47.0,47.0,4000
ABCOTS,2022-11-02,47.0,47.0,47.0,47.0,0
ABCOTS,2022-11-03,47.0,47.0,47.0,47.0,0
ABCOTS,2022-11-04,47.0,47.0,47.0,47.0,4000
ABCOTS,2022-11-07,47.0,47.0,47.0,47.0,0
ABCOTS,2022-11-09,47.0,47.0,47.0,47.0,0
ABCOTS,2022-11-10,47.0,47.5,45.20000076293945,45.20000076293945,16000
ABCOTS,2022-11-11,47.0,47.0,45.0,45.0,32000
ABCOTS,2022-11-14,47.0,47.0,47.0,47.0,0
ABCOTS,2022-11-15,47.0,47.0,47.0,47.0,0
ABCOTS,2022-11-16,47.0,47.0,47.0,47.0,0
ABCOTS,2022-11-17,46.5,46.5,45.0,45.0,12000
ABCOTS,2022-11-18,46.5,46.5,46.5,46.5,0
ABCOTS,2022-11-21,45.54999923706055,46.5,45.54999923706055,46.5,8000
ABCOTS,2022-11-22,45.54999923706055,45.54999923706055,45.54999923706055,45.54999923706055,4000
ABCOTS,2022-11-23,46.04999923706055,46.04999923706055,46.04999923706055,46.04999923706055,4000
ABCOTS,2022-11-24,46.5,46.5,46.5,46.5,4000
ABCOTS,2022-11-25,46.5,46.5,46.5,46.5,0
ABCOTS,2022-11-28,46.5,46.5,46.5,46.5,0
ABCOTS,2022-11-29,51.0,51.0,47.5,47.5,40000
ABCOTS,2022-11-30,48.5,48.5,48.5,48.5,8000
ABCOTS,2022-12-01,48.5,48.5,48.5,48.5,0
ABCOTS,2022-12-02,48.45000076293945,48.45000076293945,48.45000076293945,48.45000076293945,4000
ABCOTS,2022-12-05,49.0,49.0,49.0,49.0,8000
ABCOTS,2022-12-06,49.0,49.0,49.0,49.0,0
ABCOTS,2022-12-07,49.79999923706055,49.79999923706055,49.0,49.0,12000
ABCOTS,2022-12-08,49.099998474121094,49.900001525878906,49.099998474121094,49.900001525878906,8000
ABCOTS,2022-12-09,49.0,49.0,49.0,49.0,4000
ABCOTS,2022-12-12,49.5,49.900001525878906,49.5,49.900001525878906,12000
ABCOTS,2022-12-13,52.0,52.0,50.099998474121094,50.099998474121094,56000
ABCOTS,2022-12-14,51.0,51.5,51.0,51.5,16000
ABCOTS,2022-12-15,51.0,51.0,51.0,51.0,8000
ABCOTS,2022-12-16,51.04999923706055,51.04999923706055,51.04999923706055,51.04999923706055,4000
ABCOTS,2022-12-19,51.04999923706055,51.04999923706055,51.04999923706055,51.04999923706055,0
ABCOTS,2022-12-20,51.04999923706055,51.04999923706055,51.04999923706055,51.04999923706055,0
ABCOTS,2022-12-21,50.0,50.0,49.0,49.04999923706055,12000
ABCOTS,2022-12-22,50.0,50.0,50.0,50.0,0
ABCOTS,2022-12-23,49.099998474121094,49.099998474121094,48.599998474121094,48.75,28000
ABCOTS,2022-12-26,49.0,49.0,48.79999923706055,48.79999923706055,8000
ABCOTS,2022-12-27,49.0,49.0,49.0,49.0,0
ABCOTS,2022-12-28,49.0,49.0,49.0,49.0,0
ABCOTS,2022-12-29,48.0,49.0,48.0,49.0,8000
ABCOTS,2022-12-30,49.45000076293945,49.45000076293945,47.79999923706055,47.79999923706055,24000
ABCOTS,2023-01-02,49.45000076293945,49.45000076293945,49.45000076293945,49.45000076293945,0
ABCOTS,2023-01-03,49.45000076293945,49.45000076293945,49.45000076293945,49.45000076293945,4000
ABCOTS,2023-01-04,49.45000076293945,49.45000076293945,49.45000076293945,49.45000076293945,0
ABCOTS,2023-01-05,49.45000076293945,49.45000076293945,49.45000076293945,49.45000076293945,0
ABCOTS,2023-01-06,49.849998474121094,49.849998474121094,49.849998474121094,49.849998474121094,4000
ABCOTS,2023-01-09,49.0,49.900001525878906,49.0,49.900001525878906,8000
ABCOTS,2023-01-10,49.0,49.0,49.0,49.0,0
ABCOTS,2023-01-11,49.0,49.0,49.0,49.0,0
ABCOTS,2023-01-12,49.0,49.0,49.0,49.0,4000
ABCOTS,2023-01-13,49.900001525878906,49.900001525878906,49.900001525878906,49.900001525878906,8000
ABCOTS,2023-01-16,49.900001525878906,49.900001525878906,49.900001525878906,49.900001525878906,0
ABCOTS,2023-01-17,49.900001525878906,49.900001525878906,49.900001525878906,49.900001525878906,0
ABCOTS,2023-01-18,49.900001525878906,49.900001525878906,49.900001525878906,49.900001525878906,4000
ABCOTS,2023-01-19,49.900001525878906,49.900001525878906,49.900001525878906,49.900001525878906,0
ABCOTS,2023-01-20,49.900001525878906,49.900001525878906,49.900001525878906,49.900001525878906,0
ABCOTS,2023-01-23,49.900001525878906,49.900001525878906,49.900001525878906,49.900001525878906,0
ABCOTS,2023-01-24,49.900001525878906,49.900001525878906,49.900001525878906,49.900001525878906,0
ABCOTS,2023-01-25,48.75,48.75,48.150001525878906,48.150001525878906,8000
ABCOTS,2023-01-27,48.75,48.75,48.75,48.75,8000
ABCOTS,2023-01-30,48.0,48.0,48.0,48.0,4000
ABCOTS,2023-01-31,48.0,48.0,48.0,48.0,0
ABCOTS,2023-02-01,48.0,48.0,48.0,48.0,0
ABCOTS,2023-02-02,48.0,48.0,48.0,48.0,0
ABCOTS,2023-02-03,48.0,48.0,48.0,48.0,0
ABCOTS,2023-02-06,48.0,48.0,48.0,48.0,0
ABCOTS,2023-02-07,48.0,48.0,48.0,48.0,0
ABCOTS,2023-02-08,48.0,48.0,48.0,48.0,0
ABCOTS,2023-02-09,48.0,48.0,48.0,48.0,0
ABCOTS,2023-02-10,48.0,48.0,48.0,48.0,0
ABCOTS,2023-02-13,48.0,48.0,48.0,48.0,0
ABCOTS,2023-02-14,48.0,48.0,48.0,48.0,0
ABCOTS,2023-02-15,48.0,48.0,48.0,48.0,0
ABCOTS,2023-02-16,48.0,48.0,48.0,48.0,0
ABCOTS,2023-02-17,45.0,45.0,45.0,45.0,8000
ABCOTS,2023-02-20,45.0,45.0,45.0,45.0,0
ABCOTS,2023-02-21,45.0,45.0,45.0,45.0,0
ABCOTS,2023-02-22,45.0,45.0,45.0,45.0,0
ABCOTS,2023-02-23,45.0,45.0,45.0,45.0,0
ABCOTS,2023-02-24,44.650001525878906,44.650001525878906,41.0,41.0,16000
ABCOTS,2023-02-27,45.0,45.0,44.0,44.0,16000
ABCOTS,2023-02-28,47.900001525878906,47.95000076293945,45.0,45.0,16000
ABCOTS,2023-03-01,47.900001525878906,47.900001525878906,47.900001525878906,47.900001525878906,0
ABCOTS,2023-03-02,47.900001525878906,47.900001525878906,47.900001525878906,47.900001525878906,0
ABCOTS,2023-03-03,47.900001525878906,47.900001525878906,47.900001525878906,47.900001525878906,0
ABCOTS,2023-03-06,47.900001525878906,47.900001525878906,47.900001525878906,47.900001525878906,0
ABCOTS,2023-03-08,44.54999923706055,44.54999923706055,44.54999923706055,44.54999923706055,4000
ABCOTS,2023-03-09,44.54999923706055,44.54999923706055,44.54999923706055,44.54999923706055,0
ABCOTS,2023-03-10,44.54999923706055,44.54999923706055,44.54999923706055,44.54999923706055,0
ABCOTS,2023-03-13,44.54999923706055,44.54999923706055,44.54999923706055,44.54999923706055,0
ABCOTS,2023-03-14,43.0,45.0,43.0,44.0,56000
ABCOTS,2023-03-15,43.0,43.0,43.0,43.0,0
ABCOTS,2023-03-16,43.25,43.5,43.0,43.0,8000
ABCOTS,2023-03-17,43.25,43.25,43.25,43.25,0
ABCOTS,2023-03-20,43.25,43.25,43.25,43.25,0
ABCOTS,2023-03-21,43.25,43.25,43.25,43.25,0
ABCOTS,2023-03-22,43.25,43.25,43.25,43.25,0
ABCOTS,2023-03-23,43.25,43.25,43.25,43.25,0
ABCOTS,2023-03-24,43.54999923706055,47.75,43.54999923706055,45.0,20000
ABCOTS,2023-03-27,46.900001525878906,46.900001525878906,46.900001525878906,46.900001525878906,4000
ABCOTS,2023-03-28,46.900001525878906,46.900001525878906,46.900001525878906,46.900001525878906,0
ABCOTS,2023-03-29,41.0,43.04999923706055,41.0,43.04999923706055,8000
ABCOTS,2023-03-31,44.0,44.0,44.0,44.0,4000
ABCOTS,2023-04-03,41.349998474121094,41.349998474121094,41.349998474121094,41.349998474121094,4000
ABCOTS,2023-04-05,41.349998474121094,41.349998474121094,41.349998474121094,41.349998474121094,0
ABCOTS,2023-04-06,43.5,43.5,43.5,43.5,4000
ABCOTS,2023-04-10,43.5,43.5,43.5,43.5,0
ABCOTS,2023-04-11,43.5,43.5,43.5,43.5,0
ABCOTS,2023-04-12,43.5,43.5,43.5,43.5,0
ABCOTS,2023-04-13,43.5,43.5,43.5,43.5,0
ABCOTS,2023-04-17,43.5,43.5,43.5,43.5,0
ABCOTS,2023-04-18,44.20000076293945,44.20000076293945,43.599998474121094,43.599998474121094,20000
ABCOTS,2023-04-19,44.20000076293945,44.20000076293945,44.20000076293945,44.20000076293945,0
ABCOTS,2023-04-20,44.20000076293945,44.20000076293945,44.20000076293945,44.20000076293945,0
ABCOTS,2023-04-21,44.20000076293945,44.20000076293945,44.20000076293945,44.20000076293945,0
ABCOTS,2023-04-24,44.20000076293945,44.20000076293945,44.20000076293945,44.20000076293945,16000
ABCOTS,2023-04-25,44.5,44.5,44.5,44.5,32000
ABCOTS,2023-04-26,44.5,44.5,44.400001525878906,44.400001525878906,64000
ABCOTS,2023-04-27,44.5,44.5,44.5,44.5,4000
ABCOTS,2023-04-28,44.400001525878906,44.400001525878906,44.400001525878906,44.400001525878906,20000
ABCOTS,2023-05-02,44.400001525878906,44.400001525878906,44.400001525878906,44.400001525878906,0
ABCOTS,2023-05-03,44.400001525878906,44.400001525878906,44.400001525878906,44.400001525878906,0
ABCOTS,2023-05-04,44.400001525878906,44.400001525878906,44.400001525878906,44.400001525878906,0
ABCOTS,2023-05-05,44.400001525878906,44.400001525878906,44.400001525878906,44.400001525878906,0
ABCOTS,2023-05-08,44.400001525878906,44.400001525878906,44.400001525878906,44.400001525878906,0
ABCOTS,2023-05-09,44.400001525878906,44.400001525878906,44.400001525878906,44.400001525878906,0
ABCOTS,2023-05-10,44.70000076293945,44.70000076293945,44.5,44.5,68000
ABCOTS,2023-05-11,46.70000076293945,46.70000076293945,46.70000076293945,46.70000076293945,8000
ABCOTS,2023-05-12,46.70000076293945,46.70000076293945,46.70000076293945,46.70000076293945,0
ABCOTS,2023-05-15,46.70000076293945,46.70000076293945,46.70000076293945,46.70000076293945,0
ABCOTS,2023-05-16,46.70000076293945,46.70000076293945,46.70000076293945,46.70000076293945,0
ABCOTS,2023-05-17,46.70000076293945,46.70000076293945,46.70000076293945,46.70000076293945,0
ABCOTS,2023-05-18,46.650001525878906,46.650001525878906,46.650001525878906,46.650001525878906,4000
ABCOTS,2023-05-19,47.0,47.20000076293945,47.0,47.20000076293945,16000
ABCOTS,2023-05-22,47.0,47.0,47.0,47.0,0
ABCOTS,2023-05-23,44.25,45.400001525878906,44.25,45.400001525878906,8000
ABCOTS,2023-05-24,47.25,47.25,47.25,47.25,24000
ABCOTS,2023-05-25,47.25,47.25,47.25,47.25,0
ABCOTS,2023-05-26,47.25,47.25,47.25,47.25,0
ABCOTS,2023-05-29,47.25,47.25,47.25,47.25,0
ABCOTS,2023-05-30,47.25,47.25,47.25,47.25,0
ABCOTS,2023-05-31,47.25,47.25,47.25,47.25,0
ABCOTS,2023-06-01,45.0,45.0,45.0,45.0,4000
ABCOTS,2023-06-02,45.0,45.0,45.0,45.0,0
ABCOTS,2023-06-05,45.0,45.0,45.0,45.0,0
ABCOTS,2023-06-06,45.0,45.0,45.0,45.0,0
ABCOTS,2023-06-07,45.0,45.0,45.0,45.0,0
ABCOTS,2023-06-08,45.0,45.0,45.0,45.0,0
ABCOTS,2023-06-09,45.0,45.0,45.0,45.0,0
ABCOTS,2023-06-12,44.5,44.5,44.0,44.0,8000
ABCOTS,2023-06-13,44.5,44.5,44.5,44.5,4000
ABCOTS,2023-06-14,44.5,44.5,44.5,44.5,0
ABCOTS,2023-06-15,44.5,44.5,44.5,44.5,0
ABCOTS,2023-06-16,46.0,46.0,46.0,46.0,4000
ABCOTS,2023-06-19,46.0,46.0,46.0,46.0,0
ABCOTS,2023-06-20,46.0,46.0,46.0,46.0,0
ABCOTS,2023-06-21,46.0,46.0,46.0,46.0,0
ABCOTS,2023-06-22,46.0,46.5,46.0,46.5,8000
ABCOTS,2023-06-23,46.0,46.0,46.0,46.0,0
ABCOTS,2023-06-26,46.0,46.0,46.0,46.0,0
ABCOTS,2023-06-27,46.0,46.0,46.0,46.0,0
ABCOTS,2023-06-28,42.20000076293945,42.20000076293945,42.20000076293945,42.20000076293945,4000
ABCOTS,2023-06-30,44.0,44.0,41.349998474121094,42.599998474121094,20000
ABCOTS,2023-07-03,44.95000076293945,44.95000076293945,44.95000076293945,44.95000076293945,4000
ABCOTS,2023-07-04,44.95000076293945,44.95000076293945,44.95000076293945,44.95000076293945,0
ABCOTS,2023-07-05,44.95000076293945,44.95000076293945,44.95000076293945,44.95000076293945,0
ABCOTS,2023-07-06,44.95000076293945,44.95000076293945,44.95000076293945,44.95000076293945,0
ABCOTS,2023-07-07,44.95000076293945,44.95000076293945,44.95000076293945,44.95000076293945,0
ABCOTS,2023-07-10,44.95000076293945,44.95000076293945,44.95000076293945,44.95000076293945,0
ABCOTS,2023-07-11,44.95000076293945,44.95000076293945,44.95000076293945,44.95000076293945,0
ABCOTS,2023-07-12,44.95000076293945,44.95000076293945,44.95000076293945,44.95000076293945,0
ABCOTS,2023-07-13,44.95000076293945,44.95000076293945,44.95000076293945,44.95000076293945,0
ABCOTS,2023-07-14,44.95000076293945,44.95000076293945,44.95000076293945,44.95000076293945,0
ABCOTS,2023-07-17,44.70000076293945,44.95000076293945,44.5,44.5,8000
ABCOTS,2023-07-18,44.70000076293945,44.70000076293945,44.70000076293945,44.70000076293945,0
ABCOTS,2023-07-19,44.70000076293945,44.70000076293945,44.70000076293945,44.70000076293945,0
ABCOTS,2023-07-20,42.20000076293945,42.20000076293945,42.20000076293945,42.20000076293945,4000
ABCOTS,2023-07-21,42.20000076293945,42.20000076293945,42.20000076293945,42.20000076293945,0
ABCOTS,2023-07-24,43.20000076293945,43.20000076293945,43.0,43.0,8000
ABCOTS,2023-07-25,43.20000076293945,43.20000076293945,43.20000076293945,43.20000076293945,0
ABCOTS,2023-07-26,43.20000076293945,43.20000076293945,42.20000076293945,42.20000076293945,8000
ABCOTS,2023-07-27,43.20000076293945,43.20000076293945,43.20000076293945,43.20000076293945,0
ABCOTS,2023-07-28,43.20000076293945,43.20000076293945,43.20000076293945,43.20000076293945,0
ABCOTS,2023-07-31,43.20000076293945,43.20000076293945,43.20000076293945,43.20000076293945,0
ABCOTS,2023-08-01,42.20000076293945,42.349998474121094,42.20000076293945,42.349998474121094,12000
ABCOTS,2023-08-02,42.20000076293945,43.04999923706055,42.20000076293945,43.04999923706055,8000
ABCOTS,2023-08-03,42.20000076293945,42.20000076293945,42.20000076293945,42.20000076293945,0
ABCOTS,2023-08-04,44.099998474121094,44.099998474121094,44.099998474121094,44.099998474121094,4000
ABCOTS,2023-08-07,44.099998474121094,44.099998474121094,44.099998474121094,44.099998474121094,4000
ABCOTS,2023-08-08,44.099998474121094,44.099998474121094,44.099998474121094,44.099998474121094,0
ABCOTS,2023-08-09,45.849998474121094,45.849998474121094,45.849998474121094,45.849998474121094,4000
ABCOTS,2023-08-10,40.349998474121094,43.0,40.0,43.0,32000
ABCOTS,2023-08-11,42.0,44.0,42.0,44.0,16000
ABCOTS,2023-08-14,50.400001525878906,50.400001525878906,44.0,44.0,80000
ABCOTS,2023-08-16,55.150001525878906,56.70000076293945,52.20000076293945,52.20000076293945,48000
ABCOTS,2023-08-17,56.0,56.900001525878906,56.0,56.849998474121094,24000
ABCOTS,2023-08-18,67.19999694824219,67.19999694824219,58.0,58.0,124000
ABCOTS,2023-08-21,73.9000015258789,73.9000015258789,73.69999694824219,73.69999694824219,72000
ABCOTS,2023-08-22,81.25,81.25,79.69999694824219,79.69999694824219,128000
ABCOTS,2023-08-23,89.3499984741211,89.3499984741211,88.69999694824219,88.69999694824219,24000
ABCOTS,2023-08-24,93.80000305175781,93.80000305175781,93.80000305175781,93.80000305175781,16000
ABCOTS,2023-08-25,91.30000305175781,98.44999694824219,89.1500015258789,98.44999694824219,380000
ABCOTS,2023-08-28,94.4000015258789,95.8499984741211,91.0999984741211,91.0999984741211,196000
ABCOTS,2023-08-29,94.0,96.5,94.0,96.0,40000
ABCOTS,2023-08-30,89.30000305175781,92.0999984741211,89.30000305175781,92.0999984741211,28000
ABCOTS,2023-08-31,89.0999984741211,89.3499984741211,84.8499984741211,85.0,56000
ABCOTS,2023-09-01,90.25,92.9000015258789,89.0,89.5,68000
ABCOTS,2023-09-04,94.75,94.75,91.8499984741211,92.0999984741211,56000
ABCOTS,2023-09-05,99.4000015258789,99.4000015258789,93.6500015258789,98.8499984741211,48000
ABCOTS,2023-09-06,101.4000015258789,101.4000015258789,99.30000305175781,99.5,16000
ABCOTS,2023-09-07,101.0,101.0,101.0,101.0,4000
ABCOTS,2023-09-08,101.0,101.0,101.0,101.0,0
ABCOTS,2023-09-11,101.0,101.0999984741211,101.0,101.0999984741211,8000
ABCOTS,2023-09-12,96.0,96.0,96.0,96.0,4000
ABCOTS,2023-09-13,99.94999694824219,99.94999694824219,99.94999694824219,99.94999694824219,4000
ABCOTS,2023-09-14,94.94999694824219,101.0,94.94999694824219,101.0,12000
ABCOTS,2023-09-15,95.0,95.0,95.0,95.0,4000
ABCOTS,2023-09-18,95.0,95.0,95.0,95.0,0
ABCOTS,2023-09-20,95.0,95.0,95.0,95.0,0
ABCOTS,2023-09-21,95.0,95.0,95.0,95.0,0
ABCOTS,2023-09-22,95.0,95.0,95.0,95.0,0
ABCOTS,2023-09-25,95.0,95.0,95.0,95.0,0
ABCOTS,2023-09-26,90.5,90.5,90.25,90.30000305175781,16000
ABCOTS,2023-09-27,86.0,86.0,86.0,86.0,8000
ABCOTS,2023-09-28,81.75,84.0,81.69999694824219,81.69999694824219,32000
ABCOTS,2023-09-29,81.75,81.75,81.75,81.75,0
ABCOTS,2023-10-03,89.75,89.75,89.75,89.75,4000
ABCOTS,2023-10-04,89.75,89.75,89.75,89.75,0
ABCOTS,2023-10-05,89.75,89.75,89.75,89.75,0
ABCOTS,2023-10-06,94.19999694824219,94.19999694824219,94.0,94.0,8000
ABCOTS,2023-10-09,97.0,103.5999984741211,97.0,103.5999984741211,20000
ABCOTS,2023-10-10,95.0,95.0,95.0,95.0,4000
ABCOTS,2023-10-11,95.0,95.0,95.0,95.0,0
ABCOTS,2023-10-12,95.0,95.0,95.0,95.0,0
ABCOTS,2023-10-13,95.0,95.0,95.0,95.0,0
ABCOTS,2023-10-16,95.0,95.0,95.0,95.0,0
ABCOTS,2023-10-17,95.0,95.0,95.0,95.0,0
ABCOTS,2023-10-18,101.0,101.0,101.0,101.0,4000
ABCOTS,2023-10-19,101.0,101.0,101.0,101.0,0
ABCOTS,2023-10-20,101.0,101.0,101.0,101.0,0
ABCOTS,2023-10-23,101.0,101.0,101.0,101.0,0
ABCOTS,2023-10-25,101.0,101.0,101.0,101.0,0
ABCOTS,2023-10-26,101.0,101.0,101.0,101.0,0
ABCOTS,2023-10-27,101.0,101.0,101.0,101.0,0
ABCOTS,2023-10-30,109.80000305175781,111.0999984741211,101.0,111.0999984741211,20000
ABCOTS,2023-10-31,109.80000305175781,109.80000305175781,109.80000305175781,109.80000305175781,0
ABCOTS,2023-11-01,120.69999694824219,120.75,105.0,111.0,18000
ABCOTS,2023-11-02,124.0,132.0,124.0,132.0,8000
ABCOTS,2023-11-03,130.0,136.39999389648438,130.0,136.0,12000
ABCOTS,2023-11-06,123.5,123.5999984741211,123.5,123.5999984741211,10000
ABCOTS,2023-11-07,123.5,123.5,123.5,123.5,0
ABCOTS,2023-11-08,123.5,123.5,123.5,123.5,0
ABCOTS,2023-11-09,129.64999389648438,129.64999389648438,128.64999389648438,128.64999389648438,4000
ABCOTS,2023-11-10,129.64999389648438,129.64999389648438,129.64999389648438,129.64999389648438,0
ABCOTS,2023-11-13,123.19999694824219,123.19999694824219,123.19999694824219,123.19999694824219,0
ABCOTS,2023-11-15,123.19999694824219,123.19999694824219,123.19999694824219,123.19999694824219,0
ABCOTS,2023-11-16,123.19999694824219,123.19999694824219,123.19999694824219,123.19999694824219,0
ABCOTS,2023-11-17,117.55000305175781,117.55000305175781,117.05000305175781,117.05000305175781,4000
ABCOTS,2023-11-20,123.30000305175781,123.30000305175781,123.30000305175781,123.30000305175781,6000
ABCOTS,2023-11-21,123.30000305175781,123.30000305175781,123.30000305175781,123.30000305175781,0
ABCOTS,2023-11-22,123.30000305175781,123.30000305175781,123.30000305175781,123.30000305175781,0
ABCOTS,2023-11-23,123.30000305175781,123.30000305175781,123.30000305175781,123.30000305175781,0
ABCOTS,2023-11-24,123.30000305175781,123.30000305175781,123.30000305175781,123.30000305175781,0
ABCOTS,2023-11-28,123.30000305175781,123.30000305175781,123.30000305175781,123.30000305175781,0
ABCOTS,2023-11-29,123.30000305175781,123.30000305175781,123.30000305175781,123.30000305175781,0
ABCOTS,2023-11-30,118.30000305175781,120.0,117.1500015258789,120.0,12000
ABCOTS,2023-12-01,113.55000305175781,113.55000305175781,113.0,113.0,4000
ABCOTS,2023-12-04,111.0999984741211,111.0999984741211,108.0,108.0,6000
ABCOTS,2023-12-05,111.0999984741211,111.0999984741211,111.0999984741211,111.0999984741211,0
ABCOTS,2023-12-06,111.0999984741211,111.0999984741211,111.0999984741211,111.0999984741211,0
ABCOTS,2023-12-07,111.0999984741211,111.0999984741211,111.0999984741211,111.0999984741211,0
ABCOTS,2023-12-08,111.0999984741211,111.0999984741211,111.0999984741211,111.0999984741211,0
ABCOTS,2023-12-11,116.6500015258789,116.6500015258789,116.6500015258789,116.6500015258789,2000
ABCOTS,2023-12-12,116.6500015258789,116.6500015258789,116.6500015258789,116.6500015258789,0
ABCOTS,2023-12-13,116.6500015258789,116.6500015258789,116.6500015258789,116.6500015258789,0
ABCOTS,2023-12-14,115.0,115.0,115.0,115.0,2000
ABCOTS,2023-12-15,116.1500015258789,116.1500015258789,116.1500015258789,116.1500015258789,4000
ABCOTS,2023-12-18,117.0,117.0,113.5,113.5,4000
ABCOTS,2023-12-19,122.8499984741211,122.8499984741211,116.25,116.30000305175781,8000
ABCOTS,2023-12-20,122.8499984741211,122.8499984741211,122.8499984741211,122.8499984741211,0
ABCOTS,2023-12-21,120.0,120.0,120.0,120.0,2000
ABCOTS,2023-12-22,120.0,120.0,120.0,120.0,0
ABCOTS,2023-12-26,120.0,120.0,120.0,120.0,0
ABCOTS,2023-12-27,120.0,120.0,120.0,120.0,0
ABCOTS,2023-12-28,125.6500015258789,126.0,120.0,120.0,10000
ABCOTS,2023-12-29,130.0,130.0,130.0,130.0,6000
ABCOTS,2024-01-01,132.9499969482422,132.9499969482422,132.9499969482422,132.9499969482422,10000
ABCOTS,2024-01-02,135.1999969482422,135.1999969482422,132.0,132.0,14000
ABCOTS,2024-01-03,139.3000030517578,139.9499969482422,139.0,139.0,6000
ABCOTS,2024-01-04,140.0,142.0,140.0,142.0,4000
ABCOTS,2024-01-05,137.0,137.0,133.75,133.75,4000
ABCOTS,2024-01-08,130.14999389648438,130.14999389648438,130.14999389648438,130.14999389648438,12000
ABCOTS,2024-01-09,130.0,130.0500030517578,130.0,130.0500030517578,6000
ABCOTS,2024-01-10,129.8000030517578,129.9499969482422,125.0,125.0,8000
ABCOTS,2024-01-11,129.8000030517578,129.8000030517578,129.8000030517578,129.8000030517578,0
ABCOTS,2024-01-12,129.8000030517578,129.8000030517578,129.8000030517578,129.8000030517578,0
ABCOTS,2024-01-15,129.8000030517578,129.8000030517578,129.8000030517578,129.8000030517578,0
ABCOTS,2024-01-16,123.3499984741211,123.3499984741211,123.3499984741211,123.3499984741211,4000
ABCOTS,2024-01-17,123.3499984741211,123.3499984741211,123.3499984741211,123.3499984741211,0
ABCOTS,2024-01-18,125.0,125.44999694824219,124.94999694824219,125.44999694824219,16000
ABCOTS,2024-01-19,131.25,131.25,125.69999694824219,125.69999694824219,20000
ABCOTS,2024-01-23,144.0,144.64999389648438,131.0,131.0,14000
ABCOTS,2024-01-24,151.1999969482422,151.1999969482422,140.5,140.5,6000
ABCOTS,2024-01-25,158.75,158.75,145.60000610351562,158.75,10000
ABCOTS,2024-01-29,166.64999389648438,166.64999389648438,166.64999389648438,166.64999389648438,2000
ABCOTS,2024-01-30,166.64999389648438,166.64999389648438,166.64999389648438,166.64999389648438,0
ABCOTS,2024-01-31,166.64999389648438,166.64999389648438,166.64999389648438,166.64999389648438,0
ABCOTS,2024-02-01,192.8000030517578,192.8000030517578,192.75,192.8000030517578,18000
ABCOTS,2024-02-02,192.8000030517578,192.8000030517578,192.8000030517578,192.8000030517578,0
ABCOTS,2024-02-05,212.5,212.5,212.0,212.0,8000
ABCOTS,2024-02-06,223.0,223.10000610351562,223.0,223.10000610351562,10000
ABCOTS,2024-02-07,234.14999389648438,234.14999389648438,234.14999389648438,234.14999389648438,4000
ABCOTS,2024-02-08,245.85000610351562,245.85000610351562,245.85000610351562,245.85000610351562,12000
ABCOTS,2024-02-09,258.1000061035156,258.1000061035156,257.0,258.1000061035156,30000
ABCOTS,2024-02-12,271.0,271.0,271.0,271.0,10000
ABCOTS,2024-02-13,284.54998779296875,284.54998779296875,280.0,284.54998779296875,24000
ABCOTS,2024-02-14,284.54998779296875,284.54998779296875,284.54998779296875,284.54998779296875,0
ABCOTS,2024-02-15,284.54998779296875,284.54998779296875,284.54998779296875,284.54998779296875,0
ABCOTS,2024-02-16,329.29998779296875,329.29998779296875,329.29998779296875,329.29998779296875,6000
ABCOTS,2024-02-19,345.75,345.75,345.75,345.75,4000
ABCOTS,2024-02-20,345.75,345.75,345.75,345.75,0
ABCOTS,2024-02-21,361.5,381.1499938964844,344.8500061035156,381.1499938964844,36000
ABCOTS,2024-02-22,361.5,361.5,361.5,361.5,0
ABCOTS,2024-02-23,385.3500061035156,386.0,350.3500061035156,350.5,20000
ABCOTS,2024-02-26,366.1000061035156,367.25,366.1000061035156,366.1000061035156,12000
ABCOTS,2024-02-27,366.1000061035156,366.1000061035156,366.1000061035156,366.1000061035156,0
ABCOTS,2024-02-28,330.45001220703125,360.0,330.45001220703125,359.95001220703125,14000
ABCOTS,2024-02-29,326.0,326.0,313.95001220703125,313.95001220703125,10000
ABCOTS,2024-03-01,311.1000061035156,321.5,310.6000061035156,310.6000061035156,12000
ABCOTS,2024-03-04,323.0,323.0,295.54998779296875,305.0,20000
ABCOTS,2024-03-05,306.8500061035156,311.0,306.8500061035156,306.8500061035156,8000
ABCOTS,2024-03-06,300.0,300.0,291.5,291.5,6000
ABCOTS,2024-03-07,300.0,300.0,300.0,300.0,0
ABCOTS,2024-03-11,285.0,305.0,285.0,305.0,22000
ABCOTS,2024-03-12,270.75,270.75,270.75,270.75,4000
ABCOTS,2024-03-13,270.75,270.75,270.75,270.75,0
ABCOTS,2024-03-14,270.75,270.75,270.75,270.75,0
ABCOTS,2024-03-18,257.25,257.25,257.25,257.25,2000
ABCOTS,2024-03-19,257.25,257.25,257.25,257.25,0
ABCOTS,2024-03-20,257.25,257.25,257.25,257.25,0
ABCOTS,2024-03-21,257.25,257.25,257.25,257.25,0
ABCOTS,2024-03-22,244.39999389648438,244.39999389648438,244.39999389648438,244.39999389648438,6000
ABCOTS,2024-03-26,244.39999389648438,244.39999389648438,244.39999389648438,244.39999389648438,0
ABCOTS,2024-03-27,244.39999389648438,244.39999389648438,244.39999389648438,244.39999389648438,0
ABCOTS,2024-03-28,244.39999389648438,244.39999389648438,244.39999389648438,244.39999389648438,0
ABCOTS,2024-04-01,232.1999969482422,232.1999969482422,232.1999969482422,232.1999969482422,4000
ABCOTS,2024-04-02,232.1999969482422,232.1999969482422,232.1999969482422,232.1999969482422,0
ABCOTS,2024-04-03,220.60000610351562,221.0,220.60000610351562,221.0,6000
ABCOTS,2024-04-04,220.60000610351562,220.60000610351562,220.60000610351562,220.60000610351562,0
ABCOTS,2024-04-05,220.60000610351562,220.60000610351562,220.60000610351562,220.60000610351562,0
ABCOTS,2024-04-08,220.60000610351562,220.60000610351562,220.60000610351562,220.60000610351562,0
ABCOTS,2024-04-09,220.60000610351562,220.60000610351562,220.60000610351562,220.60000610351562,0
ABCOTS,2024-04-10,220.60000610351562,220.60000610351562,220.60000610351562,220.60000610351562,0
ABCOTS,2024-04-12,220.60000610351562,220.60000610351562,220.60000610351562,220.60000610351562,0
ABCOTS,2024-04-15,220.60000610351562,220.60000610351562,220.60000610351562,220.60000610351562,0
ABCOTS,2024-04-16,220.60000610351562,220.60000610351562,220.60000610351562,220.60000610351562,0
ABCOTS,2024-04-18,212.0,212.0,210.60000610351562,210.60000610351562,4000
ABCOTS,2024-04-19,222.0,222.60000610351562,222.0,222.60000610351562,4000
ABCOTS,2024-04-22,222.0,222.0,222.0,222.0,0
ABCOTS,2024-04-23,222.0,222.0,222.0,222.0,0
ABCOTS,2024-04-24,222.0,222.0,222.0,222.0,0
ABCOTS,2024-04-25,222.0,222.0,222.0,222.0,0
ABCOTS,2024-04-26,222.0,222.0,222.0,222.0,0
ABCOTS,2024-04-29,222.0,222.0,222.0,222.0,0
ABCOTS,2024-04-30,244.75,244.75,244.75,244.75,500
ABCOTS,2024-05-02,256.95001220703125,256.95001220703125,256.95001220703125,256.95001220703125,1000
ABCOTS,2024-05-03,269.75,269.75,269.75,269.75,2000
ABCOTS,2024-05-06,283.20001220703125,283.20001220703125,283.0,283.20001220703125,2500
ABCOTS,2024-05-07,297.3500061035156,297.3500061035156,297.3500061035156,297.3500061035156,3500
ABCOTS,2024-05-08,312.20001220703125,312.20001220703125,312.20001220703125,312.20001220703125,2500
ABCOTS,2024-05-09,302.0,327.79998779296875,302.0,312.20001220703125,6000
ABCOTS,2024-05-10,287.0,287.0,286.8999938964844,286.8999938964844,1500
ABCOTS,2024-05-13,276.0,276.0,276.0,276.0,500
ABCOTS,2024-05-14,270.0,276.0,262.25,264.5,2000
ABCOTS,2024-05-15,257.45001220703125,270.0,256.5,270.0,4000
ABCOTS,2024-05-16,255.0,260.0,244.60000610351562,245.0,3000
ABCOTS,2024-05-17,252.0500030517578,255.0,245.0,245.10000610351562,3500
ABCOTS,2024-05-21,232.0,241.0,232.0,235.0,2000
ABCOTS,2024-05-22,220.5,223.0,220.5,223.0,1500
ABCOTS,2024-05-23,221.0500030517578,221.0500030517578,210.10000610351562,210.10000610351562,1000
ABCOTS,2024-05-24,225.0,225.0,210.10000610351562,225.0,1500
ABCOTS,2024-05-27,225.0,225.0,225.0,225.0,0
ABCOTS,2024-05-28,236.25,236.25,236.25,236.25,500
ABCOTS,2024-05-29,248.0500030517578,248.0500030517578,248.0500030517578,248.0500030517578,1000
ABCOTS,2024-05-30,260.45001220703125,260.45001220703125,259.0,259.0,4000
ABCOTS,2024-05-31,273.45001220703125,273.45001220703125,265.0,265.0,4000
ABCOTS,2024-06-03,287.1000061035156,287.1000061035156,287.1000061035156,287.1000061035156,1500
ABCOTS,2024-06-04,272.75,301.45001220703125,272.75,301.45001220703125,7000
ABCOTS,2024-06-05,259.20001220703125,259.20001220703125,259.1499938964844,259.1499938964844,2000
ABCOTS,2024-06-06,246.25,246.5,246.25,246.5,2500
ABCOTS,2024-06-07,254.89999389648438,254.89999389648438,246.0500030517578,246.25,2500
ABCOTS,2024-06-10,247.0,254.89999389648438,247.0,254.89999389648438,2000
ABCOTS,2024-06-11,247.0,247.0,247.0,247.0,0
ABCOTS,2024-06-12,249.0,249.0,247.0,247.0,1500
ABCOTS,2024-06-13,261.0,261.0,261.0,261.0,500
ABCOTS,2024-06-14,253.6999969482422,261.6000061035156,247.9499969482422,261.6000061035156,2500
ABCOTS,2024-06-18,247.0500030517578,247.10000610351562,247.0,247.10000610351562,4000
ABCOTS,2024-06-19,247.0500030517578,247.0500030517578,247.0500030517578,247.0500030517578,0
ABCOTS,2024-06-20,250.0,250.0,250.0,250.0,500
ABCOTS,2024-06-21,262.5,262.5,262.5,262.5,1000
ABCOTS,2024-06-24,273.0,273.0,262.5,262.5,1500
ABCOTS,2024-06-25,259.3500061035156,260.0,259.3500061035156,260.0,1000
ABCOTS,2024-06-26,259.3500061035156,259.3500061035156,259.3500061035156,259.3500061035156,0
ABCOTS,2024-06-27,259.3500061035156,259.3500061035156,259.3500061035156,259.3500061035156,500
ABCOTS,2024-06-28,259.0,259.0,247.0,247.0,1000
ABCOTS,2024-07-01,259.0,259.0,259.0,259.0,500
ABCOTS,2024-07-02,271.8500061035156,271.8999938964844,260.5,260.5,2000
ABCOTS,2024-07-03,258.25,276.0,258.25,276.0,2500
ABCOTS,2024-07-04,246.0,258.25,246.0,258.25,1000
ABCOTS,2024-07-05,247.10000610351562,258.29998779296875,247.0,258.29998779296875,1500
ABCOTS,2024-07-08,236.10000610351562,236.10000610351562,236.10000610351562,236.10000610351562,500
ABCOTS,2024-07-09,236.10000610351562,236.10000610351562,236.10000610351562,236.10000610351562,500
ABCOTS,2024-07-10,236.14999389648438,236.14999389648438,236.14999389648438,236.14999389648438,500
ABCOTS,2024-07-11,228.0,228.0,225.10000610351562,225.10000610351562,1000
ABCOTS,2024-07-12,228.0,228.0,228.0,228.0,0
ABCOTS,2024-07-15,217.0,217.0,217.0,217.0,500
ABCOTS,2024-07-16,217.0,217.0,217.0,217.0,0
ABCOTS,2024-07-18,220.0,220.0,220.0,220.0,2000
ABCOTS,2024-07-19,230.0,230.0,209.10000610351562,209.10000610351562,1000
ABCOTS,2024-07-22,218.75,218.75,218.75,218.75,500
ABCOTS,2024-07-23,229.64999389648438,229.64999389648438,218.75,218.75,1000
ABCOTS,2024-07-24,239.6999969482422,241.0500030517578,218.1999969482422,241.0500030517578,5000
ABCOTS,2024-07-25,227.75,250.8000030517578,227.75,250.8000030517578,2000
ABCOTS,2024-07-26,227.75,227.75,227.75,227.75,0
ABCOTS,2024-07-29,217.0,227.75,217.0,227.75,1500
ABCOTS,2024-07-30,220.0,220.0,217.0,217.0,1000
ABCOTS,2024-07-31,220.0,220.0,220.0,220.0,0
ABCOTS,2024-08-01,220.0,220.0,220.0,220.0,0
ABCOTS,2024-08-02,220.0,220.0,220.0,220.0,0
ABCOTS,2024-08-05,210.0,210.0,210.0,210.0,500
ABCOTS,2024-08-06,210.0,210.0,210.0,210.0,0
ABCOTS,2024-08-07,220.5,220.5,220.5,220.5,1500
ABCOTS,2024-08-08,231.5,231.5,231.5,231.5,1500
ABCOTS,2024-08-09,243.0500030517578,243.0500030517578,242.9499969482422,243.0,2000
ABCOTS,2024-08-12,254.39999389648438,254.6999969482422,251.5,251.5,1500
ABCOTS,2024-08-13,241.6999969482422,241.6999969482422,241.6999969482422,241.6999969482422,500
ABCOTS,2024-08-14,229.64999389648438,229.89999389648438,229.64999389648438,229.89999389648438,1000
ABCOTS,2024-08-16,229.64999389648438,229.64999389648438,229.64999389648438,229.64999389648438,0
ABCOTS,2024-08-19,229.64999389648438,229.64999389648438,229.64999389648438,229.64999389648438,0
ABCOTS,2024-08-20,218.1999969482422,218.1999969482422,218.1999969482422,218.1999969482422,1500
ABCOTS,2024-08-21,229.10000610351562,229.10000610351562,218.0,220.0,1500
ABCOTS,2024-08-22,217.64999389648438,220.0,217.64999389648438,220.0,6500
ABCOTS,2024-08-23,228.0,228.0,228.0,228.0,2000
ABCOTS,2024-08-26,217.0,217.0,217.0,217.0,1000
ABCOTS,2024-08-27,227.0,227.85000610351562,227.0,227.0,2500
ABCOTS,2024-08-28,227.0,227.0,227.0,227.0,0
ABCOTS,2024-08-29,227.0,227.0,227.0,227.0,0
ABCOTS,2024-08-30,237.0,237.0,237.0,237.0,500
ABCOTS,2024-09-02,237.0,237.0,237.0,237.0,0
ABCOTS,2024-09-03,248.85000610351562,248.85000610351562,225.14999389648438,225.14999389648438,3000
ABCOTS,2024-09-04,248.8000030517578,248.8000030517578,236.39999389648438,236.39999389648438,1000
ABCOTS,2024-09-05,248.8000030517578,248.8000030517578,248.8000030517578,248.8000030517578,0
ABCOTS,2024-09-06,236.39999389648438,260.0,236.39999389648438,237.10000610351562,3500
ABCOTS,2024-09-09,225.0,225.0,225.0,225.0,500
ABCOTS,2024-09-10,236.25,236.25,213.75,213.75,6000
ABCOTS,2024-09-11,248.0500030517578,248.0500030517578,247.9499969482422,247.9499969482422,5000
ABCOTS,2024-09-12,260.45001220703125,260.45001220703125,260.45001220703125,260.45001220703125,2500
ABCOTS,2024-09-13,273.45001220703125,273.45001220703125,273.45001220703125,273.45001220703125,1000
ABCOTS,2024-09-16,287.1000061035156,287.1000061035156,287.1000061035156,287.1000061035156,3500
ABCOTS,2024-09-17,301.45001220703125,301.45001220703125,300.1499938964844,301.45001220703125,10000
ABCOTS,2024-09-18,316.5,316.5,316.5,316.5,1500
ABCOTS,2024-09-19,332.29998779296875,332.29998779296875,332.29998779296875,332.29998779296875,3000
ABCOTS,2024-09-20,348.8999938964844,348.8999938964844,348.8500061035156,348.8999938964844,12500
ABCOTS,2024-09-23,366.29998779296875,366.29998779296875,348.8999938964844,348.8999938964844,8000
ABCOTS,2024-09-24,384.6000061035156,384.6000061035156,361.0,384.6000061035156,12000
ABCOTS,2024-09-25,385.0,401.8999938964844,367.0,401.8999938964844,4000
ABCOTS,2024-09-26,390.0,396.0,385.0,396.0,4500
ABCOTS,2024-09-27,409.5,409.5,370.5,370.70001220703125,12500
ABCOTS,2024-09-30,429.45001220703125,429.95001220703125,409.0,410.0,15000
ABCOTS,2024-10-01,450.8999938964844,450.8999938964844,449.5,449.79998779296875,31500
ABCOTS,2024-10-03,468.54998779296875,473.3999938964844,462.0,462.0,32500
ABCOTS,2024-10-04,491.45001220703125,491.95001220703125,480.0,488.0,17000
ABCOTS,2024-10-07,496.5,516.0,467.0,509.0,18500
ABCOTS,2024-10-08,471.70001220703125,471.70001220703125,471.70001220703125,471.70001220703125,500
ABCOTS,2024-10-09,471.70001220703125,471.70001220703125,471.70001220703125,471.70001220703125,0
ABCOTS,2024-10-10,448.1499938964844,448.5,448.1499938964844,448.1499938964844,8000
ABCOTS,2024-10-11,425.75,425.75,425.75,425.75,4000
ABCOTS,2024-10-14,404.5,404.5,404.5,404.5,500
ABCOTS,2024-10-15,384.29998779296875,384.29998779296875,384.29998779296875,384.29998779296875,1500
ABCOTS,2024-10-16,365.1000061035156,365.1000061035156,365.1000061035156,365.1000061035156,1500
ABCOTS,2024-10-17,346.8500061035156,346.8500061035156,346.8500061035156,346.8500061035156,500
ABCOTS,2024-10-18,329.5,329.54998779296875,329.5,329.5,9000
ABCOTS,2024-10-21,345.95001220703125,345.95001220703125,313.04998779296875,313.04998779296875,6500
ABCOTS,2024-10-22,363.20001220703125,363.20001220703125,346.1000061035156,346.1000061035156,3000
ABCOTS,2024-10-23,381.3500061035156,381.3500061035156,363.20001220703125,363.20001220703125,5500
ABCOTS,2024-10-24,400.3999938964844,400.3999938964844,400.3999938964844,400.3999938964844,2500
ABCOTS,2024-10-25,380.3999938964844,380.3999938964844,380.3999938964844,380.3999938964844,2500
ABCOTS,2024-10-28,376.0,380.3999938964844,376.0,376.0,4500
ABCOTS,2024-10-29,373.0,373.0,373.0,373.0,1000
ABCOTS,2024-10-30,373.0,373.0,373.0,373.0,500
ABCOTS,2024-10-31,377.0,380.45001220703125,377.0,377.0,2000
ABCOTS,2024-11-01,377.0,377.0,377.0,377.0,0
ABCOTS,2024-11-04,369.5,369.5,369.5,369.5,500
ABCOTS,2024-11-05,362.20001220703125,365.0,362.20001220703125,362.20001220703125,1500
ABCOTS,2024-11-06,354.95001220703125,354.95001220703125,354.95001220703125,354.95001220703125,1500
ABCOTS,2024-11-07,347.8500061035156,347.8500061035156,347.8500061035156,347.8500061035156,1000
ABCOTS,2024-11-08,340.95001220703125,341.0,340.95001220703125,340.8999938964844,1000
ABCOTS,2024-11-11,340.95001220703125,340.95001220703125,340.95001220703125,340.95001220703125,0
ABCOTS,2024-11-12,340.95001220703125,340.95001220703125,340.95001220703125,340.95001220703125,0
ABCOTS,2024-11-13,340.95001220703125,340.95001220703125,340.95001220703125,340.95001220703125,0
ABCOTS,2024-11-14,340.95001220703125,340.95001220703125,340.95001220703125,340.95001220703125,0
ABCOTS,2024-11-18,340.95001220703125,340.95001220703125,340.95001220703125,340.95001220703125,0
ABCOTS,2024-11-19,340.95001220703125,340.95001220703125,340.95001220703125,340.95001220703125,0
ABCOTS,2024-11-21,354.04998779296875,354.04998779296875,354.0,354.04998779296875,1000
ABCOTS,2024-11-22,358.0,358.0,358.0,358.0,500
ABCOTS,2024-11-25,358.0,358.0,358.0,358.0,0
ABCOTS,2024-11-26,358.0,358.0,358.0,358.0,0
ABCOTS,2024-11-27,379.8500061035156,379.8500061035156,379.8500061035156,379.8500061035156,19000
ABCOTS,2024-11-28,387.3999938964844,387.3999938964844,387.3999938964844,387.3999938964844,26000
ABCOTS,2024-11-29,395.1000061035156,395.1000061035156,395.1000061035156,395.1000061035156,27000
ABCOTS,2024-12-02,414.8500061035156,414.8500061035156,414.79998779296875,414.79998779296875,27500
ABCOTS,2024-12-03,428.5,435.54998779296875,422.0,435.54998779296875,88000
ABCOTS,2024-12-04,428.6499938964844,444.0,422.0,434.70001220703125,50000
ABCOTS,2024-12-05,430.20001220703125,448.0,430.0,448.0,22000
ABCOTS,2024-12-06,431.45001220703125,440.0,426.1499938964844,432.29998779296875,24000
ABCOTS,2024-12-09,433.0,440.1000061035156,430.0,440.1000061035156,16000
ABCOTS,2024-12-10,438.6499938964844,441.54998779296875,425.0,433.0,68000
ABCOTS,2024-12-11,435.04998779296875,438.6499938964844,430.0,438.6499938964844,35000
ABCOTS,2024-12-12,435.04998779296875,439.5,432.0,439.5,17500
ABCOTS,2024-12-13,436.3500061035156,439.0,434.0,438.0,26000
ABCOTS,2024-12-16,436.5,445.0,435.0,445.0,18000
ABCOTS,2024-12-17,437.25,443.5,435.5,436.5,32000
ABCOTS,2024-12-18,441.1000061035156,445.0,438.0,440.0,72500
ABCOTS,2024-12-19,435.04998779296875,436.75,430.1000061035156,430.1000061035156,32500
ABCOTS,2024-12-20,438.0,438.0,436.0,438.0,56000
ABCOTS,2024-12-23,443.45001220703125,444.70001220703125,438.0,441.0,8500
ABCOTS,2024-12-24,439.3500061035156,448.8999938964844,436.20001220703125,436.20001220703125,36500
ABCOTS,2024-12-26,441.25,444.0,439.5,439.5,34500
ABCOTS,2024-12-27,441.79998779296875,442.1000061035156,433.0,434.3999938964844,18500
ABCOTS,2024-12-30,440.8500061035156,447.54998779296875,438.20001220703125,447.54998779296875,54000
ABCOTS,2024-12-31,443.20001220703125,443.20001220703125,439.0,440.8500061035156,2000
ABCOTS,2025-01-01,445.95001220703125,450.0,440.6000061035156,442.0,17500
ABCOTS,2025-01-02,451.70001220703125,458.20001220703125,443.0,445.0,15000
ABCOTS,2025-01-03,474.25,474.25,454.04998779296875,455.0,27000
ABCOTS,2025-01-06,478.70001220703125,495.0,475.0,489.0,26500
ABCOTS,2025-01-07,478.95001220703125,484.95001220703125,473.0,480.04998779296875,28500
ABCOTS,2025-01-08,480.25,489.0,474.25,484.3999938964844,15500
ABCOTS,2025-01-09,480.3999938964844,481.04998779296875,479.0,480.25,22500
ABCOTS,2025-01-10,479.6499938964844,480.5,474.5,480.3999938964844,19000
ABCOTS,2025-01-13,475.29998779296875,479.45001220703125,472.04998779296875,475.5,7500
ABCOTS,2025-01-14,477.75,480.0,474.5,480.0,8000
ABCOTS,2025-01-15,478.5,484.0,474.20001220703125,474.20001220703125,11500
ABCOTS,2025-01-16,478.45001220703125,478.8999938964844,474.20001220703125,474.20001220703125,19500
ABCOTS,2025-01-17,480.25,484.75,474.1000061035156,484.75,9500
ABCOTS,2025-01-20,482.1499938964844,485.04998779296875,475.0,475.1499938964844,6000
ABCOTS,2025-01-21,483.8999938964844,483.8999938964844,475.04998779296875,475.04998779296875,3500
ABCOTS,2025-01-22,483.0,484.70001220703125,474.0,484.70001220703125,10000
ABCOTS,2025-01-23,477.79998779296875,483.04998779296875,474.0,481.0,11000
ABCOTS,2025-01-24,477.25,481.54998779296875,453.95001220703125,481.54998779296875,35500
ABCOTS,2025-01-27,477.25,477.25,477.25,477.25,0
ABCOTS,2025-01-28,477.25,477.25,477.25,477.25,0
ABCOTS,2025-01-29,480.5,480.75,448.8500061035156,457.0,25500
ABCOTS,2025-01-30,483.8999938964844,494.45001220703125,473.0,489.8999938964844,9000
ABCOTS,2025-01-31,481.8999938964844,481.8999938964844,470.0,473.0,6500
ABCOTS,2025-02-01,493.6499938964844,505.5,470.0,500.0,29500
ABCOTS,2025-02-03,480.75,489.95001220703125,472.5,489.95001220703125,11500
ABCOTS,2025-02-04,484.0,485.70001220703125,483.5,485.70001220703125,7500
ABCOTS,2025-02-05,465.6000061035156,497.0,459.79998779296875,497.0,23500
ABCOTS,2025-02-06,474.5,482.8999938964844,450.0,482.8999938964844,19000
ABCOTS,2025-02-07,474.95001220703125,479.3999938964844,461.1499938964844,479.0,17500
ABCOTS,2025-02-10,472.8500061035156,494.0,470.0,494.0,7500
ABCOTS,2025-02-11,478.1000061035156,488.0,461.5,488.0,4000
ABCOTS,2025-02-12,476.95001220703125,488.0,461.0,488.0,1500
ABCOTS,2025-02-13,482.0,487.0,480.0,487.0,12500
ABCOTS,2025-02-14,479.5,480.0,479.5,480.0,3500
ABCOTS,2025-02-17,479.5,479.5,479.5,479.5,0
ABCOTS,2025-02-18,469.0,476.0,469.0,476.0,2500
ABCOTS,2025-02-19,469.0,469.0,469.0,469.0,0
ABCOTS,2025-02-20,472.95001220703125,473.0,465.0,465.0,10000
ABCOTS,2025-02-21,465.0,479.95001220703125,452.0,470.0,16500
ABCOTS,2025-02-24,474.75,474.75,452.0,452.1499938964844,20000
ABCOTS,2025-02-25,477.5,479.45001220703125,465.0,477.1000061035156,20000
ABCOTS,2025-02-27,484.75,498.0,484.75,498.0,1500
ABCOTS,2025-02-28,475.1499938964844,480.0,460.75,480.0,6000
ABCOTS,2025-03-03,474.0,474.0,453.0,453.0,2500
ABCOTS,2025-03-04,455.0,465.0,451.8500061035156,465.0,8000
ABCOTS,2025-03-05,449.79998779296875,465.0,434.79998779296875,465.0,24500
ABCOTS,2025-03-06,468.75,472.25,460.0,472.25,17500
ABCOTS,2025-03-07,473.75,473.75,460.0,468.95001220703125,11500
ABCOTS,2025-03-10,468.5,473.75,461.54998779296875,473.70001220703125,18500
ABCOTS,2025-03-11,471.75,471.75,451.1000061035156,455.3999938964844,14500
ABCOTS,2025-03-12,470.8999938964844,473.0,460.0,470.0,18500
ABCOTS,2025-03-13,465.20001220703125,465.20001220703125,462.6000061035156,462.6000061035156,16000
ABCOTS,2025-03-17,468.1000061035156,470.5,450.0,462.8999938964844,13000
ABCOTS,2025-03-18,468.1000061035156,468.1000061035156,468.1000061035156,468.1000061035156,0
ABCOTS,2025-03-19,464.0,466.5,444.20001220703125,444.20001220703125,14000
ABCOTS,2025-03-20,463.8999938964844,478.70001220703125,460.0,474.0,9500
ABCOTS,2025-03-21,466.3500061035156,474.0,450.0,474.0,11500
ABCOTS,2025-03-24,461.3500061035156,480.0,451.0,480.0,42000
ABCOTS,2025-03-25,465.54998779296875,469.0,451.1000061035156,452.0,30000
ABCOTS,2025-03-26,464.1499938964844,470.0,456.04998779296875,470.0,18000
ABCOTS,2025-03-27,466.1499938964844,467.3999938964844,460.0,466.95001220703125,42500
ABCOTS,2025-03-28,459.1499938964844,465.0,453.5,465.0,8000
ABCOTS,2025-04-01,464.5,466.8999938964844,462.5,466.0,11500
ABCOTS,2025-04-02,452.5,475.0,452.5,475.0,2000
ABCOTS,2025-04-03,464.8999938964844,464.8999938964844,464.8999938964844,464.8999938964844,500
ABCOTS,2025-04-04,456.54998779296875,460.25,444.3500061035156,455.95001220703125,12500
ABCOTS,2025-04-07,445.0,459.95001220703125,445.0,455.0,3000
ABCOTS,2025-04-08,454.20001220703125,464.5,445.1000061035156,450.0,6500
ABCOTS,2025-04-09,458.25,458.95001220703125,455.0,456.45001220703125,19500
ABCOTS,2025-04-11,465.29998779296875,466.5,454.0,465.0,20000
ABCOTS,2025-04-15,465.79998779296875,469.70001220703125,465.45001220703125,467.6000061035156,7000
ABCOTS,2025-04-16,456.1499938964844,468.0,456.1499938964844,468.0,17500
ABCOTS,2025-04-17,462.5,468.3500061035156,455.5,456.0,12500
ABCOTS,2025-04-21,461.8999938964844,465.0,450.0,465.0,21500
ABCOTS,2025-04-22,461.8999938964844,461.8999938964844,461.8999938964844,461.8999938964844,0
ABCOTS,2025-04-23,442.54998779296875,465.0,420.1000061035156,454.0,19000
ABCOTS,2025-04-24,443.75,464.0,437.6499938964844,464.0,33500
ABCOTS,2025-04-25,428.95001220703125,440.04998779296875,408.8500061035156,440.04998779296875,9000
ABCOTS,2025-04-28,442.79998779296875,447.0,411.0,425.95001220703125,18000
ABCOTS,2025-04-29,457.6499938964844,467.70001220703125,447.0,455.0,13000
ABCOTS,2025-04-30,457.8999938964844,475.0,450.0,475.0,3750
ABCOTS,2025-05-02,460.5,461.95001220703125,455.1000061035156,461.95001220703125,1750
ABCOTS,2025-05-05,448.70001220703125,453.0,435.20001220703125,441.0,8500
ABCOTS,2025-05-06,428.95001220703125,444.8999938964844,405.04998779296875,436.5,6500
ABCOTS,2025-05-07,448.0,448.0,429.8500061035156,431.8500061035156,10500
ABCOTS,2025-05-08,449.8500061035156,455.0,445.0,447.8999938964844,4500
ABCOTS,2025-05-09,446.3999938964844,463.0,444.8999938964844,463.0,750
ABCOTS,2025-05-12,451.5,459.0,440.0,447.8999938964844,15000
ABCOTS,2025-05-13,458.8999938964844,463.0,458.8999938964844,463.0,3500
ABCOTS,2025-05-14,450.0,451.0,430.3500061035156,430.3500061035156,2000
ABCOTS,2025-05-15,455.04998779296875,460.5,440.0,460.5,7250
ABCOTS,2025-05-16,449.8999938964844,449.8999938964844,449.8999938964844,449.8999938964844,2250
ABCOTS,2025-05-19,432.25,450.75,430.5,435.25,6500
ABCOTS,2025-05-20,440.0,448.95001220703125,434.5,448.95001220703125,3500
ABCOTS,2025-05-21,442.6499938964844,454.0,430.5,430.5,9500
ABCOTS,2025-05-22,443.75,443.75,443.75,443.75,5750
ABCOTS,2025-05-23,443.75,443.75,443.75,443.75,0
ABCOTS,2025-05-26,435.8999938964844,469.0,425.20001220703125,436.0,7250
ABCOTS,2025-05-27,425.95001220703125,425.95001220703125,423.0,423.0,500
ABCOTS,2025-05-28,426.0,448.8999938964844,425.1000061035156,448.8999938964844,1250
ABCOTS,2025-05-29,437.95001220703125,442.79998779296875,418.04998779296875,439.0,8250
ABCOTS,2025-05-30,437.04998779296875,459.5,425.20001220703125,459.5,10750
ABCOTS,2025-06-02,439.79998779296875,449.3999938964844,425.0,449.1000061035156,14750
ABCOTS,2025-06-03,439.79998779296875,439.79998779296875,439.79998779296875,439.79998779296875,0
ABCOTS,2025-06-04,447.75,451.5,447.75,451.5,6250
ABCOTS,2025-06-05,450.6499938964844,454.25,428.25,454.25,6000
ABCOTS,2025-06-06,446.79998779296875,446.79998779296875,428.0,428.0,18750
ABCOTS,2025-06-09,444.6000061035156,453.95001220703125,435.0,453.95001220703125,5250
ABCOTS,2025-06-10,451.79998779296875,451.79998779296875,438.0,438.0,11250
ABCOTS,2025-06-11,461.3500061035156,461.95001220703125,438.0,450.5,63000
ABCOTS,2025-06-12,449.8999938964844,455.0,435.0,455.0,7500
ABCOTS,2025-06-13,439.95001220703125,467.8999938964844,434.0,467.8999938964844,8250
ABCOTS,2025-06-16,439.95001220703125,439.95001220703125,439.95001220703125,439.95001220703125,0
ABCOTS,2025-06-17,444.1000061035156,449.75,434.0,449.75,4500
ABCOTS,2025-06-18,449.54998779296875,471.95001220703125,440.0,471.95001220703125,13250
ABCOTS,2025-06-19,448.75,448.75,434.95001220703125,440.0,7750
ABCOTS,2025-06-20,446.54998779296875,446.75,430.25,430.29998779296875,6000
ABCOTS,2025-06-23,428.54998779296875,446.54998779296875,420.0,446.54998779296875,11000
ABCOTS,2025-06-24,429.54998779296875,429.75,423.04998779296875,428.54998779296875,13500
ABCOTS,2025-06-25,434.0,454.70001220703125,420.0,454.70001220703125,4500
ABCOTS,2025-06-26,423.70001220703125,447.0,420.95001220703125,447.0,4750
ABCOTS,2025-06-27,422.95001220703125,422.95001220703125,410.04998779296875,414.5,1750
ABCOTS,2025-06-30,423.1499938964844,426.0,422.0,422.95001220703125,7250
ABCOTS,2025-07-01,425.8500061035156,432.5,415.1499938964844,415.1499938964844,14000
ABCOTS,2025-07-02,424.45001220703125,424.79998779296875,415.25,415.25,16250
ABCOTS,2025-07-03,429.8500061035156,432.0,429.8500061035156,430.5,3500
ABCOTS,2025-07-04,438.6499938964844,438.79998779296875,429.5,429.5,6500
ABCOTS,2025-07-07,434.20001220703125,434.54998779296875,422.5,424.0,2250
ABCOTS,2025-07-08,425.0,425.0,425.0,425.0,500
ABCOTS,2025-07-09,426.1000061035156,426.1000061035156,425.0,425.0,8000
ABCOTS,2025-07-10,427.8500061035156,428.5,418.0,418.20001220703125,26500
ABCOTS,2025-07-11,431.95001220703125,436.5,429.95001220703125,429.95001220703125,13500
ABCOTS,2025-07-14,430.1499938964844,434.0,423.0,432.0,13000
ABCOTS,2025-07-15,433.3999938964844,434.8999938964844,433.3999938964844,434.8999938964844,6500
ABCOTS,2025-07-16,434.0,434.0,434.0,434.0,250
ABCOTS,2025-07-17,441.6000061035156,459.0,440.0,449.5,7250
ABCOTS,2025-07-18,434.8999938964844,454.5,431.0,454.5,5250
ABCOTS,2025-07-21,421.5,455.0,421.3999938964844,455.0,7500
ABCOTS,2025-07-22,419.0,437.5,419.0,437.5,1500
ABCOTS,2025-07-23,411.70001220703125,417.0,399.75,416.20001220703125,9500
ABCOTS,2025-07-24,412.45001220703125,419.25,403.20001220703125,411.70001220703125,19250
ABCOTS,2025-07-25,409.8999938964844,427.0,402.04998779296875,427.0,2000
ABCOTS,2025-07-28,418.95001220703125,419.8999938964844,403.54998779296875,403.54998779296875,8000
ABCOTS,2025-07-29,416.8500061035156,418.0,410.0,418.0,4250
ABCOTS,2025-07-30,412.0,434.0,412.0,434.0,4750
ABCOTS,2025-07-31,414.25,415.0,403.45001220703125,415.0,51500
ABCOTS,2025-08-01,410.1499938964844,437.5,395.04998779296875,437.0,12250
ABCOTS,2025-08-04,422.8999938964844,427.8500061035156,417.5,417.5,750
ABCOTS,2025-08-05,414.3500061035156,448.0,407.5,448.0,2500
ABCOTS,2025-08-06,412.79998779296875,412.79998779296875,401.0,402.6499938964844,1000
ABCOTS,2025-08-07,416.75,425.0,390.1000061035156,417.5,4750
ABCOTS,2025-08-08,417.8500061035156,417.8999938964844,417.8500061035156,417.8999938964844,500
ABCOTS,2025-08-11,418.0,420.8500061035156,405.0,416.8500061035156,7250
ABCOTS,2025-08-12,415.79998779296875,417.79998779296875,405.20001220703125,417.5,5250
ABCOTS,2025-08-13,410.95001220703125,415.0,406.3999938964844,415.0,5250
ABCOTS,2025-08-14,418.0,430.0,414.0,430.0,3000
ABCOTS,2025-08-18,416.8500061035156,416.8500061035156,416.8500061035156,416.8500061035156,250
ABCOTS,2025-08-19,409.75,409.79998779296875,402.1499938964844,403.0,1250
ABCOTS,2025-08-20,414.6499938964844,425.0,411.0,425.0,12500
ABCOTS,2025-08-21,411.3999938964844,412.95001220703125,400.1000061035156,404.0,6500
ABCOTS,2025-08-22,412.79998779296875,412.8999938964844,407.29998779296875,407.29998779296875,3000
ABCOTS,2025-08-25,412.3999938964844,430.0,405.0,430.0,8000
ABCOTS,2025-08-26,411.79998779296875,415.0,401.1000061035156,405.0,4000
ABCOTS,2025-08-28,419.3999938964844,419.3999938964844,405.0,405.0,500
ABCOTS,2025-08-29,415.3500061035156,420.0,401.70001220703125,417.75,17250
ABCOTS,2025-09-01,392.20001220703125,402.1499938964844,370.1000061035156,402.1499938964844,17750
ABCOTS,2025-09-02,408.29998779296875,410.0,390.0,410.0,15000
ABCOTS,2025-09-03,407.45001220703125,408.0,398.04998779296875,405.0,5000
ABCOTS,2025-09-04,408.95001220703125,408.95001220703125,400.0,400.0,1500
ABCOTS,2025-09-05,411.95001220703125,418.5,404.0,415.5,3500
ABCOTS,2025-09-08,414.95001220703125,422.5,400.0,422.5,5000
ABCOTS,2025-09-09,414.1000061035156,416.95001220703125,405.1000061035156,413.95001220703125,6750
ABCOTS,2025-09-10,416.5,417.3999938964844,406.70001220703125,413.04998779296875,25500
ABCOTS,2025-09-11,424.0,425.0,407.20001220703125,425.0,13500
ABCOTS,2025-09-12,423.45001220703125,425.0,418.95001220703125,418.95001220703125,13000
ABCOTS,2025-09-15,433.25,458.70001220703125,421.04998779296875,422.5,5000
ABCOTS,2025-09-16,433.8500061035156,446.8999938964844,425.0,446.8999938964844,10750
ABCOTS,2025-09-17,435.04998779296875,437.8999938964844,422.04998779296875,437.5,4000
ABCOTS,2025-09-18,433.5,456.0,411.25,456.0,3750
ABCOTS,2025-09-19,434.25,438.8500061035156,423.0,434.25,7750
ABCOTS,2025-09-22,425.0,438.0,404.0,438.0,9500
ABCOTS,2025-09-23,456.5,464.95001220703125,425.0,425.0,65750
ABCOTS,2025-09-24,452.1000061035156,504.0,440.0,474.95001220703125,137783
ABCOTS,2025-09-25,443.70001220703125,473.0,440.0,458.0,25423
ABCOTS,2025-09-26,435.6499938964844,454.45001220703125,430.0,450.0,24506
ABCOTS,2025-09-29,444.1499938964844,451.8500061035156,435.95001220703125,451.8500061035156,32011
ABCOTS,2025-09-30,431.79998779296875,450.0,430.25,448.95001220703125,37276
ABCOTS,2025-10-01,439.0,450.0,427.0,447.79998779296875,68983
ABCOTS,2025-10-03,446.04998779296875,454.95001220703125,431.0,445.6000061035156,25714
ABCOTS,2025-10-06,437.20001220703125,455.0,435.04998779296875,455.0,16488
ABCOTS,2025-10-07,438.75,474.8999938964844,435.0,474.8999938964844,23130
ABCOTS,2025-10-08,429.0,449.5,426.29998779296875,445.3500061035156,20275
ABCOTS,2025-10-09,438.25,444.5,429.8500061035156,442.04998779296875,17580
ABCOTS,2025-10-10,438.79998779296875,447.0,430.5,443.20001220703125,17367
ABCOTS,2025-10-13,434.1000061035156,445.6000061035156,431.0,439.29998779296875,19864
ABCOTS,2025-10-14,391.79998779296875,459.79998779296875,387.3999938964844,454.04998779296875,38070
ABCOTS,2025-10-15,429.45001220703125,440.75,388.79998779296875,389.95001220703125,45586
ABCOTS,2025-10-16,428.3999938964844,451.8999938964844,411.29998779296875,434.79998779296875,26862
ABCOTS,2025-10-17,384.25,440.8999938964844,380.04998779296875,427.95001220703125,43326
ABCOTS,2025-10-20,404.25,408.95001220703125,384.25,387.0,19756
ABCOTS,2025-10-21,410.04998779296875,467.95001220703125,400.0,414.79998779296875,100967
ABCOTS,2025-10-23,411.95001220703125,437.0,408.5,414.0,68982
ABCOTS,2025-10-24,423.0,424.6000061035156,411.0,418.0,16121
ABCOTS,2025-10-27,420.8500061035156,444.0,416.29998779296875,428.0,21936
ABCOTS,2025-10-28,422.29998779296875,432.0,414.70001220703125,425.04998779296875,20201
ABCOTS,2025-10-29,411.1000061035156,436.8500061035156,406.29998779296875,415.95001220703125,44360
ABCOTS,2025-10-30,415.45001220703125,421.29998779296875,408.1499938964844,414.79998779296875,95733
ABCOTS,2025-10-31,416.0,419.0,405.6000061035156,419.0,22750
ABCOTS,2025-11-03,422.8500061035156,427.95001220703125,409.95001220703125,418.6000061035156,31571
ABCOTS,2025-11-04,422.5,446.0,413.04998779296875,420.25,26326
ABCOTS,2025-11-06,420.3999938964844,431.95001220703125,416.6000061035156,421.70001220703125,5224
ABCOTS,2025-11-07,419.6499938964844,429.0,416.3999938964844,416.8500061035156,7359
ABCOTS,2025-11-10,410.1499938964844,431.8999938964844,398.0,420.0,26506
ABCOTS,2025-11-11,418.8500061035156,429.0,410.1499938964844,410.1499938964844,12841
ABCOTS,2025-11-12,405.79998779296875,443.95001220703125,397.0,437.0,51555
ABCOTS,2025-11-13,410.29998779296875,430.0,404.1000061035156,423.95001220703125,35318
ABCOTS,2025-11-14,414.79998779296875,420.0,410.8999938964844,417.95001220703125,15865
ABCOTS,2025-11-17,412.8999938964844,424.75,407.04998779296875,418.04998779296875,23854
ABCOTS,2025-11-18,412.6499938964844,418.0,410.0,415.0,11388
ABCOTS,2025-11-19,416.3999938964844,417.75,410.8999938964844,417.0,6747
ABCOTS,2025-11-20,418.6000061035156,424.8999938964844,413.6499938964844,417.75,9866
ABCOTS,2025-11-21,410.8999938964844,431.0,405.3500061035156,420.95001220703125,51918
ABCOTS,2025-11-24,415.95001220703125,419.95001220703125,410.0,413.1499938964844,15474
ABCOTS,2025-11-25,408.79998779296875,420.6000061035156,407.0,418.8999938964844,9106
ABCOTS,2025-11-26,412.1499938964844,415.5,408.45001220703125,412.0,6575
ABCOTS,2025-11-27,421.54998779296875,423.95001220703125,412.1000061035156,414.8500061035156,14283
ABCOTS,2025-11-28,415.1499938964844,429.54998779296875,409.79998779296875,425.0,23602
ABCOTS,2025-12-01,418.70001220703125,424.8500061035156,410.1000061035156,419.79998779296875,23654
ABCOTS,2025-12-02,415.8999938964844,456.0,411.0,418.70001220703125,78004
ABCOTS,2025-12-03,419.0,421.0,411.5,421.0,7513
ABCOTS,2025-12-04,418.25,418.8999938964844,412.3500061035156,418.3999938964844,36081
ABCOTS,2025-12-05,409.8999938964844,422.0,407.3999938964844,411.04998779296875,27273
ABCOTS,2025-12-08,414.04998779296875,419.75,405.04998779296875,409.75,17924
ABCOTS,2025-12-09,415.8500061035156,417.95001220703125,410.75,412.54998779296875,7252
ABCOTS,2025-12-10,414.04998779296875,418.3999938964844,410.3999938964844,415.79998779296875,7867
ABCOTS,2025-12-11,414.8500061035156,417.8500061035156,411.75,417.8500061035156,1815
ABCOTS,2025-12-12,414.29998779296875,419.6499938964844,409.0,419.6499938964844,9187
ABCOTS,2025-12-15,411.8999938964844,418.95001220703125,410.29998779296875,416.5,6415
ABCOTS,2025-12-16,413.95001220703125,416.95001220703125,409.54998779296875,414.54998779296875,2870
ABCOTS,2025-12-17,414.75,416.95001220703125,410.04998779296875,413.1499938964844,3131
ABCOTS,2025-12-18,412.95001220703125,418.0,411.04998779296875,415.8500061035156,5007
ABCOTS,2025-12-19,412.3500061035156,417.25,407.6000061035156,417.25,9752
ABCOTS,2025-12-22,409.8500061035156,414.29998779296875,405.1000061035156,413.04998779296875,9750
ABCOTS,2025-12-23,413.0,413.95001220703125,409.54998779296875,410.04998779296875,1510
ABCOTS,2025-12-24,414.1499938964844,416.0,413.1000061035156,413.1000061035156,6944
ABCOTS,2025-12-26,410.5,416.95001220703125,408.79998779296875,415.04998779296875,10057
ABCOTS,2025-12-29,411.5,418.04998779296875,405.95001220703125,418.04998779296875,15618
ABCOTS,2025-12-30,412.1000061035156,414.3500061035156,407.04998779296875,412.1000061035156,8036
ABCOTS,2025-12-31,411.95001220703125,416.6499938964844,410.29998779296875,416.6499938964844,9719
ABCOTS,2026-01-01,411.70001220703125,414.0,409.1000061035156,411.70001220703125,9022
ABCOTS,2026-01-02,412.20001220703125,413.3999938964844,407.0,412.8999938964844,13172
ABCOTS,2026-01-05,410.0,412.1000061035156,408.3999938964844,411.3999938964844,9875
ABCOTS,2026-01-06,409.3500061035156,415.0,407.54998779296875,413.8500061035156,12321
ABCOTS,2026-01-07,410.29998779296875,412.8999938964844,407.1000061035156,412.8999938964844,8642
ABCOTS,2026-01-08,411.3999938964844,413.0,407.1000061035156,413.0,50483
ABCOTS,2026-01-09,409.3500061035156,412.1000061035156,405.8500061035156,411.20001220703125,9840
ABCOTS,2026-01-12,409.1000061035156,417.0,404.0,414.1000061035156,14591
ABCOTS,2026-01-13,409.1499938964844,414.0,406.20001220703125,413.5,28995
ABCOTS,2026-01-14,412.20001220703125,412.5,405.1000061035156,406.95001220703125,3246
ABCOTS,2026-01-16,414.70001220703125,414.95001220703125,408.6499938964844,412.95001220703125,9254
ABCOTS,2026-01-19,413.79998779296875,414.79998779296875,410.1000061035156,414.54998779296875,3542
ABCOTS,2026-01-20,409.1499938964844,414.95001220703125,404.20001220703125,414.95001220703125,6976
ABCOTS,2026-01-21,405.6000061035156,418.0,401.25,418.0,5242
ABCOTS,2026-01-22,407.79998779296875,416.8999938964844,404.5,416.8999938964844,7825
ABCOTS,2026-01-23,408.6000061035156,414.0,395.6000061035156,414.0,19539
ABCOTS,2026-01-27,409.3999938964844,420.0,405.0,420.0,6952
ABCOTS,2026-01-28,411.54998779296875,411.95001220703125,405.04998779296875,407.25,2274
ABCOTS,2026-01-29,415.75,422.04998779296875,410.79998779296875,415.0,4047
ABCOTS,2026-01-30,421.95001220703125,432.79998779296875,415.04998779296875,432.79998779296875,2778
ABCOTS,2026-02-02,412.54998779296875,430.0,408.1000061035156,430.0,6457
ABCOTS,2026-02-03,420.70001220703125,448.95001220703125,414.0,418.04998779296875,36135
ABCOTS,2026-02-04,415.20001220703125,422.6000061035156,412.75,417.0,4076
ABCOTS,2026-02-05,424.25,427.6000061035156,411.1000061035156,427.0,19776
ABCOTS,2026-02-06,427.75,435.0,416.0,424.0,24968
ABCOTS,2026-02-09,438.25,440.0,420.0,430.79998779296875,15024
ABCOTS,2026-02-10,437.20001220703125,451.0,426.04998779296875,439.8999938964844,38182
ABCOTS,2026-02-11,437.8999938964844,455.0,428.0,443.3500061035156,39625
ABCOTS,2026-02-12,431.54998779296875,441.70001220703125,426.95001220703125,426.95001220703125,10063
ABCOTS,2026-02-13,429.20001220703125,435.0,425.04998779296875,435.0,7668
ABCOTS,2026-02-16,430.95001220703125,434.8999938964844,426.0,426.5,2521
ABCOTS,2026-02-17,419.3500061035156,446.79998779296875,413.0,430.79998779296875,60849
ABCOTS,2026-02-18,419.6000061035156,425.0,415.0,419.3500061035156,7760
ABCOTS,2026-02-19,410.29998779296875,422.79998779296875,409.95001220703125,422.04998779296875,2228
ABCOTS,2026-02-20,419.1499938964844,421.70001220703125,409.8999938964844,409.8999938964844,3978
ABCOTS,2026-02-23,425.0,437.0,421.04998779296875,437.0,19107
ABCOTS,2026-02-24,413.75,432.20001220703125,410.6000061035156,432.20001220703125,8052
ABCOTS,2026-02-25,416.1000061035156,423.70001220703125,413.5,423.6499938964844,19317
ABCOTS,2026-02-26,410.25,428.5,405.29998779296875,416.1000061035156,20649
ABCOTS,2026-02-27,409.04998779296875,415.8999938964844,402.1000061035156,413.95001220703125,47095
ABCOTS,2026-03-02,410.1499938964844,411.0,395.79998779296875,409.8999938964844,4774
ABCOTS,2026-03-04,388.3500061035156,431.95001220703125,378.0,431.95001220703125,15101
ABCOTS,2026-03-05,408.25,415.1499938964844,396.04998779296875,403.6000061035156,35264
ABCOTS,2026-03-06,410.3999938964844,414.0,404.0,405.0,27757
ABCOTS,2026-03-09,414.04998779296875,435.0,398.0,435.0,9957
ABCOTS,2026-03-10,395.45001220703125,419.95001220703125,392.0,419.0,14189
ABCOTS,2026-03-11,401.95001220703125,409.6499938964844,393.04998779296875,396.0,24244
ABCOTS,2026-03-12,405.20001220703125,410.20001220703125,395.8999938964844,395.8999938964844,13294
ABCOTS,2026-03-13,405.95001220703125,412.3999938964844,395.3999938964844,408.95001220703125,42720
ABCOTS,2026-03-16,399.54998779296875,409.79998779296875,335.0,409.79998779296875,44129
ABCOTS,2026-03-17,405.6499938964844,410.0,390.0,395.1000061035156,34808
ABCOTS,2026-03-18,402.3999938964844,411.8999938964844,395.5,409.79998779296875,15855
