Symbol,Date,Close,High,Low,Open,Volume
,,BBOX.NS,BBOX.NS,BBOX.NS,BBOX.NS,BBOX.NS
BBOX,2002-07-01,12.781256675720215,13.344782949030483,12.661357760577111,13.180920742595509,437390
BBOX,2002-07-02,13.009063720703125,13.108979727044312,12.793244781102818,13.108979727044312,296950
BBOX,2002-07-03,13.001070022583008,13.188912598985123,12.94911479793338,12.997074053224281,316740
BBOX,2002-07-04,12.97309398651123,13.348779148675844,12.949115120566953,13.148947134621398,275740
BBOX,2002-07-05,13.440701484680176,13.54061749016481,12.797242165423574,13.029046505357353,871640
BBOX,2002-07-08,14.65168571472168,14.779578103616554,13.74844552757693,13.77242439762126,2545920
BBOX,2002-07-09,13.94028091430664,14.743604893131614,13.82837395623659,14.743604893131614,1015710
BBOX,2002-07-10,14.08016300201416,14.539777227030758,13.916300817586865,14.02021431479279,744110
BBOX,2002-07-11,13.560603141784668,14.06817673573453,13.432710750745063,13.988243610185387,561950
BBOX,2002-07-12,13.60456371307373,13.908307699825835,13.428710567156546,13.66850989578982,600400
BBOX,2002-07-15,13.204901695251465,13.700484305411242,12.949116925543517,13.700484305411242,277910
BBOX,2002-07-16,13.116973876953125,13.572590645777144,12.965101112479338,13.260853177549624,356790
BBOX,2002-07-17,12.969099044799805,13.248864191565701,12.869183029854655,13.108980855884054,241900
BBOX,2002-07-18,13.252860069274902,13.424715735754495,13.029047648497501,13.396739373731991,269320
BBOX,2002-07-19,13.116973876953125,13.324799363970586,12.889165492541116,13.108980413075837,387370
BBOX,2002-07-22,11.806076049804688,12.86918233002518,11.430391640597108,12.86918233002518,608480
BBOX,2002-07-23,11.762114524841309,11.854037084419705,11.038722720982856,11.478352618896501,823480
BBOX,2002-07-24,11.438385963439941,11.630224533159588,11.150627346561757,11.510324855360773,701520
BBOX,2002-07-25,11.318486213684082,12.309652913232979,11.190593834684057,11.814069563458531,646390
BBOX,2002-07-26,10.543137550354004,11.17460673364179,10.399259007349583,11.17460673364179,294640
BBOX,2002-07-29,10.315327644348145,10.766948392014301,9.711834911831417,10.687015286957,555440
BBOX,2002-07-30,9.651885986328125,10.938804626037626,9.432071078977046,10.938804626037626,758220
BBOX,2002-07-31,9.97961139678955,10.291349640922704,9.208260394130917,9.432072056373364,719650
BBOX,2002-08-01,9.607925415039062,10.503172915495982,9.432072996037181,10.43123325489072,416750
BBOX,2002-08-02,9.180281639099121,9.352137277950499,8.912506733462955,9.272204936779126,737270
BBOX,2002-08-05,9.655882835388184,9.791768665609098,9.240232643529048,9.448057358309297,357760
BBOX,2002-08-06,9.747804641723633,9.911666819490065,9.23223848205082,9.23223848205082,347870
BBOX,2002-08-07,10.251382827758789,10.391265399051917,9.951634787401522,9.991601345242227,682400
BBOX,2002-08-08,9.847723007202148,10.615078096224313,9.751803716361723,10.391266417596654,768000
BBOX,2002-08-09,9.887688636779785,10.06753776658669,9.6558835151946,9.83173591297261,599480
BBOX,2002-08-12,10.071535110473633,10.191434029429782,9.791769949844301,9.91166886880045,213040
BBOX,2002-08-13,9.943641662597656,10.231400279028582,9.87170277078864,10.151467160620278,139370
BBOX,2002-08-14,9.811752319335938,10.071534566884303,9.751802863093504,10.071534566884303,203540
BBOX,2002-08-15,9.811752319335938,9.811752319335938,9.811752319335938,9.811752319335938,0
BBOX,2002-08-16,10.095514297485352,10.255379769823861,9.791769518892831,10.227403407451959,441480
BBOX,2002-08-19,10.103507041931152,10.27136596650346,10.02357393030676,10.27136596650346,284310
BBOX,2002-08-20,11.238554000854492,11.901996297076693,10.183440336091303,10.183440336091303,4325550
BBOX,2002-08-21,11.08668041229248,11.590257195720305,10.86686549453449,11.294505896684662,1724270
BBOX,2002-08-22,10.902836799621582,11.414406353988214,10.830897140464081,11.286513965396555,622180
BBOX,2002-08-23,11.170609474182129,11.310491268967283,10.830894910492594,11.098669829836274,699530
BBOX,2002-08-26,11.118653297424316,11.190592945470122,11.00674785584075,11.118653297424316,198440
BBOX,2002-08-27,11.350459098815918,11.550291127887672,11.11865397558463,11.122650707641908,764080
BBOX,2002-08-28,11.078688621520996,11.582265480994511,10.958789695964873,11.27852067231372,519980
BBOX,2002-08-29,10.966782569885254,11.170611342184179,10.878855984404108,11.070695322172867,161060
BBOX,2002-08-30,11.070695877075195,11.350460289750407,10.950796189672584,11.09467550963621,449610
BBOX,2002-09-02,10.914826393127441,11.470360012301077,10.802920932633961,11.470360012301077,549890
BBOX,2002-09-03,10.467201232910156,10.878854698840112,10.391264853231382,10.870861997530751,290580
BBOX,2002-09-04,10.415245056152344,10.543137431739071,10.19143339887557,10.391265426304503,283900
BBOX,2002-09-05,10.335312843322754,10.651047054565321,10.299343016911756,10.571114699884316,233590
BBOX,2002-09-06,10.055545806884766,10.363287258447661,10.031566181215798,10.271364724801153,134240
BBOX,2002-09-09,10.05155086517334,10.299342915532378,9.95163485108156,10.299342915532378,164830
BBOX,2002-09-10,10.05155086517334,10.05155086517334,10.05155086517334,10.05155086517334,0
BBOX,2002-09-11,10.163457870483398,10.351299717243513,10.111501112203765,10.227404063520831,113690
BBOX,2002-09-12,10.123490333557129,10.351298719584129,10.07952704421905,10.351298719584129,79860
BBOX,2002-09-13,10.035564422607422,10.311332065042047,9.995597865612954,10.12748697008563,126210
BBOX,2002-09-16,9.751802444458008,10.231399598406213,9.59993044434365,10.231399598406213,94420
BBOX,2002-09-17,9.807756423950195,9.991601526127566,9.71583311056281,9.967621895908497,103910
BBOX,2002-09-18,9.631903648376465,9.831735671113327,9.591937091369358,9.831735671113327,120700
BBOX,2002-09-19,9.412087440490723,9.595933287539458,9.272205642223742,9.595933287539458,165250
BBOX,2002-09-20,9.200265884399414,9.352137875945022,9.116336044159475,9.192272421081588,181430
BBOX,2002-09-23,9.256217956542969,9.488023040479591,9.20026524182334,9.424076863000424,104940
BBOX,2002-09-24,9.020418167114258,9.216253474914005,8.912508682520906,9.216253474914005,126870
BBOX,2002-09-25,9.655882835388184,9.783775202114072,8.712675487336805,8.952474056097163,781680
BBOX,2002-09-26,9.999594688415527,10.151466691616271,9.67586625988719,9.843725190950472,535360
BBOX,2002-09-27,10.515161514282227,10.68701718710225,9.815749388720832,10.071534913003559,2168600
BBOX,2002-09-30,10.487184524536133,10.894842036311452,10.271366335083638,10.39126524452406,1659760
BBOX,2002-10-01,10.235397338867188,10.68701741412629,10.151467485621566,10.279359869330383,742410
BBOX,2002-10-02,10.235397338867188,10.235397338867188,10.235397338867188,10.235397338867188,0
BBOX,2002-10-03,10.243390083312988,10.591098169964786,10.231400648727618,10.46720251802394,384650
BBOX,2002-10-04,10.21141529083252,10.43123095673081,10.111499286960191,10.38726767109143,238450
BBOX,2002-10-07,10.239394187927246,10.331316744479007,9.999595584588906,9.999595584588906,151830
BBOX,2002-10-08,10.359292030334473,10.603087340624365,10.24738582380989,10.367285494150229,273510
BBOX,2002-10-09,10.235397338867188,10.639058151384852,10.231400606588945,10.639058151384852,180110
BBOX,2002-10-10,10.371281623840332,10.551129975459787,10.231399064381675,10.235395796057478,94440
BBOX,2002-10-11,10.451214790344238,10.75096282885678,10.395262067090808,10.511164245587011,425600
BBOX,2002-10-14,10.399258613586426,10.551130614979055,10.351298592868472,10.471198263514022,446750
BBOX,2002-10-15,10.399258613586426,10.399258613586426,10.399258613586426,10.399258613586426,0
BBOX,2002-10-16,10.30733585357666,10.87086208331085,10.007587826598956,10.599090416883282,245550
BBOX,2002-10-17,10.243390083312988,10.351299568373761,10.183440623489917,10.351299568373761,250950
BBOX,2002-10-18,10.067536354064941,10.55112942723077,10.015579607277745,10.39925744293448,582840
BBOX,2002-10-21,9.951634407043457,10.52315410411524,9.83173550040264,10.239393002659268,357120
BBOX,2002-10-22,10.079526901245117,10.159460014853503,9.835732353107009,9.851718518449486,257790
BBOX,2002-10-23,9.895681381225586,10.295345407467497,9.791768642926852,10.103506857823051,276500
BBOX,2002-10-24,9.639897346496582,10.23939342927551,9.320165644968608,10.23939342927551,392610
BBOX,2002-10-25,9.324163436889648,9.591938414794615,9.200267779142209,9.591938414794615,485300
BBOX,2002-10-28,8.968462944030762,9.312173564183837,8.888529816200482,9.312173564183837,184160
BBOX,2002-10-29,9.404094696044922,9.432071055569416,9.040400497629243,9.092356484989216,168050
BBOX,2002-10-30,9.23223876953125,9.432070774229768,9.1523056627324,9.432070774229768,86870
BBOX,2002-10-31,8.78861141204834,9.392104153379629,8.472877243287444,9.392104153379629,357300
BBOX,2002-11-01,8.920500755310059,9.184278946073633,8.792608391582098,9.088359673277662,220410
BBOX,2002-11-04,9.428074836730957,9.579946837681726,9.11233987681148,9.168293361202746,218240
BBOX,2002-11-05,9.40009880065918,9.5160009807577,9.272206424426868,9.408092264748372,214550
BBOX,2002-11-06,9.40009880065918,9.40009880065918,9.40009880065918,9.40009880065918,0
BBOX,2002-11-07,9.84372615814209,9.97561527677205,9.424079170400963,9.424079170400963,870060
BBOX,2002-11-08,9.731819152832031,9.99160061639867,9.591936591742723,9.919660969992819,704130
BBOX,2002-11-11,10.063541412353516,10.53514513728617,9.935649031822367,9.991601757730065,1653690
BBOX,2002-11-12,9.891685485839844,10.119493878091394,9.76778984067296,9.911668383922061,441650
BBOX,2002-11-13,10.323322296142578,10.411248111992236,9.831735701635472,9.991601167861521,763600
BBOX,2002-11-14,10.13148307800293,10.706999481299887,9.999593981653485,10.311331429952926,1800450
BBOX,2002-11-15,9.999594688415527,10.307336189081326,9.951634667126585,10.251382703861113,396940
BBOX,2002-11-18,10.071535110473633,10.271367150266373,10.015581620968524,10.111500908593191,251040
BBOX,2002-11-19,10.071535110473633,10.071535110473633,10.071535110473633,10.071535110473633,0
BBOX,2002-11-20,10.115497589111328,10.311332895630422,10.079527761148768,10.131484518116348,235250
BBOX,2002-11-21,10.415245056152344,10.79092948116237,10.231399956821095,10.24338939059567,1014210
BBOX,2002-11-22,10.591095924377441,11.110658815748225,10.083522465049958,10.551129372203095,1032040
BBOX,2002-11-25,10.339310646057129,10.862870405823593,10.235397888142627,10.591098694708549,459420
BBOX,2002-11-26,10.351299285888672,10.587101148750005,10.23140036951455,10.411248744075733,637770
BBOX,2002-11-27,10.151467323303223,10.411248818845285,10.111500763458583,10.383272455643656,639910
BBOX,2002-11-28,10.339310646057129,10.631065257337017,10.259377520800195,10.367287011207424,753140
BBOX,2002-11-29,10.4791898727417,10.57111317267783,10.21141496053338,10.443220051527254,498000
BBOX,2002-12-02,10.99875545501709,11.366446432104247,10.543137894133809,10.543137894133809,1964580
BBOX,2002-12-03,10.675026893615723,11.190593907395542,10.579107608742463,11.070694991878646,989420
BBOX,2002-12-04,10.427234649658203,10.790928857577862,10.39126482581572,10.59109684169679,466170
BBOX,2002-12-05,10.551131248474121,10.778939645390127,9.967622074780403,9.967622074780403,252400
BBOX,2002-12-06,11.06669807434082,11.158620625517207,10.579107431529437,10.679023446886038,1003710
BBOX,2002-12-09,10.79492473602295,11.406410930708015,10.718988362547359,11.190592004713785,902710
BBOX,2002-12-10,10.663036346435547,10.946797439279283,10.471197796713136,10.471197796713136,542190
BBOX,2002-12-11,10.687016487121582,11.018737614454462,10.591097207660123,10.894841973770745,381740
BBOX,2002-12-12,10.946798324584961,11.030728173312863,10.758956491411007,11.030728173312863,662330
BBOX,2002-12-13,11.338470458984375,11.566278866111977,10.950795807564859,10.950795807564859,1586310
BBOX,2002-12-16,10.838889122009277,11.546293894884942,10.718989452388954,11.530307729648097,884600
BBOX,2002-12-17,10.7030029296875,11.070693865438564,10.607083654574001,10.870861851710782,891710
BBOX,2002-12-18,10.79492473602295,10.950793452153059,10.718988362547359,10.750961452068884,361090
BBOX,2002-12-19,10.774942398071289,10.890845338216222,10.695010045628726,10.85487551281253,332920
BBOX,2002-12-20,11.022733688354492,11.146629321641928,10.842884573664161,10.870861695514922,908500
BBOX,2002-12-23,11.306496620178223,11.50233191804825,10.990761646962119,11.174606748607928,1709190
BBOX,2002-12-24,11.654203414916992,12.129803838796903,11.350458651229744,11.358452115029092,3554600
BBOX,2002-12-25,11.654203414916992,11.654203414916992,11.654203414916992,11.654203414916992,0
BBOX,2002-12-26,11.714152336120605,11.890004720216158,11.654202884948988,11.7501221592833,1322230
BBOX,2002-12-27,11.734136581420898,11.830055860551205,11.670190395334028,11.814068932880154,463930
BBOX,2002-12-30,11.482348442077637,11.734137230738966,11.35045933068794,11.734137230738966,487380
BBOX,2002-12-31,11.846041679382324,11.969938078312536,11.510323831097926,11.510323831097926,1149780
BBOX,2003-01-01,11.63821792602539,11.969939069991188,11.550291343719632,11.969939069991188,230580
BBOX,2003-01-02,11.202583312988281,11.662196806420267,11.126646931962545,11.570274260193603,389900
BBOX,2003-01-03,11.510324478149414,11.69816707185538,11.070694627523928,11.282516088785632,616340
BBOX,2003-01-06,11.142632484436035,11.75012197463907,11.054706674919261,11.702162719374872,298580
BBOX,2003-01-07,10.946798324584961,11.350459115374633,10.870862702281975,11.350459115374633,399210
BBOX,2003-01-08,10.846883773803711,11.022736196820157,10.794927774568677,10.87086416941877,218260
BBOX,2003-01-09,10.87885570526123,11.070695038107543,10.83089644377369,11.070695038107543,335310
BBOX,2003-01-10,11.366446495056152,11.570275264577793,10.950795491569185,10.950795491569185,786000
BBOX,2003-01-13,11.190592765808105,11.79008880683354,11.006747679130319,11.430391334678006,897060
BBOX,2003-01-14,11.110660552978516,11.25453985838328,11.050711096492762,11.22656349617651,212510
BBOX,2003-01-15,11.110660552978516,11.374438771354788,11.074690726627324,11.190593669825319,182190
BBOX,2003-01-16,11.106664657592773,11.246546469563501,11.03072827230959,11.17061084657902,221700
BBOX,2003-01-17,11.174606323242188,11.350458716343327,11.090677239763554,11.146629962082644,220910
BBOX,2003-01-20,10.946798324584961,11.110660527678956,10.878855404109498,11.110660527678956,253830
BBOX,2003-01-21,10.707000732421875,11.182600423811559,10.65104724461819,11.05071131205076,226530
BBOX,2003-01-22,10.667034149169922,10.870862914576843,10.603087959508775,10.786933064209894,147030
BBOX,2003-01-23,10.16745376586914,10.699006928173024,9.152306700942155,10.631064008376347,2280510
BBOX,2003-01-24,9.543976783752441,10.13548013262883,9.356134962451018,9.89168482827911,736900
BBOX,2003-01-27,9.567957878112793,10.22740342935832,9.040401437116373,9.072374531652558,287040
BBOX,2003-01-28,10.011584281921387,10.071534500064773,9.599930792768752,9.831735914387291,384550
BBOX,2003-01-29,9.779779434204102,10.231400256299953,9.687856881847853,10.07153478213719,317290
BBOX,2003-01-30,9.899678230285645,10.231399345505737,9.831735314527378,9.971617877829532,318880
BBOX,2003-01-31,10.019576072692871,10.183438247042487,9.92765353826232,9.991599715457362,239030
BBOX,2003-02-03,10.287353515625,10.463205927480631,9.991602182498884,9.991602182498884,243930
BBOX,2003-02-04,10.215412139892578,10.55112997774667,10.183439048777837,10.55112997774667,172240
BBOX,2003-02-05,10.047554969787598,10.311333207970655,9.927656047813029,10.311333207970655,99580
BBOX,2003-02-06,9.971617698669434,10.031567149779347,9.791768583041064,10.031567149779347,155930
BBOX,2003-02-07,9.767789840698242,10.07153461780066,9.679863259619381,9.951634942410951,164480
BBOX,2003-02-10,9.559964179992676,9.951634769052308,9.480031064458647,9.615916903487285,85930
BBOX,2003-02-11,9.424077033996582,9.783774479418106,9.364127586809424,9.655882122139216,117360
BBOX,2003-02-12,9.476035118103027,9.731820651639694,9.400099490578489,9.731820651639694,117330
BBOX,2003-02-13,9.476035118103027,9.476035118103027,9.476035118103027,9.476035118103027,0
BBOX,2003-02-14,9.256217956542969,9.512002666459638,9.20026524182334,9.320164134022138,84850
BBOX,2003-02-17,9.476035118103027,9.83173667319185,9.376119096550873,9.496018779792708,379820
BBOX,2003-02-18,9.535983085632324,9.751801244749068,9.440063819102821,9.440063819102821,167610
BBOX,2003-02-19,9.424077033996582,9.655882122139216,9.35213739245256,9.599929406404346,150460
BBOX,2003-02-20,9.180281639099121,9.583942363255048,9.120332192645948,9.583942363255048,185870
BBOX,2003-02-21,9.052391052246094,9.264213284223041,8.996438326262973,9.232240189047154,277490
BBOX,2003-02-24,9.196269035339355,9.46004722307124,9.112339196170879,9.120332659386658,257540
BBOX,2003-02-25,9.148308753967285,9.272205143335587,9.11233893283437,9.268208411843197,89480
BBOX,2003-02-26,9.10035228729248,9.272207982596548,9.032409355714101,9.272207982596548,79050
BBOX,2003-02-27,9.15230655670166,9.392105138222393,9.040401111011015,9.040401111011015,169500
BBOX,2003-02-28,9.30817699432373,9.591938131476509,9.204264239756885,9.352139525729847,512330
BBOX,2003-03-03,9.196269035339355,9.591936316937181,9.072373404689195,9.512003209376594,110470
BBOX,2003-03-04,9.00443172454834,9.172290663564512,8.972458629607104,9.172290663564512,123330
BBOX,2003-03-05,8.804598808288574,8.99244062695751,8.672709709585142,8.972457730483725,152070
BBOX,2003-03-06,8.636738777160645,8.904513671940455,8.616755120954068,8.836570765435173,222270
BBOX,2003-03-07,8.265052795410156,8.632743757215788,8.193113143402732,8.632743757215788,154420
BBOX,2003-03-10,7.833415508270264,8.392945024082708,7.6735500412236615,8.392945024082708,301930
BBOX,2003-03-11,7.765472412109375,7.913347679887714,7.5936167530977965,7.677545835518153,231100
BBOX,2003-03-12,7.933330535888672,8.153145430510092,7.773465088682314,7.873381088473611,194930
BBOX,2003-03-13,7.933330535888672,8.065219625121241,7.841407999032339,7.993279983303734,132530
BBOX,2003-03-14,7.933330535888672,7.933330535888672,7.933330535888672,7.933330535888672,0
BBOX,2003-03-17,7.981290340423584,8.225085640696612,7.481710306945173,8.113179438769938,180940
BBOX,2003-03-18,7.981290340423584,7.981290340423584,7.981290340423584,7.981290340423584,0
BBOX,2003-03-19,8.025254249572754,8.313012096741168,7.873382243030763,8.073214271916836,242880
BBOX,2003-03-20,8.049233436584473,8.073213827586038,7.769469068920763,7.969301086808549,217400
BBOX,2003-03-21,8.049233436584473,8.153146177361961,7.913347603436886,7.913347603436886,200280
BBOX,2003-03-24,7.941324710845947,8.464884383251306,7.837411970270312,8.432911290943315,203920
BBOX,2003-03-25,7.777461528778076,7.833415010412233,7.673549553525989,7.753481900819797,201510
BBOX,2003-03-26,7.82542085647583,8.057225939080991,7.765471410720774,7.913346659430008,236540
BBOX,2003-03-27,7.977293968200684,8.03324745283505,7.60560704687241,7.60560704687241,68690
BBOX,2003-03-28,7.877377033233643,8.07321306304052,7.769468333140331,8.033246510788125,119220
BBOX,2003-03-31,7.5816264152526855,8.225085750932328,7.473717705922079,8.225085750932328,170080
BBOX,2003-04-01,7.249905109405518,8.360971364113519,6.8742214778779145,8.360971364113519,853130
BBOX,2003-04-02,7.074053764343262,7.389787957379871,7.002114115669472,7.353818133042976,351380
BBOX,2003-04-03,6.9901251792907715,7.51368494896342,6.902199349683536,7.313852894338874,633050
BBOX,2003-04-04,6.97014045715332,7.141996101185039,6.886210619750079,7.006110278569196,1497320
BBOX,2003-04-07,7.549654483795166,7.637581072254027,7.03408819947201,7.03408819947201,3567130
BBOX,2003-04-08,8.181122779846191,8.297025719552162,7.433751437730428,7.633583461528027,2516680
BBOX,2003-04-09,7.829419136047363,8.712676358499788,7.6975300243866345,8.145153352684199,3556110
BBOX,2003-04-10,7.209939479827881,7.833415154284608,7.114019441635791,7.833415154284608,966020
BBOX,2003-04-11,7.5656418800354,7.753483741175276,7.1380013954985975,7.273887256680229,684980
BBOX,2003-04-15,7.7015252113342285,7.913346636542692,7.633582303062055,7.67354885421602,246950
BBOX,2003-04-16,7.925336837768555,7.98528628340461,7.6735488611776965,7.78945102110093,425990
BBOX,2003-04-17,7.781458854675293,7.909351992248763,7.713515935023228,7.909351992248763,289050
BBOX,2003-04-18,7.781458854675293,7.781458854675293,7.781458854675293,7.781458854675293,0
BBOX,2003-04-21,7.801443099975586,7.961308581061409,7.761476539129444,7.873382757038892,212200
BBOX,2003-04-22,7.8973612785339355,7.945320534968914,7.7774616128492156,7.825421631582831,194400
BBOX,2003-04-23,7.953314781188965,7.985287876058418,7.881375127158017,7.91334822202747,295560
BBOX,2003-04-24,7.841409683227539,7.9852882354665216,7.793449657615381,7.953315139157998,175530
BBOX,2003-04-25,8.105186462402344,8.233078824662966,7.753481703887023,7.873381365230313,449180
BBOX,2003-04-28,8.157142639160156,8.265052108198985,8.001273914303155,8.161139370861441,205590
BBOX,2003-04-29,8.101190567016602,8.213096014396461,8.081206906913993,8.213096014396461,100280
BBOX,2003-04-30,8.137160301208496,8.153146466811755,7.965304637756063,8.041241020692908,764980
BBOX,2003-05-01,8.137160301208496,8.137160301208496,8.137160301208496,8.137160301208496,0
BBOX,2003-05-02,8.145153999328613,8.217093659090981,8.033248539519395,8.11318090191187,440450
BBOX,2003-05-05,8.768630027770996,8.86454931439171,8.093197526897397,8.097194259127267,1133090
BBOX,2003-05-06,8.680703163146973,8.90451558700396,8.564800981416303,8.840569397987307,247250
BBOX,2003-05-07,8.352977752685547,8.632742867825169,8.249065017413649,8.552809759985672,172900
BBOX,2003-05-08,8.364968299865723,8.448897380563356,8.233079199984696,8.233079199984696,122680
BBOX,2003-05-09,8.392945289611816,8.456891478453533,8.241073281687411,8.245069251478656,80370
BBOX,2003-05-12,8.356975555419922,8.464885036144402,8.241073372725959,8.241073372725959,139400
BBOX,2003-05-13,8.804598808288574,8.872541723517532,8.313011474667933,8.313011474667933,365930
BBOX,2003-05-14,8.88453197479248,9.072374573061303,8.696690138822365,8.784615958623519,360330
BBOX,2003-05-15,10.163457870483398,10.28735352420608,8.712676805487108,8.712676805487108,1913000
BBOX,2003-05-16,9.919660568237305,10.467200595251466,9.823741297680533,10.391264220198714,656360
BBOX,2003-05-19,9.819744110107422,10.279357546043578,9.683858292554323,9.991599747736256,1243500
BBOX,2003-05-20,10.411248207092285,10.56711770509779,9.751802676449548,9.751802676449548,1824590
BBOX,2003-05-21,9.951634407043457,10.551130464844853,9.512003812196033,10.551130464844853,2655450
BBOX,2003-05-22,9.99160099029541,10.071534103137237,9.799762434233417,9.971618093234284,1145920
BBOX,2003-05-23,9.98360824584961,10.13148428657155,9.595934373922573,10.071534828770277,506270
BBOX,2003-05-26,10.003592491149902,10.087521584515843,9.831736809725824,9.951635732333955,746780
BBOX,2003-05-27,10.091516494750977,10.551129964824465,9.871701588893671,9.991600489852452,995660
BBOX,2003-05-28,9.995598793029785,10.231400662646903,9.891686040122348,10.151467541241571,274210
BBOX,2003-05-29,10.223405838012695,10.315328381791126,9.951634176147213,9.991600731533074,234960
BBOX,2003-05-30,9.84372615814209,10.303340469466539,9.759797065513366,10.219410614539063,124780
BBOX,2003-06-02,9.747804641723633,10.071533028109727,9.695848657531249,9.991599923799896,161640
BBOX,2003-06-03,9.559964179992676,9.831735858049951,9.535984550251941,9.751802742515922,126430
BBOX,2003-06-04,9.296185493469238,9.751802246879866,9.204262948886155,9.512003674764244,187610
BBOX,2003-06-05,9.10035228729248,9.428076747035668,9.060385722428936,9.200268318301932,294590
BBOX,2003-06-06,9.304179191589355,9.57994683228937,9.112339871682332,9.172290087946276,1612090
BBOX,2003-06-09,9.504011154174805,9.72382607145303,9.37212205134814,9.432071504942321,1362620
BBOX,2003-06-10,9.236235618591309,9.64788906563562,9.124329420109131,9.591936347543836,599400
BBOX,2003-06-11,9.228242874145508,9.452054526244128,9.192273049056611,9.452054526244128,196670
BBOX,2003-06-12,9.488024711608887,9.55197090035092,9.14031740561142,9.2722065151792,446450
BBOX,2003-06-13,9.40009880065918,9.811752291369594,9.352138778422717,9.519997712802297,280940
BBOX,2003-06-16,9.436068534851074,9.623910365325296,9.276202303819149,9.276202303819149,251550
BBOX,2003-06-17,9.500014305114746,9.639896869974859,9.468041212772318,9.595933582142028,256570
BBOX,2003-06-18,9.671871185302734,9.991602149156234,9.63190462424636,9.671871185302734,852600
BBOX,2003-06-19,9.643893241882324,9.791769276572596,9.551970692849858,9.791769276572596,200730
BBOX,2003-06-20,9.523993492126465,9.687855678069708,9.472037505341449,9.67186951378917,119300
BBOX,2003-06-23,9.40009880065918,9.72782320532915,9.380115140436198,9.591937365007645,110000
BBOX,2003-06-24,9.348142623901367,9.468042305750515,9.296186628709187,9.392105916809262,89050
BBOX,2003-06-25,9.38011646270752,9.667875112092908,9.336153928617152,9.667875112092908,296330
BBOX,2003-06-26,9.707839965820312,10.071534183795844,9.432071562836024,9.432071562836024,865290
BBOX,2003-06-27,9.835732460021973,9.95163463748546,9.607924074750052,9.895681914730583,520390
BBOX,2003-06-30,9.831735610961914,10.151466540465282,9.76778942506124,9.971618178481638,648660
BBOX,2003-07-01,9.855713844299316,10.071532762873058,9.77977747343464,10.023572749090485,503820
BBOX,2003-07-02,9.951634407043457,10.07153407598293,9.843724933687527,10.031567519669773,325550
BBOX,2003-07-03,9.87569808959961,10.031567583990467,9.831735563442047,9.991601027421051,185690
BBOX,2003-07-04,9.823742866516113,9.991601807371909,9.791769771224471,9.911668687993446,203390
BBOX,2003-07-07,9.707839965820312,10.710996042457,9.639897048050232,9.91166795683189,553740
BBOX,2003-07-08,10.099509239196777,10.503169961729494,9.831734334637394,9.831734334637394,1364420
BBOX,2003-07-09,9.7717866897583,10.351299126367472,9.711836470196397,10.211416551220877,1098280
BBOX,2003-07-10,9.727823257446289,10.12748731646282,9.691853431150905,9.89568219272518,1352150
BBOX,2003-07-11,9.779779434204102,9.907672575833022,9.71183651239759,9.831736189743694,351790
BBOX,2003-07-14,9.987603187561035,10.111498813113089,9.847720636235257,9.943639903981872,920080
BBOX,2003-07-15,9.707839965820312,10.063540719987914,9.512003914019335,10.051550524276017,537840
BBOX,2003-07-16,9.595932960510254,9.795764965279817,9.555966407096621,9.75180168029496,337150
BBOX,2003-07-17,9.575948715209961,9.903673823258314,9.460046555948997,9.7438076194109,205170
BBOX,2003-07-18,9.424077033996582,9.651885390686928,9.31616757168055,9.579945749142908,188330
BBOX,2003-07-21,9.1403169631958,9.591936994614137,9.112339839963965,9.591936994614137,128800
BBOX,2003-07-22,9.156305313110352,9.308178111981809,9.032409644145943,9.11234201412669,167560
BBOX,2003-07-23,9.276203155517578,9.404096304545417,9.15630423353375,9.15630423353375,89340
BBOX,2003-07-24,9.396100997924805,9.432070819928702,9.296184995091446,9.300181726680613,71090
BBOX,2003-07-25,9.416085243225098,9.663877301180447,9.360132517553996,9.472038731194914,151630
BBOX,2003-07-28,9.300182342529297,9.583943443463077,9.236236157465385,9.392104888271339,376660
BBOX,2003-07-29,9.496018409729004,9.59193769520521,9.3201660052066,9.472038778934632,225810
BBOX,2003-07-30,9.947638511657715,10.271366958947128,9.871702886805975,9.991601803528832,1414530
BBOX,2003-07-31,10.435229301452637,10.58310458315521,10.031568491934191,10.047554658629647,3377220
BBOX,2003-08-01,10.511164665222168,10.866866203487424,10.395262482098826,10.66703416983454,2260910
BBOX,2003-08-04,10.651046752929688,10.846882045455377,10.519157647257337,10.519157647257337,1828220
BBOX,2003-08-05,10.487184524536133,11.110660225763947,10.411248141997905,10.718989641806646,1901080
BBOX,2003-08-06,10.806916236877441,11.030727890584162,10.443221251443338,10.551130727485369,1003100
BBOX,2003-08-07,11.046714782714844,11.190594093567736,10.870863138671005,10.870863138671005,1314100
BBOX,2003-08-08,11.234557151794434,11.55029136789318,11.030728386430008,11.166614230006292,1618170
BBOX,2003-08-11,10.786933898925781,11.274523823397447,10.655044777256467,11.274523823397447,990500
BBOX,2003-08-12,10.579108238220215,11.082685085492674,10.471199512753714,10.910829404006982,880370
BBOX,2003-08-13,10.778939247131348,10.86286909475126,10.39126538971193,10.691013429799773,929840
BBOX,2003-08-14,10.44721794128418,10.806916193307426,10.391265218657752,10.806916193307426,604610
BBOX,2003-08-15,10.44721794128418,10.806916193307426,10.391265218657752,10.806916193307426,0
BBOX,2003-08-18,10.627066612243652,10.774941876366798,10.43123132913817,10.551130233146052,988860
BBOX,2003-08-19,10.539141654968262,10.878855497978117,10.483188167900634,10.790929678727133,985540
BBOX,2003-08-20,10.555127143859863,10.687016245423898,10.47119806209123,10.631063524244809,271100
BBOX,2003-08-21,10.595093727111816,10.695009736501065,10.519157346532364,10.519157346532364,315160
BBOX,2003-08-22,10.635061264038086,10.695010722740136,10.551131412016234,10.563121608676136,262620
BBOX,2003-08-25,10.391265869140625,10.990761976975662,10.151467273546867,10.806916869809637,1516520
BBOX,2003-08-26,10.79492473602295,10.830894557021987,10.47119710933019,10.57910581002872,436090
BBOX,2003-08-27,10.72298526763916,10.970777287166879,10.631062729063796,10.886847449377365,312700
BBOX,2003-08-28,10.611080169677734,10.942801299031952,10.551130714936356,10.798922760112378,519710
BBOX,2003-08-29,12.085840225219727,12.30965186949269,10.790928854192467,10.838888873400283,3278950
BBOX,2003-09-01,12.337628364562988,12.709315254750818,12.149785791375999,12.389584350621952,1733660
BBOX,2003-09-02,11.802080154418945,12.621391185563883,11.750123398903192,12.621391185563883,905710
BBOX,2003-09-03,11.418401718139648,12.229720009207638,11.210576230432775,11.90998831374352,606910
BBOX,2003-09-04,11.49433708190918,11.79808182264542,11.290508344219125,11.50233054510454,437880
BBOX,2003-09-05,11.670190811157227,12.789249869849588,11.558284600368513,12.789249869849588,362410
BBOX,2003-09-08,12.57742691040039,12.789249123434793,11.830055591636913,11.830055591636913,1604400
BBOX,2003-09-09,12.089837074279785,12.78525240459723,12.013900694088619,12.76526950774102,654970
BBOX,2003-09-10,11.989922523498535,12.269687687299665,11.838050506945669,11.989922523498535,406740
BBOX,2003-09-11,11.929972648620605,12.309653057953362,11.870023190546878,11.909988987730216,292390
BBOX,2003-09-12,11.646210670471191,12.145790754308132,11.590257945017042,11.91398562589974,257440
BBOX,2003-09-15,11.302499771118164,11.59025761683269,11.190593561079838,11.510324500762643,230760
BBOX,2003-09-16,11.578267097473145,11.670190407076852,11.190593248644069,11.270526362482421,244810
BBOX,2003-09-17,11.486343383789062,12.229718675184344,11.3744371882386,11.750121565452178,173930
BBOX,2003-09-18,11.058704376220703,11.590257536181204,10.970778558994441,11.350458951938407,195860
BBOX,2003-09-19,11.21457290649414,11.506328239139583,11.106664193525264,11.506328239139583,407070
BBOX,2003-09-22,11.094674110412598,11.322482496758711,11.042717357067781,11.1905933908584,101020
BBOX,2003-09-23,11.082684516906738,11.190593999135812,10.643053885909517,10.890845945587532,75520
BBOX,2003-09-24,11.274521827697754,11.350458206217025,11.038720753251255,11.038720753251255,138830
BBOX,2003-09-25,11.346461296081543,11.430391136767197,11.042716549078657,11.270525681054789,150580
BBOX,2003-09-26,12.09383487701416,12.389586198006864,11.530308598024197,11.530308598024197,1505670
BBOX,2003-09-29,11.842046737670898,12.309653756873828,11.750124179252067,12.309653756873828,516810
BBOX,2003-09-30,11.594254493713379,11.97393489404273,11.43039228979147,11.894002539272778,480620
BBOX,2003-10-01,11.842046737670898,11.989922787461039,11.590258694545671,11.590258694545671,160320
BBOX,2003-10-02,11.842046737670898,11.989922787461039,11.590258694545671,11.590258694545671,0
BBOX,2003-10-03,11.370442390441895,11.989921355559677,11.31049217382516,11.913984973530837,653850
BBOX,2003-10-06,11.746125221252441,11.822061597961985,11.442380476712882,11.63022305266288,315050
BBOX,2003-10-07,11.726142883300781,11.969938189322693,11.598250513682288,11.897998540837627,242490
BBOX,2003-10-08,11.574270248413086,11.870022309242612,11.36244879479294,11.598250639701098,213400
BBOX,2003-10-09,11.726142883300781,11.830055624190472,11.590257050006468,11.750122512029586,516580
BBOX,2003-10-10,11.614236831665039,11.981927780309084,11.558284109794858,11.941961223702384,296820
BBOX,2003-10-13,11.614236831665039,11.822062316180947,11.570274305466466,11.678183017316293,350850
BBOX,2003-10-14,11.710155487060547,11.941960588286976,11.590256585918768,11.806075522732318,488260
BBOX,2003-10-15,11.502331733703613,11.750123019976572,10.950794913008115,11.510324435426297,329630
BBOX,2003-10-16,11.06669807434082,11.814069442320928,10.990761689226167,11.814069442320928,433350
BBOX,2003-10-17,11.226563453674316,11.414405286564854,11.154623801244288,11.190593627459302,388170
BBOX,2003-10-20,11.014740943908691,11.422398455615793,10.958788221152348,11.19059333838407,375570
BBOX,2003-10-21,10.826898574829102,11.190592779168176,10.790928751340742,11.190592779168176,223550
BBOX,2003-10-22,10.818904876708984,11.146629250452875,10.790928517335523,11.146629250452875,146010
BBOX,2003-10-23,10.77094554901123,11.086679725633855,10.551129882568963,10.730978994903673,83840
BBOX,2003-10-24,10.99875545501709,11.070695110014382,10.671031037628286,10.758956859125687,69800
BBOX,2003-10-27,10.982767105102539,11.338468601863283,10.882851099934651,11.110659469749656,169580
BBOX,2003-10-28,10.7109956741333,11.498334299270622,10.391264755797451,10.830895340233225,285570
BBOX,2003-10-29,10.798922538757324,11.989921194454826,10.750962518568095,11.989921194454826,114940
BBOX,2003-10-30,10.834893226623535,11.030728530260824,10.687017184698098,11.014741601491059,384630
BBOX,2003-10-31,11.17860221862793,11.350457866945863,10.910827298241557,10.910827298241557,384590
BBOX,2003-11-03,13.04503345489502,13.364764368084161,11.814068295668882,11.814068295668882,3228040
BBOX,2003-11-04,13.240870475769043,14.068174941823749,13.085001739352558,13.348779952810618,2621010
BBOX,2003-11-05,12.869181632995605,13.324798367755914,12.64536923495667,13.324798367755914,1306250
BBOX,2003-11-06,13.400736808776855,13.508646298918988,13.005070202853258,13.017059638003198,1124230
BBOX,2003-11-07,14.335947036743164,14.899473207254088,13.492655765535247,13.908306685165229,5416640
BBOX,2003-11-10,15.259172439575195,15.466997913390037,13.920298579430208,13.920298579430208,1485930
BBOX,2003-11-11,15.84668254852295,16.214372797386705,15.267169284937816,15.586900267557949,2596740
BBOX,2003-11-12,15.88664436340332,16.62602217047755,15.63885310462236,16.110456757377957,1974770
BBOX,2003-11-13,15.247180938720703,16.134433908026637,15.03136203080965,16.08647465891208,1184700
BBOX,2003-11-14,14.587738037109375,15.498971596487786,14.507804921027656,15.498971596487786,560080
BBOX,2003-11-17,15.199223518371582,15.586898139454826,14.955428200972735,15.586898139454826,587640
BBOX,2003-11-18,15.24318790435791,15.586899260184762,15.111299549562425,15.275161762852262,494290
BBOX,2003-11-19,14.819543838500977,15.49097804588343,14.667671071253846,15.179240571963287,648530
BBOX,2003-11-20,14.363924980163574,15.267166560025494,14.29997879505278,15.027367222412037,614680
BBOX,2003-11-21,14.339946746826172,15.003389018370108,14.000231384689036,14.7356133082339,669910
BBOX,2003-11-24,14.823539733886719,14.91945977708747,14.547772087155279,14.679660431384276,462940
BBOX,2003-11-25,14.795565605163574,15.187236251865228,14.6556822512431,15.027369997269714,895960
BBOX,2003-11-26,14.795565605163574,15.187236251865228,14.6556822512431,15.027369997269714,0
BBOX,2003-11-27,16.258333206176758,16.46615868912324,15.003388369374468,15.187233461158824,2484770
BBOX,2003-11-28,16.522109985351562,17.169565244905463,16.434183416605745,16.57806270197265,2512940
BBOX,2003-12-01,17.6012020111084,17.860982682848405,16.70595402681476,16.785887127579795,2301170
BBOX,2003-12-02,18.488460540771484,18.784212644724104,17.185556249428434,17.98088847691095,2221440
BBOX,2003-12-03,19.3277530670166,19.46363890053663,18.624343508349167,18.624343508349167,1606050
BBOX,2003-12-04,20.44681167602539,20.870456095897413,19.303772308402444,19.483621426489492,2493520
BBOX,2003-12-05,19.81134605407715,21.182193813402893,19.47163223483319,20.80651017009568,1672220
BBOX,2003-12-08,21.17820167541504,21.58186175217916,19.287789109920887,19.58354121956998,1390130
BBOX,2003-12-09,21.505924224853516,22.125403230430173,21.35005395638941,21.469954397453712,1485580
BBOX,2003-12-10,20.962379455566406,21.609834781282544,20.78253033047933,21.56986898663979,775540
BBOX,2003-12-11,21.134235382080078,21.57386522705793,20.942396821111707,21.21816446664174,864240
BBOX,2003-12-12,21.062294006347656,21.46995148674632,20.622662672773927,21.410001274341695,620420
BBOX,2003-12-15,21.262128829956055,24.939038579054795,21.122245490690773,24.939038579054795,571370
BBOX,2003-12-16,21.74971580505371,22.37319224140418,21.026324885689075,21.42199142205594,1049090
BBOX,2003-12-17,22.045467376708984,22.221318997407725,21.78168918336225,21.821654975694656,765460
BBOX,2003-12-18,21.521909713745117,22.273278597611753,21.18219586165194,22.141390246358178,630140
BBOX,2003-12-19,20.63065528869629,21.88959750070656,20.382864035156107,21.5938454693737,1427100
BBOX,2003-12-22,19.99119758605957,20.934405064528047,19.663473160435437,20.542734446699143,1046580
BBOX,2003-12-23,19.503604888916016,20.358885692415033,19.35572962068607,20.143068269046065,923200
BBOX,2003-12-24,20.622663497924805,20.774536257388604,19.50760200428036,19.86330274980041,1762200
BBOX,2003-12-25,20.622663497924805,20.774536257388604,19.50760200428036,19.86330274980041,0
BBOX,2003-12-26,20.578702926635742,21.16620805258276,20.24298505841,20.718584736480896,1140260
BBOX,2003-12-29,20.618669509887695,20.982363753972656,20.482783664592358,20.782531718220536,723010
BBOX,2003-12-30,19.92325210571289,20.958382047003287,19.787366268935862,20.942396643839256,645850
BBOX,2003-12-31,19.995189666748047,20.350890386986215,19.439656944165097,19.439656944165097,410260
BBOX,2004-01-01,19.85531234741211,20.358888435930176,19.75939229385758,20.215010642494676,391060
BBOX,2004-01-02,19.767385482788086,20.294941958480468,19.595529802491587,20.294941958480468,556480
BBOX,2004-01-05,18.90410804748535,20.115091078033615,18.784209145095684,19.983201218186895,930460
BBOX,2004-01-06,19.059980392456055,19.691450402670753,18.944078962075327,19.367721932606536,1039540
BBOX,2004-01-07,19.35572624206543,19.80734695628918,18.80019356617986,19.3677156733272,944700
BBOX,2004-01-08,20.254974365234375,20.462799856128022,19.50360551732617,19.50360551732617,1049750
BBOX,2004-01-09,20.65064239501953,21.20217925533087,20.42283399013827,21.102263234783035,1652600
BBOX,2004-01-12,20.82249641418457,21.741724949702267,20.622664389002004,20.942396848972,1605610
BBOX,2004-01-13,20.7745361328125,21.06229472278733,20.302932454619214,20.86246270743754,633910
BBOX,2004-01-14,20.554718017578125,20.950384492535147,20.4627954877942,20.862459456209724,506530
BBOX,2004-01-15,20.04315185546875,21.34205996211475,19.875292168896213,20.758549315512145,1759550
BBOX,2004-01-16,19.463638305664062,20.294938684157856,19.183873183485446,19.26380629333609,435870
BBOX,2004-01-19,19.323755264282227,19.67945753207875,18.920095264311602,19.34373968548448,463100
BBOX,2004-01-20,18.76822280883789,19.66347092240816,18.176720217117143,19.503604697792905,597270
BBOX,2004-01-21,17.253498077392578,18.784212277794097,16.94575806895538,18.66431335540853,569420
BBOX,2004-01-22,16.63801383972168,18.384545207551874,16.146427270384464,17.42535093471026,916470
BBOX,2004-01-23,19.571548461914062,19.967215006430408,17.209534054313238,17.26548677579253,1495770
BBOX,2004-01-26,19.571548461914062,19.967215006430408,17.209534054313238,17.26548677579253,0
BBOX,2004-01-27,19.17588233947754,20.06313708328439,18.792205189300645,20.06313708328439,932420
BBOX,2004-01-28,18.532419204711914,19.335744696388293,18.152738100784088,19.2638050546084,532650
BBOX,2004-01-29,18.92409324645996,19.079963515589746,18.544413596792953,18.656319049360288,472350
BBOX,2004-01-30,18.416522979736328,19.3197632004134,18.224682864674513,19.171887906125946,511760
BBOX,2004-02-02,18.416522979736328,19.3197632004134,18.224682864674513,19.171887906125946,0
BBOX,2004-02-03,17.884965896606445,18.736250733767925,17.425351638027905,17.984881907202013,590490
BBOX,2004-02-04,18.068811416625977,18.384546383462723,16.89379965314667,17.82501610108361,496240
BBOX,2004-02-05,18.07280731201172,19.02400657346701,17.18555270760827,18.200699675309863,417250
BBOX,2004-02-06,18.13275909423828,18.2806359032735,17.673146311635204,18.2806359032735,157950
BBOX,2004-02-09,18.416522979736328,18.80419613095466,18.064818134919793,18.224682864674513,258660
BBOX,2004-02-10,18.704275131225586,18.856147880030214,18.312604589232333,18.78420823715419,244390
BBOX,2004-02-11,18.456485748291016,19.12792146688555,16.386225870057437,16.386225870057437,206410
BBOX,2004-02-12,18.228675842285156,18.68429257230528,18.00486344657474,18.62434236063012,331890
BBOX,2004-02-13,18.35257339477539,18.448493442566463,18.19270868125352,18.448493442566463,303440
BBOX,2004-02-16,18.664310455322266,18.86414246978054,18.440498050273977,18.440498050273977,266260
BBOX,2004-02-17,18.492456436157227,18.944077255655746,18.38854292567566,18.424512752442755,236190
BBOX,2004-02-18,18.404529571533203,18.728258007465932,18.28063468925815,18.30461355700306,183910
BBOX,2004-02-19,17.78105354309082,18.5404142929157,17.705116400890223,18.5404142929157,128600
BBOX,2004-02-20,17.56123924255371,17.825017476115324,17.353413736626763,17.785051677689847,172890
BBOX,2004-02-23,17.189550399780273,18.044832761378853,17.10562131381602,17.848996702864873,283990
BBOX,2004-02-24,17.381389617919922,17.58521760570873,17.097626993315668,17.18954953875747,198700
BBOX,2004-02-25,17.141592025756836,17.54525359747008,17.025689077475015,17.42535315464201,183080
BBOX,2004-02-26,17.545251846313477,17.60520053714669,17.18555360292496,17.417359476352516,258990
BBOX,2004-02-27,17.237510681152344,17.7370907372115,17.03767865872868,17.505284859393328,141320
BBOX,2004-03-01,17.493295669555664,17.80103717132583,16.705957002369686,16.705957002369686,150670
BBOX,2004-03-02,17.493295669555664,17.80103717132583,16.705957002369686,16.705957002369686,0
BBOX,2004-03-03,18.244665145874023,19.903270098027853,17.58521882991331,17.737091601240746,788960
BBOX,2004-03-04,18.056821823120117,18.496451666385813,17.90494905788762,18.300617136504627,245360
BBOX,2004-03-05,17.920936584472656,18.344581038655512,17.825016538858602,18.064815890595035,133520
BBOX,2004-03-08,18.13275909423828,18.276638408652282,17.864984889321377,18.088795800989836,194860
BBOX,2004-03-09,17.729097366333008,18.16073374424097,15.1872337838391,17.880970131058657,283510
BBOX,2004-03-10,17.44533348083496,17.892956715242516,17.31344363453972,17.50528216357153,99370
BBOX,2004-03-11,17.01769256591797,17.665147770107836,16.94575292938609,17.505281572348757,175780
BBOX,2004-03-12,16.80986976623535,17.333428673392948,16.626023152477334,16.94975156785823,147540
BBOX,2004-03-15,16.39821434020996,17.161572561498428,16.226358688725366,16.985720940615305,141200
BBOX,2004-03-16,15.85067367553711,16.44217619379703,15.746761709660511,16.234350737446714,235820
BBOX,2004-03-17,15.670827865600586,16.226360680624204,15.5868987765533,16.14642908606342,138560
BBOX,2004-03-18,15.702798843383789,15.890639885670595,15.50696281359017,15.670824991745173,107700
BBOX,2004-03-19,16.302295684814453,16.45416691417446,15.706795626269736,15.886644739561579,255020
BBOX,2004-03-22,15.686814308166504,16.378232946950565,15.586898293464806,16.378232946950565,98170
BBOX,2004-03-23,15.191228866577148,15.586896920773421,14.95542703166361,15.586896920773421,203830
BBOX,2004-03-24,15.255175590515137,16.785889587045258,15.187233435898092,15.347099660851732,98260
BBOX,2004-03-25,15.391061782836914,15.726779643381292,15.187233789640883,15.482985855314617,252760
BBOX,2004-03-26,16.146425247192383,16.302293953963975,15.506961970558748,15.746761271020265,444980
BBOX,2004-03-29,16.01853370666504,16.38622385152681,15.886643856053432,16.30629074733164,369070
BBOX,2004-03-30,16.33426856994629,16.546091543749075,15.986561288802086,16.146427511529023,273850
BBOX,2004-03-31,16.486143112182617,16.765908269914906,16.306293973312044,16.386227093320905,213200
BBOX,2004-04-01,17.045673370361328,17.097628602284644,16.46616015799149,16.945757351835404,220360
BBOX,2004-04-02,17.689128875732422,17.85698855712564,16.94575507829667,17.17755941738595,311630
BBOX,2004-04-05,18.2646484375,19.07996351216628,18.02484907898774,18.30461423495332,986330
BBOX,2004-04-06,18.42850685119629,18.54440977437797,18.336584316306478,18.336584316306478,457530
BBOX,2004-04-07,18.49645233154297,18.664312030646368,18.224680646973585,18.236671605579303,210340
BBOX,2004-04-08,18.88812255859375,18.99203606661391,18.304613404502447,18.304613404502447,313960
BBOX,2004-04-09,18.88812255859375,18.99203606661391,18.304613404502447,18.304613404502447,0
BBOX,2004-04-12,19.2957820892334,19.659476356028396,18.824178333442408,18.944078782058536,469920
BBOX,2004-04-13,19.135915756225586,19.263808134370333,16.06649563155691,16.06649563155691,201210
BBOX,2004-04-14,19.135915756225586,19.263808134370333,16.06649563155691,16.06649563155691,0
BBOX,2004-04-15,18.65631866455078,19.263808225924198,18.384546978552216,18.944077279042773,147940
BBOX,2004-04-16,18.284629821777344,19.131917159309065,18.23267306971346,18.664310964526063,264030
BBOX,2004-04-19,18.324596405029297,18.544412856074217,18.144748799043285,18.38454662342289,174980
BBOX,2004-04-20,17.852991104125977,18.3845449843945,17.745083159993587,18.3845449843945,195610
BBOX,2004-04-21,18.15673828125,18.344580876426086,17.980886644543006,17.980886644543006,120030
BBOX,2004-04-22,18.476470947265625,18.544414636273885,18.224682140278016,18.38454838827595,192570
BBOX,2004-04-23,18.1727237701416,18.736249986439464,18.11277355633655,18.584377229504664,201110
BBOX,2004-04-26,18.1727237701416,18.736249986439464,18.11277355633655,18.584377229504664,0
BBOX,2004-04-27,17.265485763549805,18.224678485382046,16.857828285047145,17.984880686073293,728300
BBOX,2004-04-28,17.509281158447266,17.577223309626913,17.069649824365676,17.265485863796087,172920
BBOX,2004-04-29,17.53325843811035,17.968892238844575,17.445333398923466,17.968892238844575,73180
BBOX,2004-04-30,17.30145835876465,17.58521948916367,17.185555409864495,17.269484500613927,135730
BBOX,2004-05-03,17.169567108154297,17.505284968910267,16.94575621738188,17.18555403595157,346640
BBOX,2004-05-04,17.30145835876465,17.58521948916367,17.02568916830584,17.58521948916367,119610
BBOX,2004-05-05,17.25749397277832,17.473312927830317,15.746764336609097,15.746764336609097,180170
BBOX,2004-05-06,17.297460556030273,17.581223205971327,17.18555510369137,17.581223205971327,95280
BBOX,2004-05-07,17.297460556030273,17.501290086616066,17.18555510369137,17.18555510369137,58340
BBOX,2004-05-10,17.58521842956543,17.665151545528385,17.105621258385078,17.185554374348033,301220
BBOX,2004-05-11,17.30145835876465,17.47331403483109,16.893800814927793,16.945757572123977,109360
BBOX,2004-05-12,17.24550437927246,17.50528509719381,17.18155819221211,17.50528509719381,278580
BBOX,2004-05-13,17.365402221679688,17.501288051402323,16.78588907949206,16.78588907949206,134020
BBOX,2004-05-14,17.077646255493164,18.332591244806263,16.785891654918892,18.332591244806263,882450
BBOX,2004-05-17,16.50212860107422,16.78588970397617,15.027367315625455,16.066494735868087,328930
BBOX,2004-05-18,17.34541893005371,19.18387279655095,15.02736641412602,15.02736641412602,278350
BBOX,2004-05-19,17.37739372253418,17.505286104010622,17.185555150319516,17.505286104010622,126100
BBOX,2004-05-20,17.189550399780273,17.58521848655051,17.113614777897954,17.561238094304702,119520
BBOX,2004-05-21,17.381389617919922,17.489297566127505,17.10562045699721,17.18555356921535,79480
BBOX,2004-05-24,17.177560806274414,17.665151438558226,17.145588474841265,17.665151438558226,278470
BBOX,2004-05-25,17.18555450439453,17.265487620962357,17.06565559184149,17.145588708409313,420810
BBOX,2004-05-26,17.18555450439453,17.625184358621482,17.117612346300184,17.273481085078878,448880
BBOX,2004-05-27,17.189550399780273,17.58521848655051,17.02568819759404,17.185554430037996,60770
BBOX,2004-05-28,17.13759422302246,17.34541970387503,17.105620368461775,17.34541970387503,174630
BBOX,2004-05-31,17.069650650024414,17.26548669892741,16.38622551283162,17.257493235237767,142830
BBOX,2004-06-01,17.18555450439453,17.265487620962357,17.06565559184149,17.145588708409313,96260
BBOX,2004-06-02,17.18555450439453,17.253496662488878,17.14958467816888,17.20553740238714,59060
BBOX,2004-06-03,17.165573120117188,17.38538806661465,17.109620390964835,17.34142477239565,91960
BBOX,2004-06-04,17.18555450439453,17.265487620962357,17.105621387826705,17.105621387826705,74690
BBOX,2004-06-07,17.18555450439453,17.341423243173224,17.18555450439453,17.18555450439453,57050
BBOX,2004-06-08,17.19754409790039,17.225520460269202,17.14558886755683,17.185554663913017,52400
BBOX,2004-06-09,17.205535888671875,17.265486101972765,17.18555299243733,17.18555299243733,44670
BBOX,2004-06-10,17.22551918029785,17.2654864982816,17.18555338691139,17.18954935641112,55730
BBOX,2004-06-11,17.205535888671875,18.300615982733696,17.193546455850598,17.29346246162058,581960
BBOX,2004-06-14,17.19754409790039,17.373397260901374,17.177561199722298,17.225520460269202,143350
BBOX,2004-06-15,17.19754409790039,17.41736055165162,17.185554663913017,17.22951795466326,73560
BBOX,2004-06-16,17.19754409790039,17.269483751019447,17.193548128103732,17.225520460269202,47380
BBOX,2004-06-17,17.24550437927246,18.180718317903505,17.20553705948639,17.345420391841603,537240
BBOX,2004-06-18,17.253498077392578,17.445338182726502,17.193549378498552,17.345422159972276,102790
BBOX,2004-06-21,17.201541900634766,17.349417179320223,17.06965202601988,17.34542120945194,282880
BBOX,2004-06-22,17.205535888671875,17.301455925033853,17.18555299243733,17.18555299243733,80720
BBOX,2004-06-23,17.169567108154297,17.2255198308474,17.157577674605015,17.20154096374884,185740
BBOX,2004-06-24,17.117610931396484,17.185553083874883,17.02568686395342,17.105619973914152,65750
BBOX,2004-06-25,17.27747917175293,17.705119644500225,17.15758024450933,17.705119644500225,131750
BBOX,2004-06-28,17.9591064453125,18.040739058739167,17.399925612410616,17.795841218459167,187280
BBOX,2004-06-29,17.66522979736328,18.036656712185426,17.567271906098437,18.036656712185426,121530
BBOX,2004-06-30,17.632579803466797,17.779518215022712,17.60400861866568,17.665231918805446,46190
BBOX,2004-07-01,18.13869857788086,18.285636983839666,17.567273346612183,17.571354276994267,311930
BBOX,2004-07-02,17.70604705810547,18.244820136431212,17.59176077448212,18.1223719926322,89220
BBOX,2004-07-05,17.61625099182129,17.959106727999973,17.489720361167652,17.959106727999973,46470
BBOX,2004-07-06,17.5387020111084,17.63257897921122,17.306050056024716,17.555027289508182,36500
BBOX,2004-07-07,17.26523208618164,17.718291625169346,17.195845374739452,17.44890508266485,97850
BBOX,2004-07-08,17.61625099182129,18.922368156169266,17.346864453181794,17.550945211454522,884170
BBOX,2004-07-09,18.085636138916016,18.33053240952186,17.224415147965846,17.23257856458771,364370
BBOX,2004-07-12,17.991758346557617,18.122369892408177,17.718289351986954,18.122369892408177,125450
BBOX,2004-07-13,17.893798828125,18.122369810840922,17.795839390671766,17.967268016961818,71650
BBOX,2004-07-14,17.767271041870117,17.877474842675134,17.714211163603494,17.877474842675134,54390
BBOX,2004-07-15,17.836658477783203,17.999922149217564,17.640741137854402,17.755025863559716,31200
BBOX,2004-07-16,18.10604476928711,18.204002659416858,17.77543338682088,17.77543338682088,72870
BBOX,2004-07-19,18.70604133605957,18.91012207562638,18.204001346554243,18.281553024077617,223100
BBOX,2004-07-20,19.19583511352539,19.506038729763404,18.3672677552546,18.775429260926924,252010
BBOX,2004-07-21,19.963180541992188,19.999915142289147,19.265224693362693,19.510120990667282,290030
BBOX,2004-07-22,20.077465057373047,20.734605368394142,19.999914927362934,20.734605368394142,306110
BBOX,2004-07-23,20.78766632080078,20.971339316049917,20.49378952840216,20.734604887281556,521780
BBOX,2004-07-26,21.008075714111328,21.224400839811473,20.816239285199714,20.816239285199714,253210
BBOX,2004-07-27,20.922359466552734,21.061134449854645,20.816238153210186,20.8978707710959,223030
BBOX,2004-07-28,20.55501365661621,20.93052149413688,20.334606070064904,20.93052149413688,66510
BBOX,2004-07-29,20.832563400268555,21.06113284451108,20.681542523736816,21.06113284451108,106140
BBOX,2004-07-30,21.18358039855957,21.387661128576475,20.820315391239063,21.122355556749536,309700
BBOX,2004-08-02,21.036645889282227,21.599907686578586,20.8774631397414,21.46113425939956,133080
BBOX,2004-08-03,21.065216064453125,21.714192936390216,20.995827797170325,21.203991042006106,140390
BBOX,2004-08-04,20.689706802368164,21.05297186155044,17.5509452871254,19.59175287865161,107220
BBOX,2004-08-05,22.7835750579834,23.097859603308592,20.90195027300453,21.632559739785982,979230
BBOX,2004-08-06,22.697864532470703,23.542758834569124,22.61215097881151,22.87337412730398,804640
BBOX,2004-08-09,23.293777465820312,23.50194070976585,22.69377954234655,22.848881353539536,496110
BBOX,2004-08-10,24.93866539001465,25.25703239788294,23.510100233797484,23.510100233797484,1819620
BBOX,2004-08-11,23.87744903564453,25.616216434180263,23.673368274656116,25.061118072182392,1165990
BBOX,2004-08-12,23.701940536499023,24.403978884528236,22.946842309244506,22.946842309244506,483280
BBOX,2004-08-13,23.88153076171875,23.98765363289674,23.326432381220183,23.83663430069558,274890
BBOX,2004-08-16,23.901939392089844,24.244795134331326,23.877449140139504,23.877449140139504,186440
BBOX,2004-08-17,23.85704231262207,24.363161750045034,23.755001927672456,24.16316346747091,155220
BBOX,2004-08-18,23.95092010498047,24.799895327359607,23.852960646968803,23.999899055479922,272580
BBOX,2004-08-19,23.76316261291504,24.4447915586356,23.47744925650618,24.4447915586356,120060
BBOX,2004-08-20,23.444795608520508,23.918262878344677,23.2774494585916,23.754999215274726,115070
BBOX,2004-08-23,23.657041549682617,23.795816530078106,23.02031056893727,23.02031056893727,85880
BBOX,2004-08-24,23.9427547454834,24.0815297248222,23.34683929885727,23.66520478680579,95060
BBOX,2004-08-25,24.016223907470703,24.48561027843974,23.689695002759155,24.48561027843974,120310
BBOX,2004-08-26,24.59989356994629,24.81621866475098,24.081528282780525,24.163160893446697,368460
BBOX,2004-08-27,26.293766021728516,26.677438871103174,24.775406130776094,24.80805824477939,983690
BBOX,2004-08-30,26.991718292236328,27.51008512991876,26.448865875594752,27.42845096326304,489480
BBOX,2004-08-31,27.24886131286621,27.34681919626914,25.481521354756257,26.93865771572781,375760
BBOX,2004-09-01,27.1304988861084,28.293758687636277,26.775397214473355,27.34682401063501,708650
BBOX,2004-09-02,26.971311569213867,27.66926733211319,26.775392687019764,27.14273864486809,488290
BBOX,2004-09-03,26.930500030517578,27.51008867535656,24.685609982569645,27.51008867535656,350790
BBOX,2004-09-06,27.9713077545166,29.30599763475663,26.285601840925345,26.53049812387919,628450
BBOX,2004-09-07,28.012123107910156,28.930486498776514,27.59579974088848,28.236613182398667,322060
BBOX,2004-09-08,28.224365234375,28.65293289368463,25.55090645867422,25.55090645867422,188410
BBOX,2004-09-09,27.599884033203125,28.32641106503351,27.003968567611622,28.32641106503351,176690
BBOX,2004-09-10,27.318256378173828,28.163150776920403,27.040706361898213,27.106013713504673,99340
BBOX,2004-09-13,26.877431869506836,28.154979248981387,26.212129802059682,28.154979248981387,126420
BBOX,2004-09-14,26.03662109375,26.975390626121268,25.87743836621694,26.938657587779,138450
BBOX,2004-09-15,26.67743492126465,26.857026971237087,25.489685061636717,26.285600269163425,192280
BBOX,2004-09-16,26.746824264526367,26.889680175628975,25.795808719873314,25.795808719873314,44330
BBOX,2004-09-17,27.34682273864746,27.74682241156302,26.122338138409514,26.122338138409514,387070
BBOX,2004-09-20,27.82436752319336,28.8570155759911,27.612124922399254,27.754980818513072,176610
BBOX,2004-09-21,28.25702476501465,28.816204081455332,27.999881002014526,28.277430973585417,255660
BBOX,2004-09-22,29.077425003051758,29.59170937585575,28.571305604274517,28.714161509490854,523860
BBOX,2004-09-23,29.534568786621094,29.714160857687702,28.979468852438277,29.142734088496525,320720
BBOX,2004-09-24,29.99171257019043,30.195793348633675,29.387632095827186,29.714162586946596,219940
BBOX,2004-09-27,29.126401901245117,30.852923125279133,28.98354601370474,28.98354601370474,156890
BBOX,2004-09-28,28.608041763305664,29.79579337761118,28.43253528492944,29.469262889506602,57690
BBOX,2004-09-29,28.959060668945312,29.297835502133573,28.612123974944602,28.979469992014675,146990
BBOX,2004-09-30,29.53048324584961,29.673339144869466,28.97946585590156,29.371300513509617,59180
BBOX,2004-10-01,29.84885025024414,30.203951886718144,28.40804061118932,28.820284610218884,148010
BBOX,2004-10-04,28.914159774780273,30.812111412594238,28.742732688532605,30.612113145305294,132420
BBOX,2004-10-05,28.65701675415039,29.550891379892818,28.571303218178844,29.46925721656878,89930
BBOX,2004-10-06,27.85293960571289,29.305996648519557,27.59171649748306,29.305996648519557,155660
BBOX,2004-10-07,28.795795440673828,29.216201292832576,27.795797884407477,28.31824411287758,378690
BBOX,2004-10-08,29.722320556640625,29.820278445541494,28.816201520738435,28.975384257961778,179480
BBOX,2004-10-11,29.399873733520508,32.244760020955155,28.17130668864312,28.17130668864312,176660
BBOX,2004-10-12,29.383544921875,29.469258461467426,29.08150628987906,29.469258461467426,145460
BBOX,2004-10-13,29.383544921875,29.469258461467426,29.08150628987906,29.469258461467426,0
BBOX,2004-10-14,29.493751525878906,29.71415911452365,28.65293669941373,29.216201575069807,152100
BBOX,2004-10-15,30.097829818725586,30.448848977448385,28.57130659541208,28.57130659541208,109260
BBOX,2004-10-18,30.85292625427246,31.183539186423822,29.469259020008767,30.775377686900015,172190
BBOX,2004-10-19,30.236602783203125,31.02027206700355,30.04068390524056,30.775375805069032,141190
BBOX,2004-10-20,30.171297073364258,30.612112236942245,29.877420297645596,30.04068551904764,221040
BBOX,2004-10-21,26.028459548950195,29.069263094596238,24.69377123110515,29.069263094596238,2911360
BBOX,2004-10-22,26.028459548950195,29.069263094596238,24.69377123110515,29.069263094596238,0
BBOX,2004-10-25,24.26112174987793,25.714177415130525,24.081531230042874,25.673361883308427,1919890
BBOX,2004-10-26,23.608062744140625,24.852955087988324,23.367247381336306,24.693772341848845,849250
BBOX,2004-10-27,24.452957153320312,25.51009557628194,23.750918824816978,24.05703997173236,1487220
BBOX,2004-10-28,23.64887809753418,24.897852919254102,23.514185604502824,24.652956628099286,609070
BBOX,2004-10-29,24.097856521606445,24.40805859181258,22.775412511329964,23.897856691661765,974070
BBOX,2004-11-01,24.510099411010742,24.734587939696926,23.436634157895707,23.67336859117352,78170
BBOX,2004-11-02,25.41213607788086,25.918257058277682,24.652956942804625,24.652956942804625,475610
BBOX,2004-11-03,26.175395965576172,26.367232369491703,24.97948419884152,24.97948419884152,407420
BBOX,2004-11-04,26.95906639099121,27.183553331508293,26.326414865663754,26.367230389937323,410380
BBOX,2004-11-05,25.91417694091797,27.461107999037427,25.346831090648852,27.101926963760665,194880
BBOX,2004-11-08,26.338661193847656,26.693762821205702,25.877439818196507,25.959070872887377,114440
BBOX,2004-11-09,26.134580612182617,26.922332439744146,25.8774399856201,26.922332439744146,150330
BBOX,2004-11-10,27.003965377807617,27.26518847942879,25.734581351655503,25.734581351655503,379960
BBOX,2004-11-11,26.746824264526367,27.183556972197376,26.448868094801686,26.861108993408454,68750
BBOX,2004-11-12,26.848861694335938,27.101922933344788,26.77947499000326,27.02028876881372,40830
BBOX,2004-11-15,26.746824264526367,26.746824264526367,26.746824264526367,26.746824264526367,0
BBOX,2004-11-16,26.738664627075195,27.59172079145236,26.469276503150468,27.59172079145236,112350
BBOX,2004-11-17,26.88151741027832,27.0121289694642,26.657027333228275,26.857028716063844,114210
BBOX,2004-11-18,26.722335815429688,26.93866092766537,26.391725973260083,26.75906885832616,125600
BBOX,2004-11-19,26.34682846069336,28.16314605485268,26.20396943151364,28.16314605485268,89070
BBOX,2004-11-22,25.60805320739746,26.10600917886833,25.22438040072496,26.040703401117437,234340
BBOX,2004-11-23,26.95906639099121,27.10192228296115,25.65703030269755,25.714172659485527,311050
BBOX,2004-11-24,27.43253517150879,27.673352085723256,26.775394880313286,27.58763542684972,179130
BBOX,2004-11-25,26.938657760620117,27.428450292475947,26.697843981431408,27.428450292475947,52800
BBOX,2004-11-26,26.938657760620117,26.938657760620117,26.938657760620117,26.938657760620117,0
BBOX,2004-11-29,26.91008758544922,27.33049342854776,26.542741615840022,27.020289819319434,148780
BBOX,2004-11-30,26.34274673461914,27.093762489718365,25.55091233341738,27.093762489718365,126760
BBOX,2004-12-01,26.03253936767578,26.342742972404597,25.795806512815652,26.342742972404597,52430
BBOX,2004-12-02,25.78764533996582,26.522337332453578,25.657033776193035,26.32641842978174,190010
BBOX,2004-12-03,25.80805206298828,26.285601838826523,25.714175102629714,25.901929023346845,123670
BBOX,2004-12-06,25.248870849609375,26.775394000408212,25.069278791624168,26.775394000408212,86710
BBOX,2004-12-07,24.416223526000977,25.550912124188905,24.171327221518588,25.34683135144934,203080
BBOX,2004-12-08,24.787649154663086,25.624379967088718,24.571324045283266,24.816220336769376,102620
BBOX,2004-12-09,25.057035446166992,25.367239073077283,24.897852702600257,25.367239073077283,84490
BBOX,2004-12-10,25.501930236816406,25.632541791761973,25.02846296088559,25.02846296088559,123310
BBOX,2004-12-13,26.028459548950195,26.25294806692136,25.5917268600024,25.603971206996935,266000
BBOX,2004-12-14,26.02437973022461,26.367235494337937,25.877442880186965,26.367235494337937,176540
BBOX,2004-12-15,25.665197372436523,26.322336126055447,25.3060147910516,26.322336126055447,204010
BBOX,2004-12-16,25.514175415039062,25.999888610521662,25.395809759958208,25.510094485007006,152080
BBOX,2004-12-17,25.416217803955078,26.122337040232345,25.306014007725086,26.122337040232345,91550
BBOX,2004-12-20,25.681522369384766,25.82846076729939,25.16723953369624,25.710095108546078,85420
BBOX,2004-12-21,25.616214752197266,26.122335691301753,25.3876453113864,26.040703080863928,104040
BBOX,2004-12-22,25.32642364501953,25.877442666917258,25.23254667618053,25.63254480484736,83230
BBOX,2004-12-23,25.46927833557129,25.628461072154067,25.306013112043402,25.628461072154067,59270
BBOX,2004-12-24,25.473358154296875,26.0162136753858,25.436623558456176,25.959069759734994,58240
BBOX,2004-12-27,25.62030029296875,25.877442501544394,25.387648337547414,25.877442501544394,60960
BBOX,2004-12-28,25.22437858581543,25.877437873348928,25.142745980247188,25.85702855419753,114800
BBOX,2004-12-29,25.11009407043457,25.652948021275392,25.061115129511986,25.477438462872637,47820
BBOX,2004-12-30,24.587650299072266,25.306013878937193,24.48969085058438,25.191729153211835,111130
BBOX,2004-12-31,24.53866958618164,24.97948476508323,24.35091566495138,24.816219538005768,207690
BBOX,2005-01-03,24.473365783691406,25.285607940644503,24.293775265009103,24.979486782905497,196910
BBOX,2005-01-04,24.359079360961914,25.18356580882102,24.16316202043291,24.816219822196253,213130
BBOX,2005-01-05,23.85295867919922,24.714179735915646,23.355002683339762,24.710098805799337,104780
BBOX,2005-01-06,23.59173583984375,24.371324290519652,22.555005192386222,23.59173583984375,87830
BBOX,2005-01-07,25.22437858581543,25.583561116108232,22.86520578266913,22.86520578266913,1043980
BBOX,2005-01-10,25.089685440063477,26.28559864221567,25.061114262429456,25.632539372122245,141830
BBOX,2005-01-11,24.559080123901367,25.469281765685146,24.244797095354375,25.461118347708076,117070
BBOX,2005-01-12,24.2692813873291,25.04478882725356,23.877446737625426,24.489688961667106,109660
BBOX,2005-01-13,23.624387741088867,24.48152625685958,23.350918730087233,24.08152817903241,110670
BBOX,2005-01-14,23.44887924194336,24.444792773507935,23.05704456300116,23.836632990839593,79770
BBOX,2005-01-17,23.755001068115234,24.073366559394138,23.387655072783687,23.42847215949422,78390
BBOX,2005-01-18,24.420305252075195,24.734588262125097,24.040714902052382,24.040714902052382,63980
BBOX,2005-01-19,24.314180374145508,24.816218831141654,22.457045864847757,22.457045864847757,79430
BBOX,2005-01-20,27.1672306060791,27.73457488711886,25.88152271294166,26.85703008348459,1172930
BBOX,2005-01-24,29.363142013549805,29.68966937523811,26.248867488460945,27.036619380646773,1132560
BBOX,2005-01-25,29.852933883666992,30.563134069862038,28.734572169815554,28.734572169815554,662460
BBOX,2005-01-27,30.044771194458008,30.59578865039499,29.387630866243583,29.387630866243583,270440
BBOX,2005-01-28,29.65701675415039,30.44884796448653,28.995793988176224,29.959055399040977,246600
BBOX,2005-01-31,28.86518096923828,30.20395015347252,28.65293525133284,29.632523446682896,139200
BBOX,2005-02-01,29.024364471435547,29.51007765220924,28.40803973541495,28.693754653409815,237990
BBOX,2005-02-02,29.954971313476562,31.346803480350022,29.0202811335754,29.0202811335754,349000
BBOX,2005-02-03,31.461088180541992,32.97128443756238,30.379459616663866,30.379459616663866,417170
BBOX,2005-02-04,30.591703414916992,32.53047055484366,30.203951232541716,31.83659724511154,157150
BBOX,2005-02-07,31.828433990478516,32.57128776908448,30.938641828058188,30.938641828058188,187930
BBOX,2005-02-08,31.326400756835938,34.277410302537184,31.02027957680171,34.277410302537184,165050
BBOX,2005-02-09,31.0937442779541,31.926394140648966,29.305997966713054,31.024357567902502,160820
BBOX,2005-02-10,30.979461669921875,31.342725193289088,30.710073557388647,31.105990751491785,69580
BBOX,2005-02-11,30.7386417388916,31.101905226783106,30.53048161483588,31.020274171940684,80890
BBOX,2005-02-14,30.069257736206055,32.16312827839794,29.795790271491292,31.265171086732398,147610
BBOX,2005-02-15,31.742721557617188,32.571292098606335,29.714161322027724,29.795792384319803,1259340
BBOX,2005-02-16,32.587615966796875,33.71414269285501,25.787646307168824,25.787646307168824,1145730
BBOX,2005-02-17,33.6080207824707,33.877408902208465,32.24476269005384,33.04884144778408,546640
BBOX,2005-02-18,34.420257568359375,35.101886477000264,33.608013999642495,33.608013999642495,710840
BBOX,2005-02-21,33.47740173339844,35.35494694927593,33.30597466677391,35.35494694927593,201300
BBOX,2005-02-22,32.63250732421875,33.78760499782129,32.40802039071485,32.73454768872728,240750
BBOX,2005-02-23,31.738637924194336,33.22434547947374,26.53049650716791,26.53049650716791,243300
BBOX,2005-02-24,31.579456329345703,32.408023674876304,31.440679800257882,31.738639064988277,114210
BBOX,2005-02-25,31.546802520751953,32.08149308607865,31.43251779967679,31.754965756438914,101530
BBOX,2005-02-28,32.82843017578125,33.29373404525169,31.591701306187442,31.754966532007373,278070
BBOX,2005-03-01,31.967206954956055,32.95903947485957,31.510064976794464,32.95903947485957,157030
BBOX,2005-03-02,33.60394287109375,33.959041444710834,32.081498841849175,32.244764092973156,297290
BBOX,2005-03-03,32.84068298339844,34.69373707869665,32.652929015243906,34.69373707869665,125480
BBOX,2005-03-04,33.040672302246094,34.28148364054285,32.93863192686668,33.38761206975622,218450
BBOX,2005-03-07,32.35496139526367,33.38761262712341,32.081493932047636,33.38761262712341,85210
BBOX,2005-03-08,31.60394859313965,33.05292332529838,31.522317529648507,32.15904854415071,158210
BBOX,2005-03-09,31.424354553222656,32.550881220362264,30.61211400034069,31.754967501963517,172740
BBOX,2005-03-10,32.03659439086914,32.40802284048897,31.34680359218594,31.34680359218594,519880
BBOX,2005-03-11,33.122310638427734,33.46924733556446,31.918232189037848,31.918232189037848,283440
BBOX,2005-03-14,32.7590446472168,33.105981318318996,32.43251418381162,32.9794522429115,114130
BBOX,2005-03-15,32.65291976928711,33.0610812664032,32.27332945240814,33.0610812664032,613080
BBOX,2005-03-16,32.954959869384766,33.387613193087276,31.9386385683385,32.652921220026585,104320
BBOX,2005-03-17,32.134559631347656,32.97537141293678,31.930478859969675,32.48965818056905,30820
BBOX,2005-03-18,32.167205810546875,32.408022707293895,31.448843835154957,31.83659600239463,51210
BBOX,2005-03-21,32.293739318847656,32.61210479373663,32.0080243976209,32.163127762123324,32750
BBOX,2005-03-22,31.236602783203125,32.652923853596974,31.114156187167428,31.99986599933013,49390
BBOX,2005-03-23,31.032520294189453,32.244760523507125,30.632523742941896,31.75496793838043,168710
BBOX,2005-03-24,31.04476547241211,31.67333461236003,30.228442399340842,31.34680725154676,112560
BBOX,2005-03-28,31.126401901245117,31.591705837455123,30.28558695758135,30.367221139212873,100360
BBOX,2005-03-29,31.183542251586914,31.844761952833508,30.40803470345872,30.40803470345872,129320
BBOX,2005-03-30,32.03659439086914,32.23659576252214,30.20803266450623,31.0284350150725,70680
BBOX,2005-03-31,32.56311798095703,32.816179185449144,31.787610650825954,32.16312152840043,81010
BBOX,2005-04-01,32.64476013183594,33.11822588142914,31.020275892554704,31.020275892554704,441680
BBOX,2005-04-04,33.616180419921875,34.77535755176917,33.06108054680415,34.12229979340273,200220
BBOX,2005-04-05,33.101898193359375,34.20393615059873,30.367217292627892,34.20393615059873,44720
BBOX,2005-04-06,33.18353271484375,34.448832799967654,32.49782123888898,34.448832799967654,33360
BBOX,2005-04-07,32.877410888671875,33.46108197275589,32.652920812476026,33.22434754949939,24590
BBOX,2005-04-08,32.52230453491211,32.816181277827916,32.2447546237166,32.816181277827916,19900
BBOX,2005-04-11,32.37945556640625,32.73455411159418,32.24476151146063,32.24476151146063,15550
BBOX,2005-04-12,32.17536926269531,32.48965222281491,32.101900073910556,32.4080211748429,15910
BBOX,2005-04-13,32.232505798339844,32.81617671660902,32.20393462530671,32.285565658537294,34610
BBOX,2005-04-15,31.310070037841797,32.32639135760676,31.11415425076737,32.32639135760676,38150
BBOX,2005-04-18,30.95496940612793,31.754968757304738,30.37130139891206,31.754968757304738,640640
BBOX,2005-04-19,31.387622833251953,32.10190552334665,31.18354206465347,31.42843836416657,28950
BBOX,2005-04-20,30.616195678710938,31.959047417736166,28.56314378556551,28.56314378556551,48360
BBOX,2005-04-21,31.542722702026367,31.836599503378537,30.775380142737657,30.775380142737657,23510
BBOX,2005-04-22,32.49781799316406,32.65291823372527,31.959044966868593,32.24475675580371,81930
BBOX,2005-04-25,32.6937370300293,33.45700019116329,32.65292150095815,32.97128698734845,35060
BBOX,2005-04-26,32.730472564697266,33.06108239213051,32.41210708435041,32.897817164919886,30880
BBOX,2005-04-27,32.65291976928711,33.0610812664032,32.65291976928711,32.65291976928711,23260
BBOX,2005-04-28,32.33455276489258,32.97536616038508,32.24475674154555,32.65291821928663,17960
BBOX,2005-04-29,32.57537078857422,32.81618771112748,31.83659941404413,32.57129141536298,67090
BBOX,2005-05-02,32.08149337768555,32.816185325596905,31.918228154369118,32.652920102280476,34560
BBOX,2005-05-03,32.32230758666992,32.64883489204141,32.08149070170952,32.34679627821595,14170
BBOX,2005-05-04,32.65291976928711,32.81618499093856,32.408023493822476,32.408023493822476,514680
BBOX,2005-05-05,32.714149475097656,32.97945511042916,32.48965937273434,32.65292461863261,62080
BBOX,2005-05-06,33.040672302246094,33.14271267762552,32.67740881501737,32.67740881501737,26530
BBOX,2005-05-09,33.13454818725586,33.36720010008999,32.83250957203828,33.36720010008999,25850
BBOX,2005-05-10,33.04475784301758,33.70598065763213,32.816188377532484,33.3059809790078,47500
BBOX,2005-05-11,32.92230987548828,33.14271435713473,32.4978215187159,32.97945223947444,29580
BBOX,2005-05-12,33.41618347167969,33.583528069117506,32.82842990911239,33.06108184195775,52870
BBOX,2005-05-13,34.81209945678711,35.10189378762983,33.46924756494937,33.46924756494937,244680
BBOX,2005-05-16,35.42841720581055,36.24474015420226,35.195765290079905,35.836578680006404,259530
BBOX,2005-05-17,35.33045959472656,36.32637468366569,35.10189014376685,36.081478398490965,275950
BBOX,2005-05-18,32.795780181884766,35.88556301552539,32.24476270778469,34.693732027363275,588810
BBOX,2005-05-19,32.44475555419922,33.79577218639816,32.09781891493091,33.79577218639816,205110
BBOX,2005-05-20,31.750885009765625,32.48557387724131,31.428437035330504,32.244760075209214,129870
BBOX,2005-05-23,31.48966407775879,32.526394784242655,30.869256780417423,31.746804732168084,119530
BBOX,2005-05-24,31.48966407775879,31.754969706989293,31.101908738414064,31.428439222701677,292370
BBOX,2005-05-25,31.461088180541992,32.244757488595006,31.183538244686755,31.673330783713634,72550
BBOX,2005-05-26,31.628435134887695,31.99986361072966,31.18762306242752,31.4692523921055,36160
BBOX,2005-05-27,31.734554290771484,32.1631250798581,31.59578088571099,31.828432799037323,64240
BBOX,2005-05-30,30.85292625427246,31.714147267389702,30.693743518580185,31.5100665176278,168480
BBOX,2005-05-31,30.261091232299805,30.734560033727863,29.799869890791356,30.61211034673098,154000
BBOX,2005-06-01,30.257007598876953,30.93047462378467,30.20394773066929,30.20394773066929,123060
BBOX,2005-06-02,29.763137817382812,30.693745601196188,29.46926101954168,30.612114541362683,107690
BBOX,2005-06-03,29.326406478881836,30.203954426232883,29.142735028656823,30.203954426232883,217670
BBOX,2005-06-06,31.28558349609375,31.816191643794237,29.534570069228586,30.081505052646467,225410
BBOX,2005-06-07,30.542720794677734,31.754960749563608,30.30598641604842,31.67332659450629,81960
BBOX,2005-06-08,30.383543014526367,30.848846874761744,29.8202781523282,30.61211245772266,112070
BBOX,2005-06-09,30.587623596191406,30.99578509338521,30.05701240422943,30.203950792341207,54720
BBOX,2005-06-10,31.338638305664062,31.510065381919336,30.44884614421169,30.775376577671732,172960
BBOX,2005-06-13,31.359050750732422,31.681498729552246,30.85701070420907,31.681498729552246,60390
BBOX,2005-06-14,31.20802879333496,31.510067439895913,31.020274871741652,31.420274523153623,51590
BBOX,2005-06-15,31.02027702331543,31.51006962544182,30.75088891232812,30.942725334269007,172010
BBOX,2005-06-16,30.465171813964844,31.061087185352957,30.216193068614515,31.020271661235252,114570
BBOX,2005-06-17,30.257007598876953,30.93047462378467,30.040682525536393,30.530478140935088,52550
BBOX,2005-06-20,29.75905418395996,30.85700641745889,29.387625752632253,30.08149900395945,106640
BBOX,2005-06-21,29.804515838623047,30.78808021929325,29.36232474548389,29.862372381430404,40370
BBOX,2005-06-22,29.664005279541016,30.664100566262842,29.424312082673588,29.75492360614212,139670
BBOX,2005-06-23,30.300424575805664,30.556648614782677,29.58961214433906,29.746654006559783,43350
BBOX,2005-06-24,30.230175018310547,30.45333731285492,30.085533666183178,30.45333731285492,36840
BBOX,2005-06-27,30.250835418701172,30.490528597188415,30.250835418701172,30.292164220674426,42150
BBOX,2005-06-28,30.420278549194336,30.58145080797371,30.33349372930893,30.33349372930893,50620
BBOX,2005-06-29,30.19710922241211,30.58144370865214,30.08552966644643,30.58144370865214,58080
BBOX,2005-06-30,30.564918518066406,30.8707321293379,30.333492342287457,30.416143647081316,39960
BBOX,2005-07-01,30.449209213256836,30.738491968921675,30.41614742605355,30.738491968921675,23490
BBOX,2005-07-04,30.440942764282227,30.7467563876433,30.089666822658568,30.37481919547697,24180
BBOX,2005-07-05,30.478132247924805,30.65996889332941,30.06900294870947,30.416142195814597,195280
BBOX,2005-07-06,31.093894958496094,31.325324291110487,30.502928975744997,30.56078552066229,45160
BBOX,2005-07-07,30.65996742248535,31.00297314220952,30.44506900587191,30.99470927369894,38970
BBOX,2005-07-08,30.58144760131836,30.812873763412966,30.58144760131836,30.58558111219719,55220
BBOX,2005-07-11,30.498804092407227,30.994718324419622,30.4161496184413,30.90379997953,24370
BBOX,2005-07-12,31.098026275634766,31.234403758865945,30.4987964657208,30.4987964657208,49710
BBOX,2005-07-13,30.8707275390625,31.242664661220605,30.60210926195165,30.60210926195165,14400
BBOX,2005-07-14,30.866601943969727,31.24266948171597,30.54012392819936,30.54012392819936,27510
BBOX,2005-07-15,31.317060470581055,31.49063012307869,30.99471592938672,30.99471592938672,62090
BBOX,2005-07-18,31.64353370666504,31.97827557880599,31.40797402757602,31.40797402757602,69810
BBOX,2005-07-19,31.62700843811035,32.06919960388541,31.49063092782896,32.06506609216444,40570
BBOX,2005-07-20,32.032005310058594,32.18904406252693,31.53608798399021,31.53608798399021,165990
BBOX,2005-07-21,32.70561981201172,33.06102609476606,32.15184913833806,32.15184913833806,290100
BBOX,2005-07-22,32.6353645324707,33.39163622967693,32.23449910325391,32.89571896709063,144200
BBOX,2005-07-25,32.81306838989258,34.21816260211424,32.73041393450008,33.55693957075457,65960
BBOX,2005-07-26,32.8337287902832,33.47428740300009,32.73041308842209,33.47428740300009,90800
BBOX,2005-07-27,30.4740047454834,32.069199759385306,30.250842405653295,32.069199759385306,160380
BBOX,2005-07-28,30.8707275390625,30.870727539062504,30.870727539062504,30.870727539062504,0
BBOX,2005-07-29,29.66813850402832,30.507061532014546,29.51523012413593,30.333491902695698,132890
BBOX,2005-08-01,28.977989196777344,30.00287919372167,28.68043947090802,29.754922139812237,164180
BBOX,2005-08-02,29.122631072998047,29.837573977187773,28.89120490557641,29.837573977187773,168190
BBOX,2005-08-03,29.10610008239746,29.672271271981362,29.011048247991823,29.011048247991823,105570
BBOX,2005-08-04,29.771451950073242,30.168183852520123,28.932528985768865,29.42430956484167,151110
BBOX,2005-08-05,28.9407958984375,31.31705720525922,28.68044144683731,30.16818702573665,204570
BBOX,2005-08-08,27.998559951782227,29.46564442814608,27.69687666389872,28.92840142619566,168920
BBOX,2005-08-09,28.18452262878418,28.597785442419987,27.936565571191704,28.26717708327837,173520
BBOX,2005-08-10,28.167993545532227,28.7506924453977,27.93656423694656,28.7506924453977,60230
BBOX,2005-08-11,28.758962631225586,29.011053243113917,27.688613273327267,28.51513904268032,440430
BBOX,2005-08-12,28.106008529663086,29.333399751839256,28.01922370575458,29.250745286489156,327740
BBOX,2005-08-16,27.672080993652344,28.515137614522104,27.60182706348289,28.101874750543523,658730
BBOX,2005-08-17,27.655546188354492,28.20518647639619,27.35799646391252,27.647282319539986,1037910
BBOX,2005-08-18,28.04815101623535,29.341662613281667,27.895242625302995,28.506873036087075,230280
BBOX,2005-08-19,28.205190658569336,28.907736270937935,27.9365691645653,28.511004297170853,66400
BBOX,2005-08-22,28.25065040588379,28.432487079946384,28.184526832426293,28.225855642309988,39370
BBOX,2005-08-23,27.713407516479492,28.515138506622762,27.605961438604307,28.506874636380644,147030
BBOX,2005-08-24,27.779529571533203,28.089476712269537,27.440654157112622,27.936568321112617,55160
BBOX,2005-08-25,27.659683227539062,28.01922304926064,27.581162275532588,27.936568585847144,47970
BBOX,2005-08-26,27.85391616821289,28.101873242706542,27.44065332640838,27.77126170808483,64410
BBOX,2005-08-29,27.97789192199707,28.34156522498083,27.461313392027073,27.87457621600307,52750
BBOX,2005-08-30,29.366453170776367,30.15992013252336,28.26717577684231,28.424214503705773,290930
BBOX,2005-08-31,30.55251693725586,31.655927784576427,29.341656886119342,29.341656886119342,584150
BBOX,2005-09-01,31.106292724609375,31.32119116806118,30.424411557784723,31.32119116806118,194100
BBOX,2005-09-02,30.676504135131836,31.242672247443892,30.58145228802171,30.58558579953401,90400
BBOX,2005-09-05,30.90379524230957,31.40797642090589,30.436809359532727,30.82940780361593,123690
BBOX,2005-09-06,30.57318115234375,31.002971659121005,30.17644611802752,30.994707791005748,83270
BBOX,2005-09-08,30.23430824279785,32.23449869999963,30.16818468076888,32.23449869999963,106320
BBOX,2005-09-09,30.407875061035156,30.91205613972866,30.13512012222273,30.91205613972866,211730
BBOX,2005-09-12,30.18885040283203,30.58144882248316,30.08966505544944,30.416143063123958,70160
BBOX,2005-09-13,30.052474975585938,30.746756690145343,29.920230989619636,30.581450919451136,335940
BBOX,2005-09-14,29.564823150634766,30.98644829064582,29.43257917153689,30.98644829064582,86590
BBOX,2005-09-15,30.031810760498047,31.407976817222718,29.630945288754344,31.407976817222718,161370
BBOX,2005-09-16,30.002880096435547,30.821141867195696,29.92022879362729,30.821141867195696,142980
BBOX,2005-09-19,31.222009658813477,31.482364119921392,29.093705345261842,31.242670909599312,202770
BBOX,2005-09-20,30.58144760131836,31.07736170664823,29.920227743230203,30.746753354076645,143670
BBOX,2005-09-21,30.056608200073242,30.66410193568805,28.928399242326574,30.1723212925713,150290
BBOX,2005-09-22,28.560596466064453,29.759059388942692,28.444883369900904,29.759059388942692,300520
BBOX,2005-09-23,28.122539520263672,28.928400854312763,27.771263558962062,28.928400854312763,51510
BBOX,2005-09-26,29.38711929321289,29.568955942403242,28.68044025151186,28.68044025151186,64330
BBOX,2005-09-27,29.680538177490234,29.837576927634174,29.358193654436928,29.754925617652177,37930
BBOX,2005-09-28,30.54012107849121,30.746752475297047,29.17635259839475,29.837572437584438,62950
BBOX,2005-09-29,29.763185501098633,30.746752984053916,29.754921632385415,30.664098532196988,54810
BBOX,2005-09-30,29.34579849243164,30.089669797358997,28.92840209368372,30.089669797358997,49810
BBOX,2005-10-03,29.701200485229492,30.573185301662363,29.630943408463438,29.750790006540647,370680
BBOX,2005-10-04,29.717729568481445,30.25083580781058,29.354056285286426,29.754921707201866,174150
BBOX,2005-10-05,29.610280990600586,29.837573644514052,29.358190424064816,29.837573644514052,90770
BBOX,2005-10-06,29.49456787109375,29.796247956604756,29.19701814356042,29.506965250916803,68790
BBOX,2005-10-07,29.887170791625977,30.16818967084205,29.457377026181067,29.457377026181067,37980
BBOX,2005-10-10,29.3085994720459,30.40788012545512,29.011049726673622,29.911962832186255,15150
BBOX,2005-10-11,29.287933349609375,29.655736958964727,28.94079098677884,29.341656374107515,9770
BBOX,2005-10-13,28.9697208404541,30.002877811603994,28.932528702906236,30.002877811603994,25850
BBOX,2005-10-14,28.32503318786621,29.052376611466162,28.101870893593098,29.052376611466162,36580
BBOX,2005-10-17,27.725801467895508,29.337527119010783,26.539739175803394,29.337527119010783,65500
BBOX,2005-10-18,29.362323760986328,30.498796482653788,26.614125458001475,26.614125458001475,210720
BBOX,2005-10-19,28.771360397338867,29.66814001407561,28.26717922208365,29.66814001407561,89220
BBOX,2005-10-20,28.498607635498047,29.50697006488432,28.101875651709726,29.50697006488432,40020
BBOX,2005-10-21,29.275537490844727,29.672272583958346,28.515135393758197,28.845746920371152,59850
BBOX,2005-10-24,29.321001052856445,29.754928352508795,28.515139671154262,28.515139671154262,76420
BBOX,2005-10-25,29.3375244140625,30.077265182350068,29.114362130365844,29.341657924763787,38780
BBOX,2005-10-26,30.27976417541504,31.407973014412754,29.920227554845354,30.60211181008936,458070
BBOX,2005-10-27,30.217777252197266,31.403839477422217,29.88716574903747,31.160015937374215,216040
BBOX,2005-10-28,29.982219696044922,30.610377812828954,29.589618114227864,30.40787990815416,142390
BBOX,2005-10-31,30.097936630249023,30.742625721028055,29.920233463823315,30.664104764042445,53440
BBOX,2005-11-02,30.58144760131836,30.66409890122501,29.845840312136225,30.002879043136854,63480
BBOX,2005-11-04,30.58144760131836,30.58144760131836,30.58144760131836,30.58144760131836,0
BBOX,2005-11-07,30.606246948242188,30.79634748887746,30.420279919105315,30.664103497437903,175280
BBOX,2005-11-08,31.63113784790039,31.821238374119627,30.66410117206446,30.7467556310371,215190
BBOX,2005-11-09,31.792306900024414,32.13944613391466,31.40797237510598,31.40797237510598,129760
BBOX,2005-11-10,31.45756721496582,31.90388866747028,31.160017477999435,31.90388866747028,87170
BBOX,2005-11-11,32.709754943847656,32.9659758908928,31.69725907775977,31.821239192936346,191750
BBOX,2005-11-14,34.63969039916992,36.780391991775325,33.97020347729307,34.4661207667021,1285470
BBOX,2005-11-16,34.18096923828125,35.45795305790469,33.88755299920256,34.96616926763232,387000
BBOX,2005-11-17,34.76780319213867,35.313310039893466,33.97433925957632,34.38346860715606,206420
BBOX,2005-11-18,35.75136947631836,36.367130230348444,34.47851916154929,34.79673016376892,487970
BBOX,2005-11-21,35.48274612426758,35.95386548878152,35.04468854219727,35.95386548878152,161340
BBOX,2005-11-22,35.557132720947266,35.91253899148401,35.185195559577984,35.185195559577984,144140
BBOX,2005-11-23,35.49514389038086,35.90840671658434,34.87938316216232,34.87938316216232,70720
BBOX,2005-11-24,35.09014892578125,35.9538667397948,34.96203530259072,35.21825939602655,57650
BBOX,2005-11-25,34.62729263305664,35.6191240478835,34.300814621558274,35.6191240478835,67550
BBOX,2005-11-28,34.78020095825195,35.54060304486802,34.63142608861922,35.077747544572276,41990
BBOX,2005-11-29,35.685245513916016,37.19365550672212,34.300815633977074,37.19365550672212,246600
BBOX,2005-11-30,36.1852912902832,37.41681587369247,35.30090911309507,37.31350016932054,515620
BBOX,2005-12-01,37.30937194824219,37.5242704094545,36.28448178120748,36.28448178120748,473820
BBOX,2005-12-02,38.13175964355469,38.66073871036056,37.03661567483295,37.598653371546256,373570
BBOX,2005-12-05,38.63180923461914,39.67323013845783,38.119361075210286,38.43344169663103,207830
BBOX,2005-12-06,40.975006103515625,41.987498673993464,37.276302255291895,37.276302255291895,649710
BBOX,2005-12-07,41.45439529418945,42.351178071026006,40.665064893655405,42.0701592081309,354890
BBOX,2005-12-08,41.768470764160156,42.40076233906094,41.32627969751454,41.4089309957316,186440
BBOX,2005-12-09,43.31821060180664,43.72320957079847,41.747810554460706,42.15280952345253,516250
BBOX,2005-12-12,43.119842529296875,43.80586034624613,42.85535456812119,43.39259751279097,363750
BBOX,2005-12-13,41.59490203857422,42.97933180755552,40.751845536303385,42.97933180755552,148240
BBOX,2005-12-14,40.31792068481445,42.152808658909436,39.673231678973586,40.83449922230108,213570
BBOX,2005-12-15,40.43363952636719,41.49159466568746,40.086500213192615,40.520427507606456,111370
BBOX,2005-12-16,40.62786865234375,40.88822625853722,39.673232504154996,40.251801108762976,86860
BBOX,2005-12-19,40.40884017944336,41.070060095942296,40.25180143457026,40.25180143457026,133090
BBOX,2005-12-20,40.46669387817383,41.14444463902242,40.25179860278442,40.25179860278442,124960
BBOX,2005-12-21,40.07823181152344,41.32628420728761,39.681496708541644,40.25180144848718,116840
BBOX,2005-12-22,39.867469787597656,41.23950239725241,39.755887046448606,41.23536888570546,135660
BBOX,2005-12-23,39.251705169677734,40.251800466385966,39.09466327563673,40.08649470300105,192890
BBOX,2005-12-26,38.62767791748047,39.259969554251384,37.35896113273984,39.259969554251384,67060
BBOX,2005-12-27,39.64430236816406,40.4129714640378,38.10696417641658,38.76405369841289,87550
BBOX,2005-12-28,39.43354034423828,40.003845094457226,38.76405654590519,40.003845094457226,52930
BBOX,2005-12-29,40.24766540527344,40.78903868538879,39.388077991131375,39.755881645202194,90880
BBOX,2005-12-30,40.70225143432617,40.91301634072417,39.70215623603747,40.25179650520043,107920
BBOX,2006-01-02,40.85516357421875,41.28495729522706,40.4997572886339,40.4997572886339,44460
BBOX,2006-01-03,40.82210159301758,41.239497931586946,40.66506285363923,41.239497931586946,60720
BBOX,2006-01-04,40.94607925415039,40.995668772596794,40.49975467046299,40.913017473222816,151050
BBOX,2006-01-05,40.561744689941406,41.160974492299445,39.67322903410934,39.67322903410934,118580
BBOX,2006-01-06,40.590675354003906,41.326282681259094,40.334451266319846,41.326282681259094,51960
BBOX,2006-01-09,40.37990951538086,41.16097598813919,40.33445035322497,41.16097598813919,110350
BBOX,2006-01-10,40.64853286743164,40.99567213682359,40.4997579939936,40.90475696122944,98700
BBOX,2006-01-12,40.3592529296875,40.7477178789807,40.02037435338881,40.7477178789807,40000
BBOX,2006-01-13,40.206336975097656,40.53281495558309,39.88399250531186,39.88399250531186,56200
BBOX,2006-01-16,39.31368637084961,40.065824489878,39.01200631289608,39.96250879686341,52010
BBOX,2006-01-17,39.39634323120117,39.830267276686065,39.30129140050738,39.34261704965667,33410
BBOX,2006-01-18,39.51205825805664,40.160880755818546,38.30946194496787,39.65669961368285,27790
BBOX,2006-01-19,40.68159103393555,40.913017192953305,40.003840294287876,40.4171030942167,118790
BBOX,2006-01-20,37.908599853515625,39.652566304872195,36.86717578180648,39.652566304872195,452150
BBOX,2006-01-23,35.12733840942383,37.937526743355726,34.887645225923315,37.19365243350758,237600
BBOX,2006-01-24,34.85045623779297,36.20182434442746,34.63142743590851,35.127341585347075,257460
BBOX,2006-01-25,34.090049743652344,35.127340323076055,33.656125666722616,35.127340323076055,273510
BBOX,2006-01-27,35.16453552246094,35.78442981737,34.13551187573661,34.13551187573661,135730
BBOX,2006-01-30,34.478519439697266,35.871216368677786,34.4247964046657,35.62325613820518,79220
BBOX,2006-01-31,34.052860260009766,35.03229121933013,33.970205796326454,34.10244978527435,114470
BBOX,2006-02-01,33.74704360961914,34.54877134152435,33.395767688025046,33.395767688025046,73330
BBOX,2006-02-02,33.18087387084961,34.11484877401357,33.077558160635085,34.11484877401357,76450
BBOX,2006-02-03,33.11888122558594,33.47428749318124,33.06102468462345,33.25939222002699,72470
BBOX,2006-02-06,33.82143020629883,34.29668311545179,33.06929194373291,33.22633384496947,109910
BBOX,2006-02-07,34.445457458496094,34.879384706399335,33.80490194128808,33.88755324900999,215790
BBOX,2006-02-08,34.56117248535156,34.78846832372964,33.68092371234691,34.30081801380115,170470
BBOX,2006-02-10,34.95790481567383,35.3339755424636,34.55704247846162,34.96203832721699,134350
BBOX,2006-02-13,35.61085510253906,35.705906934857786,34.55290333209571,35.12733837804222,71420
BBOX,2006-02-14,36.27207946777344,37.1936570235416,35.37529982735715,35.71830875439226,130950
BBOX,2006-02-15,35.912540435791016,36.78039174525865,35.2926461928934,36.78039174525865,68170
BBOX,2006-02-16,36.28447341918945,36.5282969464733,35.95386193333717,36.5282969464733,43190
BBOX,2006-02-17,36.35059356689453,36.52829668751501,36.081972130661974,36.284473161959696,309280
BBOX,2006-02-20,36.40845489501953,36.532435005887535,35.13973812597708,35.30504388948603,73270
BBOX,2006-02-21,36.29274368286133,36.44978243219421,35.953868268972734,36.07784838625078,133100
BBOX,2006-02-22,35.953861236572266,36.36712400940643,35.70590420346071,35.953861236572266,74340
BBOX,2006-02-23,35.98279571533203,36.11503969934704,34.891782058971955,34.891782058971955,34040
BBOX,2006-02-24,36.296878814697266,36.53243852568584,35.58606617018564,35.87121856088857,46970
BBOX,2006-02-27,36.482845306396484,36.863046386413615,35.54060647637774,35.54060647637774,32010
BBOX,2006-02-28,37.19365310668945,37.272174049968214,36.057180372873944,36.28447618081506,191940
BBOX,2006-03-01,37.19365310668945,38.00364784043729,35.139736425104395,35.139736425104395,239580
BBOX,2006-03-02,37.825950622558594,39.135993185776115,36.867180874157576,37.598657932004635,288300
BBOX,2006-03-03,38.20201873779297,38.68966902531324,37.280441198016106,38.01191820576918,121380
BBOX,2006-03-06,38.34252166748047,39.012008531346005,38.02017719141574,38.673133165105526,96450
BBOX,2006-03-07,38.25160217285156,38.76405029372188,38.02017602339066,38.02017602339066,64370
BBOX,2006-03-08,38.26400375366211,38.598748788542146,38.144160308063206,38.598748788542146,458490
BBOX,2006-03-09,38.27640151977539,38.67726378571725,36.04891528881497,36.04891528881497,156880
BBOX,2006-03-10,38.871498107910156,39.25996615034012,36.78452285168537,39.21864050077085,60430
BBOX,2006-03-13,39.05333709716797,40.08649416323061,38.685533433885276,39.2558349992916,159880
BBOX,2006-03-14,39.987308502197266,40.16914198606292,38.43757303741174,38.764051020346606,120030
BBOX,2006-03-16,40.74771499633789,45.04564912104499,39.75588355941391,45.04564912104499,84920
BBOX,2006-03-17,40.68159103393555,41.65689149400316,40.58240569183227,41.24362869407434,45460
BBOX,2006-03-20,40.6443977355957,41.326282019506586,38.115231293886765,38.115231293886765,44520
BBOX,2006-03-21,40.17327880859375,40.743580371589125,40.08649399376479,40.09889137403391,72460
BBOX,2006-03-22,40.18567657470703,41.11965145027152,39.929455638831456,39.929455638831456,23930
BBOX,2006-03-23,38.03257751464844,40.33445133796556,37.61931468710177,40.127819924192224,76680
BBOX,2006-03-24,38.8219108581543,39.66909775913667,38.230944891240526,39.17731714051895,30640
BBOX,2006-03-27,38.2309455871582,39.20624612587341,37.631712587172686,39.02027595914196,83500
BBOX,2006-03-28,37.7474250793457,38.83844184260051,37.606917231674,38.801246548664075,53040
BBOX,2006-03-29,37.68956756591797,39.13185706418058,37.60691626387868,39.13185706418058,11070
BBOX,2006-03-30,37.42094802856445,38.72685684496837,37.20191609475976,38.72685684496837,48790
BBOX,2006-03-31,37.693702697753906,38.433443548711566,37.68956918659068,38.00778333430997,24450
BBOX,2006-04-03,38.759925842285156,39.25170967777724,37.68957334496924,37.68957334496924,48930
BBOX,2006-04-04,38.689674377441406,39.24344515781927,38.210287893282285,38.84671314659055,20940
BBOX,2006-04-05,38.76405715942383,39.169052992711315,38.5160969234327,38.92109590966556,641710
BBOX,2006-04-07,37.966453552246094,39.41287331343202,37.61104730154768,39.41287331343202,58800
BBOX,2006-04-10,37.503597259521484,38.84670129360903,36.86303868977874,38.43343851388979,85540
BBOX,2006-04-12,38.9954833984375,40.90062541947337,37.693704769644356,38.43344566126297,32720
BBOX,2006-04-13,37.495338439941406,38.677267248375045,37.35896094756418,37.697836346445484,19300
BBOX,2006-04-17,37.230838775634766,37.93338732620246,36.87543571953849,37.60690938287689,21590
BBOX,2006-04-18,36.60268783569336,38.02017943419473,36.37952553457402,36.79692186553492,45480
BBOX,2006-04-19,35.6976432800293,37.396153818743485,35.54060453458793,37.396153818743485,42600
BBOX,2006-04-20,36.52830123901367,37.193654646593906,36.11917192072578,36.11917192072578,40680
BBOX,2006-04-21,35.71417236328125,36.495238845560536,35.54060273454032,36.495238845560536,45880
BBOX,2006-04-24,35.32571029663086,38.598751357447746,35.152137500978235,38.598751357447746,39870
BBOX,2006-04-25,35.44142150878906,35.95386653986594,35.04468956670259,35.627388522817185,32850
BBOX,2006-04-26,35.028160095214844,36.36713084816344,34.80913128889602,35.20999360545284,44590
BBOX,2006-04-27,35.15626525878906,35.68110761239884,34.80912603018635,35.20998828618381,41590
BBOX,2006-04-28,34.536373138427734,35.12733908682985,30.994710958967516,35.12733908682985,33360
BBOX,2006-05-02,36.131568908691406,37.59865319832807,34.71407729310514,35.457951639135445,84110
BBOX,2006-05-03,35.71830368041992,37.15232609086621,35.13560162307987,37.15232609086621,49280
BBOX,2006-05-04,35.4744873046875,36.78039963666163,34.755410711469736,34.75954422346723,36700
BBOX,2006-05-05,34.88351821899414,35.929072711147924,34.72234280892331,35.29678106350996,65050
BBOX,2006-05-08,34.821529388427734,36.850648386951086,34.72234403212921,36.850648386951086,78260
BBOX,2006-05-09,35.12733840942383,35.12733840942383,34.30907666859087,35.12733840942383,237560
BBOX,2006-05-10,35.12321090698242,35.54060729407479,34.920712980806044,35.54060729407479,209410
BBOX,2006-05-11,34.891780853271484,35.54060337007244,34.73474211297561,35.54060337007244,49560
BBOX,2006-05-12,33.3131217956543,34.218168533167635,32.15598444315273,34.218168533167635,329930
BBOX,2006-05-15,31.89975929260254,33.78423681421442,31.490626815190577,33.78423681421442,107020
BBOX,2006-05-16,31.308794021606445,32.81307052524682,30.664101839371078,32.81307052524682,52870
BBOX,2006-05-17,31.812969207763672,32.56097380748657,31.565009025076908,32.234495843030714,26700
BBOX,2006-05-18,30.77981948852539,33.061029109806015,30.581451926570562,33.061029109806015,49440
BBOX,2006-05-19,29.593751907348633,31.407975503261966,29.34166132541578,31.160018432509467,53730
BBOX,2006-05-22,24.956941604614258,29.67227192390069,23.67582748514144,29.34166040464217,63590
BBOX,2006-05-23,28.134931564331055,28.349826828327387,20.704465195820788,23.225369166476696,47830
BBOX,2006-05-24,27.816722869873047,30.990581848899854,26.44882377424155,30.990581848899854,12740
BBOX,2006-05-25,27.192691802978516,27.357994390299314,25.068519819397416,26.448817548255917,30200
BBOX,2006-05-26,27.932432174682617,28.424215933866705,26.634787186784738,26.634787186784738,8510
BBOX,2006-05-29,27.568763732910156,28.019221868938125,27.275347494279668,28.019221868938125,19940
BBOX,2006-05-30,27.97789192199707,28.349829094164495,26.957135395250262,27.275346382415922,25200
BBOX,2006-05-31,26.83728790283203,28.101871093078138,26.41162613633263,28.101871093078138,27970
BBOX,2006-06-01,25.552043914794922,26.84968906958494,25.006535478047056,26.304182209309808,15420
BBOX,2006-06-02,25.22969627380371,25.622296290320897,23.560114008145497,24.961076371482317,24540
BBOX,2006-06-05,25.26275634765625,26.28351442972695,25.20903174024015,26.035557371067696,136600
BBOX,2006-06-06,24.95281219482422,25.866122746829166,23.64690160632994,23.64690160632994,34240
BBOX,2006-06-07,21.758289337158203,24.630464837815907,21.4896678583399,23.721287843448867,122720
BBOX,2006-06-08,18.712539672851562,21.75828774048397,18.34886953238077,21.75828774048397,88450
BBOX,2006-06-09,20.08457374572754,20.66314236246564,18.183565278969763,18.40259408354065,85910
BBOX,2006-06-12,21.055744171142578,22.886498866080945,19.836618352908832,21.460741606671064,68850
BBOX,2006-06-13,21.518596649169922,22.22940926144788,18.92743836932575,21.32436260361195,35890
BBOX,2006-06-14,20.406919479370117,22.31619335864156,20.01431946609949,21.65497344527086,38280
BBOX,2006-06-15,21.26650619506836,21.572321402209,19.948198251731533,20.3449302152064,76440
BBOX,2006-06-16,22.026906967163086,22.564148292904143,19.2001893466556,19.2001893466556,140080
BBOX,2006-06-19,22.59720802307129,24.45689045789738,21.48966369132374,22.316189217913113,23140
BBOX,2006-06-20,23.142719268798828,23.62623603967222,22.324459026685872,22.70879359780338,24790
BBOX,2006-06-21,24.332916259765625,24.38250735874396,23.5559816855662,23.5559816855662,16110
BBOX,2006-06-22,24.386640548706055,25.126381442629977,24.303989238312088,24.713118584769376,31380
BBOX,2006-06-23,24.237865447998047,24.787504188456587,23.96924397970542,24.38250680694172,16850
BBOX,2006-06-26,23.266698837280273,25.213166540785213,23.105526573183685,25.213166540785213,39850
BBOX,2006-06-27,22.71292495727539,24.093222884617415,22.316193015355825,23.142718682591223,18400
BBOX,2006-06-28,23.440269470214844,23.597308218916552,22.258337461243908,22.440172548596102,9570
BBOX,2006-06-29,23.076595306396484,23.555980101544453,22.81210736100071,23.555980101544453,17030
BBOX,2006-06-30,23.89485740661621,24.29985480274007,23.14271916003295,23.308024927479384,17630
BBOX,2006-07-03,23.24603271484375,24.15521119854103,23.14271701388889,23.849396030066742,34660
BBOX,2006-07-04,23.138586044311523,23.919652523862915,22.85756719987882,23.60557189703928,12060
BBOX,2006-07-05,24.125619888305664,24.360828464070952,23.478799108848975,23.646803861057887,42760
BBOX,2006-07-06,23.176387786865234,24.776642748944298,23.100785089303876,24.524633222997327,31310
BBOX,2006-07-07,23.48299789428711,24.318827000933524,23.36119337081625,23.949213992779008,171280
BBOX,2006-07-10,22.693368911743164,25.179854049783373,22.52116313714954,25.179854049783373,34710
BBOX,2006-07-11,22.781574249267578,23.21838786354498,22.596766948777855,22.68077012152525,8170
BBOX,2006-07-12,24.85224151611328,26.12488573768964,21.21911934466561,21.21911934466561,339520
BBOX,2006-07-13,24.516231536865234,25.931680725265778,24.36082671163875,24.780840965287695,84140
BBOX,2006-07-14,24.726238250732422,24.94884689096305,23.604800981288133,23.94921253535001,101480
BBOX,2006-07-17,23.621601104736328,25.20085391154664,23.352790650475697,25.20085391154664,41440
BBOX,2006-07-18,24.36922836303711,24.562434544489356,23.184788238861437,23.520799337523453,43220
BBOX,2006-07-19,22.82357406616211,25.108450975029758,22.764772328401968,25.108450975029758,20240
BBOX,2006-07-20,23.197385787963867,24.79764058502058,22.953778367119913,23.520796938130417,57030
BBOX,2006-07-21,22.701770782470703,23.176387352209886,22.52536555962074,22.764773563332703,16890
BBOX,2006-07-24,22.00874900817871,22.512764864579008,21.84074265456039,22.512764864579008,37830
BBOX,2006-07-25,22.117950439453125,22.764772771869445,21.84074109730716,22.743772379721324,27280
BBOX,2006-07-26,23.012582778930664,23.100785393170028,22.445562539761912,22.508565322634215,27300
BBOX,2006-07-27,23.415794372558594,23.520797934767376,22.848775777522047,22.848775777522047,33250
BBOX,2006-07-28,23.277189254760742,23.932412069692724,22.512763438453714,23.768606766516537,22890
BBOX,2006-07-31,23.302392959594727,23.856811702369274,22.735374300647656,23.856811702369274,135210
BBOX,2006-08-01,21.71053695678711,22.680770493592615,21.19391959892255,22.680770493592615,190070
BBOX,2006-08-02,21.576133728027344,22.44556318415259,21.336725709803137,22.44556318415259,126850
BBOX,2006-08-03,21.777738571166992,22.218754822527583,21.60973382980665,21.60973382980665,53530
BBOX,2006-08-04,21.54253387451172,22.050750793991032,21.420729342734145,21.924746824185135,50210
BBOX,2006-08-07,21.454330444335938,21.840742817421187,21.336725355035227,21.546732497510433,21650
BBOX,2006-08-08,21.303123474121094,21.899542945690825,21.210719825534767,21.7567380352516,84480
BBOX,2006-08-09,22.277555465698242,22.512762412472174,21.16871813882924,21.16871813882924,117630
BBOX,2006-08-10,22.252355575561523,22.5715673143254,22.017147010273785,22.239755660319645,107660
BBOX,2006-08-11,21.970947265625,22.462363197491147,21.437528944992106,22.26075653809268,166250
BBOX,2006-08-14,21.94574737548828,22.260758103366104,21.265324651895863,22.260758103366104,69390
BBOX,2006-08-16,21.99614715576172,22.428762948971475,21.840742322475446,22.264956035681973,132560
BBOX,2006-08-17,21.731538772583008,22.353159692415705,21.517330600220205,22.26075604141785,53680
BBOX,2006-08-18,21.882741928100586,22.248155481608652,21.7315381429765,21.819740751522357,45470
BBOX,2006-08-21,21.954143524169922,22.512761604947748,21.68113363962619,22.512761604947748,39790
BBOX,2006-08-22,21.798742294311523,22.252356894403665,21.021714896388822,21.021714896388822,75750
BBOX,2006-08-23,21.374526977539062,22.092751029435252,21.319924671175052,22.092751029435252,79290
BBOX,2006-08-24,21.429126739501953,21.67273416579886,21.177117233901814,21.319922139740406,80540
BBOX,2006-08-25,21.50052833557129,21.80713853803019,21.46272698994062,21.504729375212012,33480
BBOX,2006-08-28,21.689538955688477,22.092752313283302,21.609736812693914,21.8407443653434,69690
BBOX,2006-08-29,21.59713363647461,21.84074268938689,21.525731977520735,21.832342211469847,54750
BBOX,2006-08-30,21.454330444335938,21.840742817421187,21.42072853247078,21.840742817421187,60520
BBOX,2006-08-31,21.32412338256836,21.588732805190194,21.168718560748573,21.437527420834858,28850
BBOX,2006-09-01,21.555131912231445,21.815540307431935,21.18131947342092,21.815540307431935,60960
BBOX,2006-09-04,21.93314552307129,22.428762486029694,21.840741871670723,21.840741871670723,104840
BBOX,2006-09-05,21.865943908691406,22.344759929675682,21.63073533600294,22.168353099602502,207470
BBOX,2006-09-06,21.84914207458496,22.17675268582856,21.59713255635913,22.092749513086616,92140
BBOX,2006-09-07,21.613935470581055,22.09275151571771,21.50473245767673,22.09275151571771,57050
BBOX,2006-09-08,21.626535415649414,22.080149993008277,21.517330808462845,22.080149993008277,67120
BBOX,2006-09-11,20.69830322265625,22.000348453060095,20.412693383843912,22.000348453060095,120430
BBOX,2006-09-12,20.731903076171875,21.744137327231805,20.42949231163043,21.744137327231805,49430
BBOX,2006-09-13,21.09311866760254,22.252357431111047,21.042715797977568,22.252357431111047,25120
BBOX,2006-09-14,21.445926666259766,21.836540019334056,21.206518688856438,21.836540019334056,54370
BBOX,2006-09-15,21.265321731567383,21.83234032298885,21.00071230786467,21.83234032298885,43810
BBOX,2006-09-18,22.51276397705078,22.764773497543207,21.420727528265413,22.235554626068204,516850
BBOX,2006-09-19,22.243955612182617,23.495597959005543,21.840742292849185,21.840742292849185,369250
BBOX,2006-09-20,22.348957061767578,22.764771859433846,22.26075445694439,22.571565695851486,158300
BBOX,2006-09-21,22.252355575561523,23.100784583438724,22.185153357226064,22.735372621378875,135040
BBOX,2006-09-22,21.790340423583984,22.37835943073152,21.672735340372668,22.17675277666146,72350
BBOX,2006-09-25,21.53413200378418,22.17675332980015,21.4207279576236,22.17675332980015,78060
BBOX,2006-09-26,21.626535415649414,21.823941032563578,21.58873406735057,21.731538982898734,28480
BBOX,2006-09-27,21.576133728027344,21.840743180569444,21.18132087041121,21.18132087041121,37930
BBOX,2006-09-28,21.004913330078125,21.676937135967464,20.849508495898903,21.676937135967464,186020
BBOX,2006-09-29,21.206520080566406,21.588732982050374,21.000712394124022,21.168718734167896,56280
BBOX,2006-10-03,21.66433334350586,25.07064718140179,21.605530009259404,22.680766944931985,128190
BBOX,2006-10-04,21.634933471679688,22.668169751973476,21.529929908407215,22.668169751973476,71780
BBOX,2006-10-05,21.517332077026367,21.840743275488386,21.378728193244005,21.840743275488386,62570
BBOX,2006-10-06,22.02554702758789,22.33635828228657,21.550932071485924,21.840741331583985,176570
BBOX,2006-10-09,22.550561904907227,23.083980133154547,21.420724279514932,22.176749521875937,245160
BBOX,2006-10-10,22.714370727539062,23.428393649333497,22.008746680532678,22.008746680532678,215940
BBOX,2006-10-11,22.609371185302734,23.348595669484297,22.56316935462374,23.01678397845102,184740
BBOX,2006-10-12,22.718568801879883,22.907575517814404,22.512761132922943,22.537962562456567,51040
BBOX,2006-10-13,22.52536392211914,23.13858432205793,22.273354419218474,22.84877507606068,91500
BBOX,2006-10-16,22.344758987426758,22.84877642066126,22.025547252079765,22.680770075507343,78510
BBOX,2006-10-17,22.252355575561523,22.588366667238812,22.092749706179582,22.285957485842886,29670
BBOX,2006-10-18,22.407758712768555,22.55476465580645,22.088548600339294,22.260754371957805,34870
BBOX,2006-10-19,22.256559371948242,22.53376875719296,22.13475483543364,22.13475483543364,74600
BBOX,2006-10-20,22.147350311279297,22.38675829588363,22.067548183820232,22.26075434644353,64610
BBOX,2006-10-23,22.235553741455078,22.663968467243727,22.02554661717989,22.5547654676006,28030
BBOX,2006-10-26,23.436796188354492,23.684604674310826,22.185153843055033,22.323759322660052,359090
BBOX,2006-10-27,24.33562660217285,24.696839136297918,23.69720470966323,23.85681058334746,469210
BBOX,2006-10-30,23.919815063476562,24.764043114132885,23.772809094939742,24.40703159468011,150750
BBOX,2006-10-31,22.735376358032227,24.176025652463363,22.54216854661442,23.701409006211136,173330
BBOX,2006-11-01,22.613567352294922,23.520798070942178,22.441361573364613,23.256188644020455,189020
BBOX,2006-11-02,22.285959243774414,22.928580607436846,22.10115192710373,22.563168616553053,188410
BBOX,2006-11-03,23.041980743408203,26.67090340736043,22.789971245939388,23.09658304152718,437300
BBOX,2006-11-06,24.873245239257812,26.208890727625345,23.10078453157683,23.180586664975007,1435080
BBOX,2006-11-07,24.386028289794922,26.544901310131376,24.1928205142659,25.704872797799542,1488190
BBOX,2006-11-08,23.579601287841797,24.948848730049658,23.109185745558747,24.56243476150381,561830
BBOX,2006-11-09,23.503999710083008,24.48683323059464,23.377995741243545,23.688807026459784,350310
BBOX,2006-11-10,23.167985916137695,23.8568090283015,23.1217840923806,23.520797949468818,389210
BBOX,2006-11-13,22.609371185302734,23.772809419648116,22.529567440592672,23.268793527001684,387990
BBOX,2006-11-14,22.14315414428711,22.974782256088815,21.84074333918562,22.974782256088815,371730
BBOX,2006-11-15,21.399730682373047,22.260759748423155,20.66470559634021,22.260759748423155,352930
BBOX,2006-11-16,20.790706634521484,21.991947718650206,20.59329941234965,21.9457458919949,595750
BBOX,2006-11-17,19.91287612915039,21.235921697455435,19.656667172564624,21.16871947951714,426510
BBOX,2006-11-20,19.417259216308594,19.841474519843153,19.081248125833415,19.65666721841136,403880
BBOX,2006-11-21,19.862476348876953,20.580700407121522,19.446661492814247,20.0262816671895,481650
BBOX,2006-11-22,19.782669067382812,20.31188788039272,19.656665122170438,20.08507981767419,160520
BBOX,2006-11-23,19.639867782592773,20.118685426065,19.421461758559335,19.824675098320526,128440
BBOX,2006-11-24,19.942276000976562,20.47569428013135,19.65246675104418,19.65666618848066,251790
BBOX,2006-11-27,19.631465911865234,20.73190275126131,19.341655066312544,20.496694204501132,234470
BBOX,2006-11-28,19.358457565307617,19.824673656473106,19.23665304375087,19.44666017654777,156000
BBOX,2006-11-29,19.60626792907715,19.896077223368255,19.320658072865292,19.740672378797147,201770
BBOX,2006-11-30,19.467662811279297,19.9884812655731,19.404661625521367,19.74067275624602,250460
BBOX,2006-12-01,19.438257217407227,19.740667962740595,19.329054227274103,19.497058950727144,136320
BBOX,2006-12-04,20.009479522705078,20.36229157282296,19.236653203505302,19.480262248641896,327720
BBOX,2006-12-05,19.83727264404297,20.83270595832546,19.656666390105457,20.16068380569323,433940
BBOX,2006-12-06,19.291255950927734,20.328691732140182,19.198852296891133,20.148085464101722,280590
BBOX,2006-12-07,19.081249237060547,19.53066439716112,18.984646143062303,19.53066439716112,186130
BBOX,2006-12-08,18.86703872680664,19.404658038821573,18.732634299359695,19.36265565385243,182710
BBOX,2006-12-11,18.526826858520508,18.900639245009934,18.312618716496583,18.804036170024904,194740
BBOX,2006-12-12,17.35079002380371,18.5646310044804,17.220585023652323,18.5646310044804,220490
BBOX,2006-12-13,17.7876033782959,17.997610509573192,16.821570894865797,17.997610509573192,189060
BBOX,2006-12-14,18.69903564453125,18.896442865747222,17.76660344484578,18.144616931806727,233240
BBOX,2006-12-15,18.913240432739258,19.404657919376806,18.90064051843965,18.90064051843965,192840
BBOX,2006-12-18,18.199220657348633,19.29545665069775,18.060615167228644,19.0686501430347,251150
BBOX,2006-12-19,17.426389694213867,18.48062462102423,17.26258281192956,18.060610425091863,326480
BBOX,2006-12-20,17.405391693115234,18.060614565792346,17.22058598133689,18.060614565792346,175880
BBOX,2006-12-21,17.86740493774414,18.136213776687626,17.220582667644464,17.716199565281663,197690
BBOX,2006-12-22,17.632198333740234,18.312620982118325,17.55659563922853,18.312620982118325,211800
BBOX,2006-12-26,17.80020523071289,17.926209191405395,17.6405993593145,17.724602533851932,161760
BBOX,2006-12-27,17.6112003326416,18.13621822569143,17.472594839807268,17.81280701130544,177790
BBOX,2006-12-28,18.78723907470703,18.90064312572869,17.556597071898064,17.766604217739495,526290
BBOX,2006-12-29,19.01824378967285,19.656665610465417,18.955242616615184,19.194650599134004,420330
BBOX,2007-01-02,18.71163558959961,19.404659782714422,18.657033285346202,19.224053516683952,186820
BBOX,2007-01-03,18.934246063232422,19.05184955855792,18.39662665125704,18.39662665125704,184660
BBOX,2007-01-04,18.556228637695312,19.05604498996384,18.396622783150114,19.022444685033182,167620
BBOX,2007-01-05,18.367225646972656,18.816640832034494,18.312623337861865,18.556232407565822,434580
BBOX,2007-01-08,18.102617263793945,18.564633995319646,18.060616471031402,18.30422555529128,548130
BBOX,2007-01-09,18.426027297973633,18.900643916044658,18.24962205715972,18.54363239407701,470760
BBOX,2007-01-10,17.741405487060547,18.699037618835053,17.653201262638575,18.417627192779186,357350
BBOX,2007-01-11,18.13621711730957,18.455427271795486,17.833806316681702,18.0522139391099,350420
BBOX,2007-01-12,18.190818786621094,18.480628058925134,18.111015049122987,18.312621708407622,294450
BBOX,2007-01-15,18.55202865600586,18.900641252623306,18.228619093420917,18.48062700256501,214420
BBOX,2007-01-16,18.58563232421875,19.039248526285764,18.426026445466203,18.90064304157839,264440
BBOX,2007-01-17,18.657032012939453,18.837638266652604,18.56882940593364,18.577229883109506,231150
BBOX,2007-01-18,19.051849365234375,19.236655084903095,18.71163719720253,18.816640774742645,451190
BBOX,2007-01-19,20.29509162902832,20.572301013609675,18.942645018256652,19.08544994984265,1341050
BBOX,2007-01-22,21.64333152770996,22.008745040621946,20.551295232736255,20.727700430230005,1502630
BBOX,2007-01-23,20.681503295898438,21.74833832071043,20.412692818057824,21.739937843069104,523500
BBOX,2007-01-24,20.694103240966797,21.160319336252662,20.328691275294343,20.70670315633324,330410
BBOX,2007-01-25,20.841106414794922,21.748337121060207,20.59329794584052,20.992311799543668,1332620
BBOX,2007-01-29,20.93351173400879,21.798741725739088,20.83270760204681,21.370326968798494,748060
BBOX,2007-01-31,20.526098251342773,21.311526140549876,20.412694198854677,21.000714855705386,249220
BBOX,2007-02-01,20.710905075073242,21.252722287775306,20.295090225836695,20.874710390696706,306740
BBOX,2007-02-02,20.643701553344727,20.95871224885521,20.580698773351727,20.95871224885521,237070
BBOX,2007-02-05,20.94611358642578,21.33672703027665,20.580701578452462,20.580701578452462,384910
BBOX,2007-02-06,22.53376579284668,23.352792321806977,20.845308267664922,21.084716268780586,1494930
BBOX,2007-02-07,22.79837417602539,23.856810333945212,22.68917117026347,22.76477386741684,1321520
BBOX,2007-02-08,22.256559371948242,23.100787444484784,22.050751651553654,23.100787444484784,410350
BBOX,2007-02-09,21.454330444335938,22.416161939179588,20.807508060977746,21.00071424752037,410060
BBOX,2007-02-12,20.47569465637207,21.336723547117657,20.169084446605456,21.336723547117657,382380
BBOX,2007-02-13,20.93351173400879,22.17675361558503,20.0766822201276,20.173285312051362,505030
BBOX,2007-02-14,21.727338790893555,21.90794506178891,21.000714269438273,21.000714269438273,515060
BBOX,2007-02-15,22.613567352294922,23.09658438214266,22.008747407272494,22.008747407272494,618830
BBOX,2007-02-19,27.137123107910156,27.137123107910156,22.848777658760085,23.016782410790366,4785600
BBOX,2007-02-20,27.628538131713867,31.0810559393063,27.216925942147345,28.056954481047516,11580390
BBOX,2007-02-21,27.951950073242188,28.796176422245864,26.46089817974463,27.7125420750322,5770660
BBOX,2007-02-22,26.465099334716797,29.23299353087385,26.22989236105913,27.552936394565528,2167200
BBOX,2007-02-23,25.402463912963867,26.64570581929379,24.646438515991743,26.544903287552096,2114220
BBOX,2007-02-26,27.573936462402344,27.872146198709746,24.780841027710217,25.436063841854864,2765510
BBOX,2007-02-27,26.448299407958984,28.560970698376128,26.124888223960095,28.560970698376128,1463930
BBOX,2007-02-28,25.616674423217773,26.71291046715812,23.90721464398357,23.982817350769455,1164090
BBOX,2007-03-01,25.616674423217773,26.54490569825532,24.881649353420823,25.8266815860169,586370
BBOX,2007-03-02,24.776643753051758,26.586904323442297,24.52883525705281,25.704874952450712,648120
BBOX,2007-03-05,23.20998764038086,24.923646615187778,22.93277828883589,23.63840238408259,723120
BBOX,2007-03-06,23.676206588745117,24.86484787432581,22.869779869580345,24.675841111325482,623510
BBOX,2007-03-07,22.323759078979492,24.444830820854772,21.76093989340331,24.108819725487045,579990
BBOX,2007-03-08,23.642606735229492,23.940816521400052,22.185156514985845,22.68077354658952,577710
BBOX,2007-03-09,22.936979293823242,24.188621612664765,22.6807703355285,24.188621612664765,228190
BBOX,2007-03-12,22.86137580871582,23.932411828255145,22.521163688624743,22.852975331429064,331190
BBOX,2007-03-13,23.53759765625,24.428027368512144,22.861374494692697,23.43679353683017,448090
BBOX,2007-03-14,23.688804626464844,24.129819273835935,22.68076977342187,23.520798283548604,385390
BBOX,2007-03-15,23.365392684936523,24.864843397736905,23.125984695647535,24.260021865026044,475380
BBOX,2007-03-16,23.125986099243164,23.7476070216365,22.693370315066165,23.722405588834928,275940
BBOX,2007-03-19,23.53759765625,23.915609499063333,23.104981913097674,23.22678642341372,190890
BBOX,2007-03-20,23.373794555664062,24.02481634784931,23.1847878154226,23.781207304376473,214370
BBOX,2007-03-21,23.394792556762695,23.940810726572433,22.890775168389432,22.890775168389432,124950
BBOX,2007-03-22,24.25582504272461,24.688439245059584,23.520800041429922,23.688806396902507,347770
BBOX,2007-03-23,24.159221649169922,24.94884894652405,23.98281481789107,24.528834665284435,223170
BBOX,2007-03-26,23.852609634399414,24.35662705468352,23.73080511740387,24.100418105909178,142240
BBOX,2007-03-28,23.428396224975586,24.98665043472329,23.121785990234756,23.121785990234756,255440
BBOX,2007-03-29,23.319190979003906,23.680403484578438,23.184786549333456,23.445194931541558,194370
BBOX,2007-03-30,23.239391326904297,23.831611408966435,23.104985280678964,23.520800130829013,152020
BBOX,2007-04-02,22.18515396118164,23.596402186872524,22.008748734083937,23.596402186872524,178110
BBOX,2007-04-03,22.046550750732422,22.680771622606755,21.94994605423161,22.680771622606755,113730
BBOX,2007-04-04,22.075950622558594,22.51276424595389,22.008748403403374,22.281756717747022,114590
BBOX,2007-04-05,22.06334686279297,22.260754062474764,21.865941265338297,22.260754062474764,127200
BBOX,2007-04-09,22.109548568725586,23.016779231501566,21.970944707501523,22.134749999051376,446000
BBOX,2007-04-10,22.042348861694336,22.647168838202433,21.924745377930144,22.218755689567928,304030
BBOX,2007-04-11,22.495962142944336,23.18478520564091,22.01714458748802,22.01714458748802,470630
BBOX,2007-04-12,22.71017074584961,22.924378914148356,22.34475879091481,22.558965356986317,279620
BBOX,2007-04-13,22.83617401123047,23.26038929516985,22.764772358777076,23.222587949098294,242680
BBOX,2007-04-16,25.121055603027344,25.121055603027344,23.01678308428879,23.071385391354344,727090
BBOX,2007-04-17,25.70907211303711,27.17492096283324,25.28485842130826,25.62086950419654,2793420
BBOX,2007-04-18,25.20505714416504,26.712908527674745,25.032851347261808,26.040886296400522,531080
BBOX,2007-04-19,25.57887077331543,26.35169712711981,24.02901702558046,24.02901702558046,1195470
BBOX,2007-04-20,25.553667068481445,26.376894615054887,25.389861767117335,26.124886705606595,264890
BBOX,2007-04-23,25.024450302124023,25.956880866912652,23.79800783357612,25.662870565380622,333330
BBOX,2007-04-24,24.76824188232422,25.205055503098432,24.499433007316306,24.499433007316306,152420
BBOX,2007-04-25,25.17145538330078,26.20889114514004,24.533033499263336,24.533033499263336,440880
BBOX,2007-04-26,25.079050064086914,26.04088306505659,24.365025530567344,25.45286248398702,305310
BBOX,2007-04-27,24.478429794311523,25.116851641806598,24.276823148085793,24.873244211785707,169950
BBOX,2007-04-30,24.600234985351562,25.284858675140523,24.037415815028396,24.201221119441655,160810
BBOX,2007-05-03,23.940814971923828,24.948849927422103,23.802209484596172,24.948849927422103,383680
BBOX,2007-05-04,23.529197692871094,24.108817787171837,23.39479326552993,24.108817787171837,305470
BBOX,2007-05-07,23.583799362182617,23.85680764695213,23.520796587575052,23.621600706501734,184650
BBOX,2007-05-08,23.3317928314209,24.272625519482478,23.184788474955333,23.436796400961253,189230
BBOX,2007-05-09,24.142419815063477,24.696838517951345,22.781574490603173,23.352792546436678,485180
BBOX,2007-05-10,23.588003158569336,24.40283032841913,23.503999977644302,24.36082953907032,230620
BBOX,2007-05-11,23.230989456176758,23.646802679171422,22.941178589370573,23.432596110087392,166060
BBOX,2007-05-14,23.566999435424805,23.894610032312418,23.125984800639056,23.61740069597047,154080
BBOX,2007-05-15,23.579601287841797,23.932413345110913,23.352793193405798,23.352793193405798,98020
BBOX,2007-05-16,23.898813247680664,24.150821175578375,23.604802930315113,23.604802930315113,276330
BBOX,2007-05-17,23.793806076049805,24.78083884685577,23.688802521613976,24.36082462911245,408950
BBOX,2007-05-18,23.978612899780273,24.192819456075544,23.54599874756457,23.90720964619707,381380
BBOX,2007-05-21,25.956878662109375,26.124884992207694,24.024813877114262,24.331424067650648,2288880
BBOX,2007-05-22,25.83087730407715,26.712906619910825,25.637671126662497,25.704873344990517,1176680
BBOX,2007-05-23,25.226057052612305,26.040884140863316,25.032849275164804,25.830877010695062,287070
BBOX,2007-05-24,24.80604362487793,25.200856466044126,24.54983466111678,24.96564789555922,135220
BBOX,2007-05-25,25.062252044677734,25.830878968416837,24.465832518866353,24.470031956808004,274810
BBOX,2007-05-28,30.07722282409668,30.07722282409668,25.557868277514288,25.78887741311904,3699760
BBOX,2007-05-29,28.72057342529297,31.08105467736686,28.233358558828932,31.08105467736686,3891660
BBOX,2007-05-30,30.25782585144043,31.543068384159586,28.39296162400142,28.91377837776703,7085110
BBOX,2007-05-31,29.569005966186523,31.249063086941952,29.400999613220048,30.971852123879074,1433750
BBOX,2007-06-01,30.23262596130371,30.65683803026857,29.569002702777563,30.031017719103684,879750
BBOX,2007-06-04,29.489200592041016,31.249061353855158,29.40099798262767,30.48463553448502,539350
BBOX,2007-06-05,32.105892181396484,34.75198018916089,29.905015074904917,30.23262890089139,10705890
BBOX,2007-06-06,30.934053421020508,32.54270893751526,30.421635469180003,32.341100666259,2535540
BBOX,2007-06-07,30.039419174194336,30.988652321444256,29.400998893887085,30.661041703625102,813750
BBOX,2007-06-08,28.25855827331543,29.821011798573092,27.725141584906535,29.400997547888963,757380
BBOX,2007-06-11,27.99394989013672,29.653004865437058,27.82594355232614,28.980982718649113,643400
BBOX,2007-06-12,27.02371597290039,28.376162403946093,26.8851137023697,28.376162403946093,614340
BBOX,2007-06-13,27.31772804260254,28.560969876208855,26.71290647862208,26.71290647862208,732300
BBOX,2007-06-14,27.779743194580078,28.812977900600472,27.561337187024392,27.695741623471246,529540
BBOX,2007-06-15,27.414331436157227,28.37616454962712,27.22532628648895,27.972951213734653,579930
BBOX,2007-06-18,26.93971824645996,27.80914776126321,26.801114353925556,27.754547053230475,309970
BBOX,2007-06-19,27.41013526916504,28.224960866438476,26.96491791339292,27.04892269960225,765060
BBOX,2007-06-20,27.41013526916504,28.056957702929683,27.30932952571384,27.6957451333669,459650
BBOX,2007-06-21,27.225324630737305,27.720941593465323,27.065720363045234,27.55293524594735,254030
BBOX,2007-06-22,28.88018226623535,30.224226656075995,27.174922141335205,27.30092770483165,1995500
BBOX,2007-06-25,29.430397033691406,30.148620984061946,28.140953472887993,29.19098905023456,1107310
BBOX,2007-06-26,29.36319923400879,30.04782134237437,29.190991844700413,29.720210723592626,445340
BBOX,2007-06-27,28.9263858795166,29.47660358490196,28.728978646589244,29.47660358490196,311710
BBOX,2007-06-28,28.892784118652344,29.312798419191925,28.72897879779829,29.06498831555707,129460
BBOX,2007-06-29,29.442996978759766,30.476231603416988,28.70797207384695,28.70797207384695,649550
BBOX,2007-07-02,29.300193786621094,30.17802199531204,29.077586755879533,29.48499787008249,329670
BBOX,2007-07-03,29.342195510864258,29.695005939714218,29.23299090954929,29.409396123974272,197670
BBOX,2007-07-04,28.661771774291992,29.644606794233773,28.560969250654573,28.728975593019904,329090
BBOX,2007-07-05,28.21656036376953,28.94318650143985,27.804944946204802,28.649174573335113,132970
BBOX,2007-07-06,28.59457015991211,28.9389817077106,28.3089603492167,28.3089603492167,164020
BBOX,2007-07-09,28.20395851135254,28.955784429589634,28.14095573076589,28.812977913296255,256400
BBOX,2007-07-10,28.821382522583008,29.653009045059733,28.224959779066328,28.39296614055758,368280
BBOX,2007-07-11,28.72057342529297,29.39259879269148,28.47696759428817,28.644970731683358,242240
BBOX,2007-07-12,28.472766876220703,29.207791826219978,28.16195722318255,28.812977399080648,219860
BBOX,2007-07-13,28.233360290527344,28.976784152907854,28.056955062769884,28.976784152907854,160060
BBOX,2007-07-16,28.3299617767334,28.804579961848592,28.23336028726271,28.804579961848592,98800
BBOX,2007-07-17,28.68277359008789,29.400997574882634,28.409763686001668,28.720573334546042,181510
BBOX,2007-07-18,28.560972213745117,28.854980940045877,28.233361574594337,28.665975788060358,103250
BBOX,2007-07-19,28.539968490600586,29.47660172679185,28.41816717168338,28.938983971533286,217470
BBOX,2007-07-20,28.1031551361084,28.88857973640394,28.073751062195644,28.867580946479105,79060
BBOX,2007-07-23,27.872146606445312,28.392963392653602,27.720941216182503,28.388762352797826,434190
BBOX,2007-07-24,27.305130004882812,28.350964694130063,27.258928176432295,27.649541595951835,117270
BBOX,2007-07-25,26.725505828857422,27.80494066653637,26.54489958228383,27.55293277013129,199730
BBOX,2007-07-26,28.707979202270508,28.896987575995823,26.75491350273357,27.048923858149273,451350
BBOX,2007-07-27,27.393333435058594,28.338365619592143,26.889314347301134,28.140958383887916,183880
BBOX,2007-07-30,27.179121017456055,28.056952443162825,26.994313726895818,27.132919194815994,424230
BBOX,2007-07-31,27.26732635498047,27.956149519502734,26.969116599988297,27.956149519502734,234200
BBOX,2007-08-01,26.158489227294922,27.342929385995696,26.124888917562963,26.20889209523389,401160
BBOX,2007-08-02,26.44409942626953,26.96491625083601,26.292894024870435,26.544903561278055,59700
BBOX,2007-08-03,26.14168930053711,27.040517994564162,26.040885169096075,26.712907371278597,107550
BBOX,2007-08-06,25.70487403869629,26.124888315138296,24.192821682168674,26.124888315138296,90160
BBOX,2007-08-07,26.7213077545166,27.468934254304507,26.410498087942393,26.456699914596555,321660
BBOX,2007-08-08,27.027917861938477,27.216926207707946,25.536867511287678,25.536867511287678,186030
BBOX,2007-08-09,26.595304489135742,27.468934973997875,25.62087147277558,25.62087147277558,110440
BBOX,2007-08-10,26.864112854003906,27.132921735744233,25.200856696565165,25.872878900915975,281900
BBOX,2007-08-13,26.435697555541992,27.40173005531247,26.263491769070853,26.86411230286155,124860
BBOX,2007-08-14,26.26769256591797,26.712906662210877,26.13748756672682,26.47769969880399,117530
BBOX,2007-08-16,25.20085906982422,26.208894073508176,24.52883680218656,24.52883680218656,124030
BBOX,2007-08-17,24.713640213012695,26.208891621394546,24.369228632793238,26.208891621394546,175260
BBOX,2007-08-20,25.64607048034668,26.200489157813433,25.368861141613305,25.620869048742847,310480
BBOX,2007-08-21,25.024450302124023,25.956880866912652,24.444830176501135,25.20085552170689,264850
BBOX,2007-08-22,24.436429977416992,25.20085580877155,24.02481619147433,25.20085580877155,142160
BBOX,2007-08-23,24.054214477539062,25.11684993726812,24.02481361043228,25.11684993726812,210280
BBOX,2007-08-24,24.276824951171875,24.61283605317094,23.71400575448819,24.281025991199726,180930
BBOX,2007-08-27,24.747241973876953,25.36886455253294,24.453233243437868,24.453233243437868,102430
BBOX,2007-08-28,24.600234985351562,25.032849158773992,24.033216377424548,24.033216377424548,84110
BBOX,2007-08-29,24.743040084838867,25.200855694036285,23.020982253303956,23.020982253303956,53030
BBOX,2007-08-30,24.68423843383789,25.490665049894137,24.033216646499874,24.033216646499874,114790
BBOX,2007-08-31,25.146257400512695,25.36466504361599,24.205426201851207,24.205426201851207,81180
BBOX,2007-09-03,25.41926383972168,25.73847398028142,25.09585265921019,25.36886257589168,155170
BBOX,2007-09-04,25.007652282714844,25.822479463428415,24.789244650288772,25.822479463428415,244890
BBOX,2007-09-05,25.04545021057129,25.3352594666681,24.864843954644705,25.032848693539453,74680
BBOX,2007-09-06,24.68843650817871,25.1168512251365,23.604800602413743,23.604800602413743,261890
BBOX,2007-09-07,24.64643669128418,25.100051254992998,24.516231695011296,25.100051254992998,110190
BBOX,2007-09-10,25.364660263061523,25.75947468289417,24.192820122786376,24.646436281174385,227870
BBOX,2007-09-11,24.86064338684082,25.864478810648954,24.69683808236223,25.864478810648954,138300
BBOX,2007-09-12,24.79764175415039,25.146252749189753,24.36082654874187,24.36082654874187,79560
BBOX,2007-09-13,24.738840103149414,25.116851968910414,24.444829806072715,24.444829806072715,163710
BBOX,2007-09-14,24.306224822998047,24.948847731513464,24.10881920994368,24.549833863322366,402270
BBOX,2007-09-17,24.453229904174805,25.0328484097986,23.982812795256255,23.982812795256255,164900
BBOX,2007-09-18,25.8560791015625,26.603703991287617,24.045817016610602,24.045817016610602,389980
BBOX,2007-09-19,26.826311111450195,27.405931255594457,25.872878521478714,26.04088487121619,755510
BBOX,2007-09-20,26.032485961914062,27.376532034108173,25.872880080270242,26.796911855042907,320760
BBOX,2007-09-21,25.81827735900879,26.29289232442768,25.473865790197173,26.208890753285154,146360
BBOX,2007-09-24,26.885114669799805,27.09092076753065,25.452864452323922,25.452864452323922,338170
BBOX,2007-09-25,26.8767147064209,27.300928427780224,25.734275342576424,25.734275342576424,286210
BBOX,2007-09-26,26.897716522216797,27.048921928628864,25.8434797176368,25.8434797176368,105920
BBOX,2007-09-27,26.855710983276367,27.5487335451513,26.46089815897599,26.73390806658648,143520
BBOX,2007-09-28,26.859912872314453,27.13292118632937,26.565902563029148,26.880913265357556,91330
BBOX,2007-10-01,26.69610595703125,27.30932476723516,26.54490057265598,26.964913214925794,370900
BBOX,2007-10-03,25.679670333862305,27.21692398780347,25.297457440197075,26.880911314589365,144770
BBOX,2007-10-04,25.553667068481445,25.78467458584691,25.20085503391751,25.20085503391751,69520
BBOX,2007-10-05,25.65447235107422,25.746874400853066,25.368862519625512,25.696473137134852,179370
BBOX,2007-10-08,24.612834930419922,25.620869792661434,24.5288333604225,25.368861878214677,172970
BBOX,2007-10-09,24.629634857177734,24.948846577860934,24.360825999061678,24.5288323364978,116470
BBOX,2007-10-10,24.76824188232422,25.436064632146433,24.554033708521033,24.789242275266595,284010
BBOX,2007-10-11,24.713640213012695,27.04892017846197,24.612836081184586,27.04892017846197,70060
BBOX,2007-10-12,24.23482322692871,25.02445048775665,24.117218144107152,25.02445048775665,114750
BBOX,2007-10-15,24.25582504272461,24.78084290079224,23.940814327884027,23.940814327884027,139060
BBOX,2007-10-16,23.945011138916016,24.51623076218516,23.814807749824517,24.27682277334841,215400
BBOX,2007-10-17,23.63420295715332,23.856810005581337,20.244687956263963,23.520798912984162,338250
BBOX,2007-10-18,23.088186264038086,24.268425405271177,22.701772280230053,23.936615330558183,260160
BBOX,2007-10-19,21.979347229003906,25.20085586845192,21.84074175265833,25.20085586845192,236560
BBOX,2007-10-22,21.82394027709961,21.924744403149493,21.529929978533612,21.924744403149493,103430
BBOX,2007-10-23,22.38675880432129,23.93661238453823,22.00874694741576,22.00874694741576,136450
BBOX,2007-10-24,22.395160675048828,23.260390645223637,22.17675306309517,23.260390645223637,115120
BBOX,2007-10-25,23.51239776611328,23.621602369490915,22.51276339214229,22.680769734772234,233140
BBOX,2007-10-26,23.919815063476562,24.79764502770499,23.604804333761493,24.020617599738028,485230
BBOX,2007-10-29,22.180953979492188,24.19282109732089,22.008748194403033,24.19282109732089,659820
BBOX,2007-10-30,21.105716705322266,22.676570753146144,21.013313054795194,22.676570753146144,578200
BBOX,2007-10-31,20.979713439941406,23.940813769995373,20.832707481771713,23.940813769995373,407830
BBOX,2007-11-01,21.0637149810791,22.176751766532394,20.916709034317744,21.252720109129548,199970
BBOX,2007-11-02,21.097314834594727,21.50472915531172,19.488661147488436,20.841105894854234,105850
BBOX,2007-11-05,20.618497848510742,21.664333947322596,20.332888054547148,21.084713882840347,181120
BBOX,2007-11-06,20.76970672607422,21.504731725262296,20.66470315476164,21.416529109894288,116430
BBOX,2007-11-07,20.61009979248047,21.0007131859167,20.505096226550886,21.0007131859167,73980
BBOX,2007-11-08,20.370689392089844,20.87470676965913,20.299287744732958,20.412690172626004,62120
BBOX,2007-11-12,20.244688034057617,21.000713395863237,19.572664244053627,19.572664244053627,81820
BBOX,2007-11-13,20.43369483947754,20.9965140243499,20.265688490890124,20.656301889462668,68590
BBOX,2007-11-14,20.9713134765625,21.319924501588915,20.521898317683384,21.2527222797629,100930
BBOX,2007-11-15,21.07631492614746,21.16451753299543,20.77390415726621,21.13511666404611,72360
BBOX,2007-11-16,21.45012855529785,22.092749873125918,20.916710242254887,20.916710242254887,151940
BBOX,2007-11-19,21.98354721069336,22.260756568017314,21.67273594231084,21.67273594231084,209100
BBOX,2007-11-20,22.256559371948242,23.016784260604798,22.017149737110675,22.676573689120694,278330
BBOX,2007-11-21,21.22332000732422,22.42876208498297,21.16871930722499,22.25655630277847,113860
BBOX,2007-11-22,21.067914962768555,22.428761853693885,20.580698491148816,21.748337607117605,130460
BBOX,2007-11-23,21.17291831970215,21.756737871984352,21.088915149092884,21.500528922628344,55860
BBOX,2007-11-26,21.000713348388672,21.588733963034464,21.000713348388672,21.298923093401246,52760
BBOX,2007-11-27,20.694103240966797,21.193919644638942,20.589099673640334,21.08891607731248,400410
BBOX,2007-11-28,20.09768295288086,21.16872066442487,19.572665095154324,20.845309471798043,290570
BBOX,2007-11-29,19.765872955322266,20.58070009663197,19.48866358953836,20.58070009663197,215840
BBOX,2007-11-30,20.5596981048584,21.580332872793953,20.160684242120976,21.580332872793953,108930
BBOX,2007-12-03,20.69830322265625,21.168720370245584,20.345491163077913,20.345491163077913,127100
BBOX,2007-12-04,21.403928756713867,21.588736077707505,20.706705069341577,20.91671222339621,174430
BBOX,2007-12-05,22.407758712768555,23.016779671692074,21.454327812835157,21.79033887913626,511160
BBOX,2007-12-06,22.96637725830078,23.520795890396244,22.516962179287447,23.100781678067737,373630
BBOX,2007-12-07,22.94537925720215,23.999614334933717,22.69336974222958,23.100784083320864,479660
BBOX,2007-12-10,23.134387969970703,23.85681146261932,22.857176999141885,23.352793991827408,316230
BBOX,2007-12-11,23.655202865600586,23.94081268901615,23.18478734559793,23.411595429291566,292050
BBOX,2007-12-12,24.755640029907227,24.978248678321588,23.520798676208113,23.58380145641029,460340
BBOX,2007-12-13,25.641870498657227,28.140955690088116,25.377261063693958,25.620870105901123,1560420
BBOX,2007-12-14,25.92327880859375,26.88091074103027,24.360825359058683,25.78887438306677,834460
BBOX,2007-12-17,24.68423843383789,26.43569714183788,24.39442916911029,25.956881138276078,238000
BBOX,2007-12-18,24.117218017578125,25.049650186618898,23.80640836271603,24.444830229586294,217930
BBOX,2007-12-19,24.80604362487793,25.53266812738159,24.457431008028546,25.200856466044126,363730
BBOX,2007-12-20,24.54563331604004,26.032484213590674,24.486831574706503,25.940080561650955,124300
BBOX,2007-12-24,25.326858520507812,25.53686564190875,24.633835981221026,24.797641279557407,230220
BBOX,2007-12-26,25.614713668823242,26.20760754429659,25.197970860043124,26.20760754429659,207610
BBOX,2007-12-27,25.53738021850586,26.117385644850476,25.43426923532428,26.117385644850476,71560
BBOX,2007-12-28,25.258119583129883,25.77797501934601,25.02182180656978,25.64049261702306,152570
BBOX,2007-12-31,25.967012405395508,27.496506150000286,25.520195426036807,26.452498051003904,711080
BBOX,2008-01-01,26.47397804260254,27.01101915144504,25.954122642583656,26.199013257102283,338480
BBOX,2008-01-02,26.91220474243164,27.23872666603019,25.906863685321518,26.796203662120536,313950
BBOX,2008-01-03,29.33533477783203,30.297711585243928,26.48257249748181,27.053985058504715,2414660
BBOX,2008-01-04,30.521120071411133,31.706907733455335,29.558743341699248,30.503934362936434,2174590
BBOX,2008-01-07,30.370752334594727,31.105424238587798,30.065713353019056,30.065713353019056,529320
BBOX,2008-01-08,28.265546798706055,31.212828537461597,27.75428263652234,30.701564375277883,424190
BBOX,2008-01-09,27.831619262695312,28.699479572660586,27.066873210719688,27.92613902693301,209670
BBOX,2008-01-10,26.190420150756836,28.742440524336157,26.03575205067089,28.742440524336157,175950
BBOX,2008-01-11,26.02716064453125,27.410577402999007,25.81234420463483,26.20760566736294,390760
BBOX,2008-01-14,26.44820213317871,27.049687214811353,26.216199971915515,26.723166929230143,162460
BBOX,2008-01-15,25.997087478637695,27.410580190226906,25.868197929377665,27.410580190226906,144150
BBOX,2008-01-16,25.438562393188477,25.876788126799514,24.92300261018023,25.863899664873102,131520
BBOX,2008-01-17,25.451454162597656,26.009976614589505,25.17648772509262,25.606120632612424,99020
BBOX,2008-01-18,24.489076614379883,25.434269372894242,23.62981076826129,25.180785882732476,128850
BBOX,2008-01-21,21.08208656311035,24.059442732352537,20.36460039688047,22.23350288212935,213530
BBOX,2008-01-22,18.276582717895508,21.911276411666623,17.6149477034967,18.474213445130683,215580
BBOX,2008-01-23,20.13689422607422,21.05201279205488,18.98977513204565,19.986523361698772,148820
BBOX,2008-01-24,18.134803771972656,20.62237858173511,17.889913157428104,20.62237858173511,267070
BBOX,2008-01-25,19.956449508666992,20.235709923971335,18.32814034470097,19.67718745444312,162780
BBOX,2008-01-28,19.651411056518555,19.969338508819604,18.48710456369618,19.419408879594283,202480
BBOX,2008-01-29,19.088592529296875,20.35601008811031,18.92533154572438,19.61274526454981,174540
BBOX,2008-01-30,19.11866569519043,20.106821122438827,18.903849226705145,19.754522245236526,71590
BBOX,2008-01-31,19.243257522583008,19.754520071303844,18.568734016882306,19.127256445696215,98550
BBOX,2008-02-01,19.153034210205078,19.333479229667354,18.577326096475986,19.333479229667354,69490
BBOX,2008-02-04,19.823261260986328,20.45052488636894,19.33348002914184,19.72874150083409,144380
BBOX,2008-02-05,19.990819931030273,20.27867484957352,19.608446881299933,20.192747934832866,49530
BBOX,2008-02-06,19.750225067138672,19.926374491738528,19.419407535296113,19.926374491738528,19980
BBOX,2008-02-07,19.29481315612793,20.278672874288407,19.17451647056051,19.548296628516013,95710
BBOX,2008-02-08,19.049924850463867,19.49244625944338,18.903849583579422,19.26044571467836,48680
BBOX,2008-02-11,17.404430389404297,20.618086354160557,16.7556853446218,20.618086354160557,110600
BBOX,2008-02-12,17.516132354736328,18.465620606706597,17.06501816777972,17.189610454843628,53420
BBOX,2008-02-13,17.219688415527344,18.164879539108803,16.867387909326812,17.700876832485847,86530
BBOX,2008-02-14,17.662208557128906,18.040285963229305,17.314205322533372,17.314205322533372,154390
BBOX,2008-02-15,18.121917724609375,18.21643749682489,17.533321049720968,17.60635786358233,33740
BBOX,2008-02-18,18.083250045776367,19.333481803513454,17.958656103035253,18.474215945579523,247210
BBOX,2008-02-19,18.581623077392578,18.860885120250657,18.276584109231546,18.860885120250657,51120
BBOX,2008-02-20,18.134803771972656,18.860884400112994,17.700875277106515,17.700875277106515,50300
BBOX,2008-02-21,18.134803771972656,18.7663646404925,17.769616473488856,18.7663646404925,103260
BBOX,2008-02-22,18.182064056396484,19.32488749600929,17.44309494965216,17.44309494965216,66170
BBOX,2008-02-25,17.984432220458984,18.44843486833776,17.838356978939505,18.44413926075748,78420
BBOX,2008-02-26,17.722360610961914,18.809331537313252,17.632138077555943,18.809331537313252,153330
BBOX,2008-02-27,18.27228546142578,18.731992501835666,17.967246516652743,18.345323901662887,95050
BBOX,2008-02-28,18.040287017822266,18.36680731564243,17.95865571417758,18.216436449327787,33700
BBOX,2008-02-29,18.001619338989258,18.207842936305614,17.700875978308108,17.877025403448293,75420
BBOX,2008-03-03,17.503246307373047,18.13050999247915,17.357171045465638,18.044583078606635,41040
BBOX,2008-03-04,16.923240661621094,17.696579599207247,16.75568408301804,17.696579599207247,67430
BBOX,2008-03-05,16.54945945739746,16.940425329723904,15.896417254592517,16.918944012569156,91040
BBOX,2008-03-07,15.47107982635498,16.6439790718426,14.633296992320153,16.6439790718426,302160
BBOX,2008-03-10,15.19182014465332,15.552711859000768,14.014625235806797,14.779372939376096,195900
BBOX,2008-03-11,15.982344627380371,16.2229380087884,14.886781031401608,14.886781031401608,66550
BBOX,2008-03-12,15.509745597839355,16.652568940428367,15.303522021611183,16.343234395545757,108750
BBOX,2008-03-13,14.848115921020508,15.294932960865427,14.629002190181064,14.65048351073481,339260
BBOX,2008-03-14,14.865297317504883,15.037151128830711,14.280997964619765,14.280997964619765,105100
BBOX,2008-03-17,14.096256256103516,15.166041275784085,14.048996374148567,14.134923283255793,88790
BBOX,2008-03-18,13.85136604309082,14.607519260138083,13.623659481335157,14.091959429055187,70640
BBOX,2008-03-19,13.774031639099121,14.607518891734113,13.662326165073303,14.263812892653677,140160
BBOX,2008-03-24,13.078025817871094,14.040403423808794,12.974914019319883,13.894328170996312,94450
BBOX,2008-03-25,13.75684642791748,14.091959584299353,13.318620648615278,14.00603267168567,107530
BBOX,2008-03-26,13.924403190612793,14.594631151176891,13.318620825092776,14.594631151176891,112030
BBOX,2008-03-27,14.199365615844727,14.693444057650652,13.924400849208807,13.96306787194944,93190
BBOX,2008-03-28,14.435665130615234,14.603223342325801,14.259515702947757,14.598926095427856,113640
BBOX,2008-03-31,14.186478614807129,14.839520822245722,14.109144561365753,14.43136923773167,83230
BBOX,2008-04-01,14.719222068786621,14.934038513473007,13.920106271245569,14.667666580959324,76240
BBOX,2008-04-02,14.478629112243652,15.123078464667676,14.366923640028592,14.69344556305166,80200
BBOX,2008-04-03,14.13492202758789,14.44425657840708,14.048995126113933,14.44425657840708,214990
BBOX,2008-04-04,13.894327163696289,14.504405056030405,13.834178823766935,14.177884794019914,123390
BBOX,2008-04-07,14.298182487487793,15.896417411113424,13.877142439215124,15.896417411113424,30410
BBOX,2008-04-08,14.182181358337402,14.607518651975363,14.053291815662687,14.109144551758865,257600
BBOX,2008-04-09,14.173590660095215,14.418481291795029,14.04899672076176,14.345442843630085,76830
BBOX,2008-04-10,14.061884880065918,14.555963379759794,14.018922244840137,14.195071671537006,147160
BBOX,2008-04-11,14.727815628051758,15.552711667361406,14.199367345504408,14.521592027954219,1388410
BBOX,2008-04-15,16.914648056030273,17.520430423951982,14.848114704207212,15.037152604075981,1635810
BBOX,2008-04-16,17.507539749145508,18.216434652224667,16.84590472479421,17.44309416198582,1238490
BBOX,2008-04-17,17.22827911376953,18.035989447139663,16.94042584944201,18.035989447139663,248830
BBOX,2008-04-21,18.02309799194336,18.53436048227451,16.90175601568872,16.927534576137056,440020
BBOX,2008-04-22,17.63213539123535,18.190657858219065,17.46887442309812,17.834061748724523,101990
BBOX,2008-04-23,17.2497615814209,18.90384758997602,17.013462175410638,18.90384758997602,167630
BBOX,2008-04-24,16.613903045654297,17.69228251579368,16.454939335481026,17.18531557521139,138520
BBOX,2008-04-25,15.909306526184082,16.665461384274007,15.73315709428578,16.411977895550155,280490
BBOX,2008-04-28,15.95656681060791,16.308865683256453,15.896418462436632,15.982345376503988,69780
BBOX,2008-04-29,16.197160720825195,16.833017218629692,15.651526739031189,15.917898679170495,298210
BBOX,2008-04-30,16.22723388671875,16.691236539517813,15.896416376271956,15.896416376271956,79450
BBOX,2008-05-02,16.05967903137207,16.64827567371297,15.85345542614868,16.64827567371297,122530
BBOX,2008-05-05,16.26160430908203,16.721311372477732,15.982343912591611,15.982343912591611,126340
BBOX,2008-05-06,16.19286346435547,16.626793612580453,15.917898669676385,15.986639868346156,62250
BBOX,2008-05-07,15.943676948547363,16.24012305521007,15.82338026275718,16.029603855077248,32180
BBOX,2008-05-08,15.784714698791504,15.982345454871785,15.621453725154952,15.621453725154952,48790
BBOX,2008-05-09,15.325002670288086,15.982342032276655,15.209003245326977,15.982342032276655,38270
BBOX,2008-05-12,14.938335418701172,15.380856760185765,14.611813512446634,15.290634248820448,56880
BBOX,2008-05-13,14.955522537231445,15.462489514013496,14.77937310556443,14.77937310556443,37130
BBOX,2008-05-14,14.938335418701172,15.18322602893239,14.710630516992692,14.80514863602901,32120
BBOX,2008-05-15,15.170337677001953,15.46678377603158,14.951223989046651,15.123077797681422,97190
BBOX,2008-05-16,15.505453109741211,16.068272859848747,14.951226215236801,15.131672905063189,104910
BBOX,2008-05-20,15.20470905303955,15.55271231457831,15.12307938676631,15.55271231457831,29520
BBOX,2008-05-21,15.303522109985352,15.389449010306455,14.98559470939237,15.18752104038976,45360
BBOX,2008-05-22,15.166043281555176,15.466786683745273,15.123080640779316,15.29493284280245,38290
BBOX,2008-05-23,14.723520278930664,15.209005934587806,14.607519194538982,15.153153196417104,69580
BBOX,2008-05-26,14.452850341796875,14.779372260158292,13.546325489561864,13.838475170143656,50790
BBOX,2008-05-27,14.190773963928223,14.60751839554959,14.139218475547253,14.306775041974978,59550
BBOX,2008-05-28,14.083366394042969,15.080114623237936,13.967365310612585,15.080114623237936,39420
BBOX,2008-05-29,14.280998229980469,14.946928893133004,14.26381252074467,14.946928893133004,45770
BBOX,2008-05-30,14.306775093078613,14.590332738565957,14.134922918221713,14.435664633951145,31730
BBOX,2008-06-02,13.907217025756836,14.689148801410987,13.834180216751106,14.689148801410987,45400
BBOX,2008-06-03,13.576399803161621,13.743956371925496,13.32291632661848,13.490472895382354,43990
BBOX,2008-06-04,13.438918113708496,13.7396606678476,13.361584056528228,13.576400517824633,31310
BBOX,2008-06-05,13.06513786315918,13.464696635302209,12.897581275922354,13.404548284901258,77400
BBOX,2008-06-06,13.112397193908691,13.318620803223743,12.974914787698655,13.318620803223743,34580
BBOX,2008-06-09,12.88469123840332,15.037152276953893,12.549577264082833,15.037152276953893,73680
BBOX,2008-06-10,12.734317779541016,13.035061111010357,12.549575517592103,12.888985872234922,31180
BBOX,2008-06-11,12.837430953979492,13.181137772684568,12.803060354054958,13.138174317913965,35610
BBOX,2008-06-12,13.073729515075684,13.146767142177884,12.30038978938302,12.717134234390763,23600
BBOX,2008-06-13,12.923357963562012,13.146767274530788,12.717134362418408,13.017876909221226,38790
BBOX,2008-06-16,13.138174057006836,13.31861990789215,12.992098805363499,13.310027053216725,42210
BBOX,2008-06-17,13.584993362426758,13.739660657207754,13.112396984048692,13.275657133945234,51980
BBOX,2008-06-18,13.254176139831543,13.576400839408679,13.228398393314112,13.421732721384522,61780
BBOX,2008-06-19,13.120989799499512,13.310027694711463,12.639800567460533,12.639800567460533,30060
BBOX,2008-06-20,12.854616165161133,13.142470235663332,12.717133770794657,13.103803209815297,42720
BBOX,2008-06-23,12.506614685058594,12.798765204613428,12.300390258663565,12.631207806951231,41780
BBOX,2008-06-24,12.158611297607422,12.717134584795955,12.038314604566631,12.545281580837853,31110
BBOX,2008-06-25,12.235944747924805,12.712837527304325,11.86216458527036,12.37342714427861,48240
BBOX,2008-06-26,12.205870628356934,12.871801295841127,11.98675775093356,11.98675775093356,55730
BBOX,2008-06-27,12.051201820373535,12.545280282371973,11.80201478556079,12.545280282371973,44770
BBOX,2008-06-30,11.655941009521484,12.158611569502161,11.600089089283532,12.034018446143758,35290
BBOX,2008-07-01,11.12749195098877,11.875053098981496,10.998602408716126,11.630162476987639,46360
BBOX,2008-07-02,11.299345016479492,11.342308470653808,10.568969573355036,10.568969573355036,90580
BBOX,2008-07-03,10.822452545166016,11.170454950720519,10.753711349487588,11.170454950720519,40160
BBOX,2008-07-04,11.106011390686035,11.333716318850765,10.865417179631692,10.878305643061525,68220
BBOX,2008-07-07,11.398160934448242,12.58824342403189,11.084528300094853,11.084528300094853,26760
BBOX,2008-07-08,11.587199211120605,11.724682429758234,10.912675677991746,11.342308585152521,25570
BBOX,2008-07-09,11.79771900177002,12.287501063388143,11.72468219569211,12.029721160345929,26560
BBOX,2008-07-10,12.042611122131348,12.308983075392922,11.686015828954888,12.055499585362211,43810
BBOX,2008-07-11,11.686015129089355,12.36483507373974,11.608681076496573,11.95238706639814,44850
BBOX,2008-07-14,11.376680374145508,11.857869641026326,11.260679280416227,11.853573213170446,18680
BBOX,2008-07-15,11.578606605529785,11.943793903063476,11.260677548763992,11.557124469553882,25910
BBOX,2008-07-16,11.707496643066406,11.840682613960823,11.432531846520586,11.471198873467308,42160
BBOX,2008-07-17,11.466902732849121,12.029721622151026,11.256382702796648,12.029721622151026,18750
BBOX,2008-07-18,11.488383293151855,11.681718419969735,11.368085789858542,11.372382217061128,19790
BBOX,2008-07-21,11.677422523498535,11.943794466487715,11.604384896654455,11.686015378294247,19320
BBOX,2008-07-22,11.694608688354492,11.849276813697346,11.445421608335353,11.728979291824034,10670
BBOX,2008-07-23,12.072685241699219,12.721431050621186,11.686015776764604,11.78053472436114,248750
BBOX,2008-07-24,12.351945877075195,13.576399806172855,12.158610744258823,12.253130506728928,75770
BBOX,2008-07-25,12.01253604888916,12.45935467899376,10.959935886650028,12.45935467899376,82930
BBOX,2008-07-28,12.051201820373535,12.429279209409225,11.527050007687324,11.527050007687324,13350
BBOX,2008-07-29,11.939498901367188,12.321871927090543,11.806312109935226,12.321871927090543,14230
BBOX,2008-07-30,11.93090534210205,12.07268416052973,11.776237242195604,11.776237242195604,30370
BBOX,2008-07-31,11.492679595947266,11.857867709616968,11.32082660700261,11.857867709616968,77250
BBOX,2008-08-01,11.518458366394043,11.771941854985037,11.170455930321232,11.514161938854903,59480
BBOX,2008-08-04,11.638755798339844,11.767645345780558,10.831045454701435,10.835341882210761,36080
BBOX,2008-08-05,12.210166931152344,12.364835035864134,11.771941180775418,11.918016430901059,77310
BBOX,2008-08-06,12.119943618774414,12.79446795472854,11.905127170491623,12.300389468110346,172720
BBOX,2008-08-07,12.180093765258789,12.450762151393524,12.158611627019662,12.351946773872891,48180
BBOX,2008-08-08,12.107054710388184,12.300389015045713,11.608680634285676,11.608680634285676,15010
BBOX,2008-08-11,12.261723518371582,12.545281170492462,12.128536727633186,12.287501263257187,43530
BBOX,2008-08-12,12.197277069091797,12.394908617873973,11.892238120930632,12.21016635035792,56490
BBOX,2008-08-13,12.132833480834961,12.459354596173293,12.094166452738332,12.210167537028218,23220
BBOX,2008-08-14,11.80201530456543,12.154314966033109,11.771941133095439,12.115647940011774,29000
BBOX,2008-08-18,11.750460624694824,12.02972186115102,11.535644162888557,12.02972186115102,37570
BBOX,2008-08-19,11.92231273651123,12.115647865427729,11.449716392072899,11.836385830446186,52300
BBOX,2008-08-20,11.840683937072754,12.072686124677679,11.690312239861395,12.072686124677679,20440
BBOX,2008-08-21,11.570013999938965,11.77623759298405,11.557124718076253,11.707496395302355,15440
BBOX,2008-08-22,11.574312210083008,11.686016878387191,11.42823693764368,11.514163038251622,37140
BBOX,2008-08-25,11.643052101135254,11.840682847688742,11.600088645961963,11.60868150088857,20640
BBOX,2008-08-26,11.548532485961914,11.74616405454383,11.514161885268505,11.74616405454383,6160
BBOX,2008-08-27,11.43253231048584,11.728978436495046,11.269271341316356,11.531347685822242,9590
BBOX,2008-08-28,11.183344841003418,11.595792037526671,11.0458616227026,11.428235466371566,27440
BBOX,2008-08-29,11.43682861328125,11.505569814457566,11.191937162198398,11.350901702080977,18750
BBOX,2008-09-01,11.393864631652832,11.771941220667651,11.256382235647443,11.42823523065418,24390
BBOX,2008-09-02,11.402457237243652,11.46690200653127,11.256381989813214,11.342308075710136,12870
BBOX,2008-09-04,11.643052101135254,11.728978192022085,11.47119909990184,11.630162818745342,25990
BBOX,2008-09-05,11.402457237243652,11.643051424998617,11.295049015277725,11.643051424998617,18030
BBOX,2008-09-08,11.677422523498535,11.771941467872157,11.466902497762009,11.63445906897971,16100
BBOX,2008-09-09,11.565717697143555,11.686015204111248,11.432531727634135,11.686015204111248,19470
BBOX,2008-09-10,11.514161109924316,11.600088015601543,11.31653037411028,11.565717417222592,21540
BBOX,2008-09-11,11.368085861206055,11.582902305925382,11.282159774994147,11.557124562007779,23550
BBOX,2008-09-12,11.252086639404297,11.539940734598504,11.084529239869903,11.342309161149156,69060
BBOX,2008-09-15,10.732230186462402,10.947046647293721,10.397117032019793,10.925565328994496,34020
BBOX,2008-09-16,10.654895782470703,10.74082269178891,10.483042783294028,10.568969692612235,27070
BBOX,2008-09-17,10.57756233215332,10.904082614213541,10.448671970799285,10.899787006348824,25520
BBOX,2008-09-18,10.306894302368164,10.568970662320567,9.924521241684676,10.568970662320567,25960
BBOX,2008-09-19,10.233855247497559,10.564672767489908,10.139336307268188,10.410004665787573,60480
BBOX,2008-09-22,10.35844898223877,10.826748886236553,10.053409211814122,10.826748886236553,34780
BBOX,2008-09-23,10.066299438476562,10.39282055574455,9.924520607770967,9.924520607770967,17870
BBOX,2008-09-24,9.98896598815918,10.311190697454638,9.890150607312261,10.225263780525257,10490
BBOX,2008-09-25,10.160818099975586,11.359494305417336,9.640962675164898,9.98896510084229,1805750
BBOX,2008-09-26,9.98896598815918,11.08452967197981,9.709704737328412,10.568970628782965,2105880
BBOX,2008-09-29,8.807475090026855,9.963187904459607,8.764511633012818,9.963187904459607,257140
BBOX,2008-09-30,8.661399841308594,8.923476191987506,8.137247959410557,8.575472927147047,205060
BBOX,2008-10-01,8.5368070602417,8.837549632973236,8.343471905338712,8.644215297530065,83840
BBOX,2008-10-03,8.137248039245605,8.80747519011804,8.08139529865469,8.571177403045134,92440
BBOX,2008-10-06,7.668947696685791,8.077098474262272,7.501390302602201,8.077098474262272,98190
BBOX,2008-10-07,7.4584269523620605,7.948208166330463,7.2092399183041405,7.750577437697484,87840
BBOX,2008-10-08,7.411166667938232,7.475611431593595,6.496048647599151,7.217831557512513,77840
BBOX,2008-10-10,6.929978370666504,7.3037593571537105,6.624939402620166,7.3037593571537105,95020
BBOX,2008-10-13,7.063165664672852,7.303759878273107,6.874126944257042,7.054572809322181,58810
BBOX,2008-10-14,7.363907814025879,7.595909978730419,7.170573496231839,7.381093523763879,50760
BBOX,2008-10-15,7.174870014190674,7.299463133524175,6.908497246109089,6.968645592031486,42810
BBOX,2008-10-16,6.985830783843994,7.290869737779557,6.504642003505432,6.513234448115664,31360
BBOX,2008-10-17,6.607753753662109,7.0416826517303335,6.547605002867479,6.723754418379803,53650
BBOX,2008-10-20,6.7108659744262695,6.874126528649274,6.4874570753047,6.620643047348553,28550
BBOX,2008-10-21,6.9686455726623535,7.47561254248418,6.78820012566683,6.874126626552764,51980
BBOX,2008-10-22,6.942867279052734,7.045979071974149,6.616346191738412,6.616346191738412,25660
BBOX,2008-10-23,6.775311470031738,6.994424361608148,6.689384556663028,6.783903915530676,53250
BBOX,2008-10-24,6.281232833862305,6.702273281215215,5.86019279623925,6.61634637500411,118120
BBOX,2008-10-27,5.855896472930908,6.358566998431461,5.671154194919463,6.18671359268853,72180
BBOX,2008-10-29,6.100787162780762,6.4444935683733116,5.37470773435851,6.4444935683733116,37200
BBOX,2008-10-31,6.246861934661865,6.521827119900004,6.105083119857938,6.2640472331311345,47180
BBOX,2008-11-03,6.616346836090088,6.715162621227281,6.186713914013332,6.616346836090088,76500
BBOX,2008-11-04,7.2264251708984375,7.699021519820891,6.465975158954324,6.513234629954625,96100
BBOX,2008-11-05,6.702272891998291,8.163024476539796,6.448789434801598,8.163024476539796,114800
BBOX,2008-11-06,6.5003461837768555,7.045979783734749,6.208195664590966,6.444493854536619,47080
BBOX,2008-11-07,6.693681240081787,6.788200602561567,6.444494165141379,6.63782890814964,15850
BBOX,2008-11-10,6.801089286804199,7.303759850467722,6.319900451705678,7.303759850467722,49610
BBOX,2008-11-11,6.465974807739258,6.865533100218502,6.272640097219645,6.659309518258871,43790
BBOX,2008-11-12,6.328492641448975,6.693680783100696,6.186713812273571,6.281233168300465,31350
BBOX,2008-11-14,6.367158889770508,7.561538542269752,6.221083650995073,6.68508751934697,48530
BBOX,2008-11-17,6.4359002113342285,6.4444930654251165,6.272640080905713,6.4444930654251165,17420
BBOX,2008-11-18,5.9633049964904785,6.607754378405777,5.92893439556672,6.302714987910007,45890
BBOX,2008-11-19,6.100787162780762,6.2296771160942015,5.847303683534633,5.847303683534633,43500
BBOX,2008-11-20,5.542264461517334,5.885970876822025,5.529375588740748,5.757080919866531,50550
BBOX,2008-11-21,5.787156105041504,6.014861459869322,5.499301988112221,5.499301988112221,28300
BBOX,2008-11-24,5.641080379486084,5.843007969857801,5.525079292550239,5.757081056692041,18480
BBOX,2008-11-25,5.696932315826416,6.010564134146175,5.546560637898127,5.9289340639504395,12240
BBOX,2008-11-26,5.774266242980957,5.903156200446176,5.675450868419879,5.675450868419879,29350
BBOX,2008-11-27,5.774266242980957,5.774266242980957,5.774266242980957,5.774266242980957,0
BBOX,2008-11-28,5.830118656158447,5.989082789105131,5.3274481015592565,5.984786771253512,38740
BBOX,2008-12-01,6.182418346405029,6.521828363173079,5.885971379135391,6.01056491922164,149110
BBOX,2008-12-02,6.251158714294434,6.444493435410786,6.079305310178898,6.186713534102411,31990
BBOX,2008-12-03,6.268344402313232,6.349974477274285,6.053527941149543,6.319900303824932,20340
BBOX,2008-12-04,6.440197467803955,6.508938670464802,6.0320462697077595,6.268344461151837,22550
BBOX,2008-12-05,6.938571453094482,7.303759596827825,6.057824300084442,6.453086616926456,356520
BBOX,2008-12-08,6.504642486572266,7.1748700148685,6.453086585892537,7.058868931041701,122570
BBOX,2008-12-10,6.491753101348877,6.616346628451871,6.375752429088096,6.5733835834304175,88170
BBOX,2008-12-11,6.569087028503418,6.723754725092318,6.191010027111799,6.191010027111799,47560
BBOX,2008-12-12,6.517530918121338,6.616346285302618,6.380048525615263,6.40152984214695,51720
BBOX,2008-12-15,6.955757141113281,7.088943115655655,6.676495499810131,6.702273655057298,66530
BBOX,2008-12-16,8.347766876220703,8.347766876220703,6.938570753940312,7.024497656558018,197440
BBOX,2008-12-17,7.888061046600342,9.280071674919261,7.561539913617909,9.108218662681086,270020
BBOX,2008-12-18,7.711910724639893,8.163024932605246,7.604502501842456,8.158728505358186,70760
BBOX,2008-12-19,7.969690322875977,8.54110207259773,7.711911226939962,7.711911226939962,237910
BBOX,2008-12-22,7.802134037017822,8.266137574216334,7.746282116008836,7.969690619504571,97610
BBOX,2008-12-23,7.557242393493652,7.767762405487601,7.475611917182633,7.707614064763526,66120
BBOX,2008-12-24,7.570131301879883,7.943911428620755,7.402573930395687,7.411166784207111,53830
BBOX,2008-12-26,7.29086971282959,7.621687228653305,7.22642494441892,7.531464716770304,36380
BBOX,2008-12-29,7.325240612030029,7.5529463438743205,7.0760535629848365,7.303759294829128,33920
BBOX,2008-12-30,7.660355567932129,7.862282762120866,7.230722612199626,7.230722612199626,69140
BBOX,2008-12-31,7.754872798919678,8.008356251997506,7.651761010805592,8.008356251997506,75760
BBOX,2009-01-02,8.148204803466797,8.33146112875435,7.745934841921475,8.304643358657072,81890
BBOX,2009-01-05,7.964948654174805,8.286765312539238,7.786162095373207,8.21524983649704,132620
BBOX,2009-01-06,8.125856399536133,8.21971901646761,7.99176585067781,8.000705391105997,64350
BBOX,2009-01-07,7.49116325378418,8.166083186560337,7.339194482032119,8.134795648703408,73360
BBOX,2009-01-09,7.017378807067871,7.285558636368227,6.798365173240721,6.927985530634419,51150
BBOX,2009-01-12,7.294497966766357,7.473284514477003,7.062075454742519,7.473284514477003,31150
BBOX,2009-01-13,7.048666477203369,7.178286402887339,6.914576355059687,7.062075361539513,21550
BBOX,2009-01-14,7.1425299644470215,7.33025607307867,7.035258024160594,7.035258024160594,14990
BBOX,2009-01-15,6.919045448303223,7.062075105662502,6.86987925667828,6.892227680602611,12140
BBOX,2009-01-16,6.972681999206543,7.142529001975734,6.825182994623316,6.825182994623316,10770
BBOX,2009-01-19,6.802834510803223,7.057605438994177,6.749198548355692,7.057605438994177,40020
BBOX,2009-01-20,6.829652786254883,6.963742915465307,6.744729279302717,6.838592327123937,10590
BBOX,2009-01-21,6.673214912414551,6.972682722799903,6.561473204845711,6.704502454130374,19190
BBOX,2009-01-22,6.530184745788574,6.7045019499409095,6.391625277529151,6.615108675860515,15170
BBOX,2009-01-23,6.418443202972412,6.650866147503879,6.2843535017158505,6.57041198574133,30800
BBOX,2009-01-27,6.32011079788208,6.481018694781398,6.257535291513074,6.436321843623428,28570
BBOX,2009-01-28,6.574881553649902,6.860940455127135,6.373746581698126,6.606169092811517,44420
BBOX,2009-01-29,6.355868339538574,6.570412209876373,6.275414175031511,6.570412209876373,16440
BBOX,2009-01-30,6.244126319885254,6.337989365003814,6.078748654916507,6.172611700035067,23220
BBOX,2009-02-02,6.09215784072876,6.257535513872672,6.034052102662934,6.257535513872672,26630
BBOX,2009-02-03,6.154732704162598,6.257534857937853,6.123444740015609,6.127914510073856,8470
BBOX,2009-02-04,7.093362808227539,7.388361243614226,6.212838124729838,6.257534973617114,168550
BBOX,2009-02-05,7.151468753814697,7.553738700712472,6.972682205473632,7.330255302155763,215400
BBOX,2009-02-06,6.963743209838867,7.240863020843267,6.927985897372646,7.151469313416925,29770
BBOX,2009-02-09,6.883288860321045,6.97268256536636,6.70450230275197,6.905637286582374,42970
BBOX,2009-02-10,7.084424018859863,7.22298348949076,6.838592191235752,6.88328861591056,16700
BBOX,2009-02-11,7.133590221405029,7.290028347323014,6.972682325136619,7.240862578511398,11870
BBOX,2009-02-12,7.079954624176025,7.294498497024615,7.06207596810531,7.066545738688184,10200
BBOX,2009-02-13,7.164877891540527,7.366012433869478,7.160408121374796,7.164877891540527,30300
BBOX,2009-02-16,7.155938625335693,7.517981497413978,7.0218484990523145,7.374952256717447,39570
BBOX,2009-02-17,7.062075614929199,7.1514688908121995,6.677683889241155,6.686623429959837,31340
BBOX,2009-02-18,6.986091136932373,7.151468801823245,6.972682252281967,6.97715159632493,17130
BBOX,2009-02-19,6.995030403137207,7.0576059099655115,6.749198998746278,6.749198998746278,15480
BBOX,2009-02-20,6.731319904327393,7.0441965655387815,6.65980486136242,6.838591829383742,28510
BBOX,2009-02-24,6.548063278198242,6.78495598290887,6.40056427215768,6.40056427215768,12260
BBOX,2009-02-25,6.521245956420898,6.744729365886943,6.364807399290357,6.445261563101582,25090
BBOX,2009-02-26,6.387155532836914,6.565942081713643,6.364807107662133,6.4363217272128255,49980
BBOX,2009-02-27,6.306701183319092,6.521245461789066,6.279883414923309,6.48101838293465,18330
BBOX,2009-03-02,6.154732704162598,6.481018245721348,5.855264930431856,6.092157202129355,71310
BBOX,2009-03-03,6.007233619689941,6.244126331198855,5.989354964695001,6.078748665930463,44310
BBOX,2009-03-04,6.016172885894775,6.212838081868394,5.989354691495276,6.0519301942536154,42160
BBOX,2009-03-05,5.828446865081787,6.413973541562373,5.685417630144557,5.725644709035839,11580
BBOX,2009-03-06,5.882082462310791,5.984885038223042,5.8239767326666,5.877612692431842,13300
BBOX,2009-03-09,6.0608696937561035,6.118974999753306,5.9670066533795465,6.034051499536772,8900
BBOX,2009-03-12,6.034051895141602,6.329049919591247,5.949128389357308,6.329049919591247,9470
BBOX,2009-03-13,6.15026330947876,6.391625365965767,6.0161731833724765,6.0161731833724765,27230
BBOX,2009-03-16,6.253065586090088,6.391625485110282,6.168142079520837,6.168142079520837,18000
BBOX,2009-03-17,6.905636787414551,7.062075333675053,6.346928302570967,6.391625151862752,245760
BBOX,2009-03-18,7.097832679748535,7.2140437212459885,6.749198702734677,7.0620753706322805,95050
BBOX,2009-03-19,7.30343770980835,7.3749523308757245,6.624047957146751,6.641926612413595,30370
BBOX,2009-03-20,7.38836145401001,7.580556460411844,6.8922280370238465,7.240862445246759,73310
BBOX,2009-03-23,7.151468753814697,7.857676259153038,6.275413814421967,6.977151549486592,76730
BBOX,2009-03-24,6.914577007293701,7.374952724694326,6.892228580451561,7.285559017325765,30830
BBOX,2009-03-25,6.829652786254883,6.972682456334361,6.722380853390852,6.883288752686899,50330
BBOX,2009-03-26,6.753668308258057,7.294498162414473,6.615108836631147,7.294498162414473,35820
BBOX,2009-03-27,6.905636787414551,7.053135793312397,6.753668011335376,6.883288362768658,33760
BBOX,2009-03-30,6.941394329071045,7.057605800117366,6.802834858890306,6.825183284285485,10410
BBOX,2009-03-31,6.8654093742370605,7.142528718083715,6.708971261849497,6.94139375857929,31490
BBOX,2009-04-01,6.954803943634033,7.15146915792215,6.9101070908927085,6.914576861418997,16300
BBOX,2009-04-02,7.236392498016357,7.509041657534563,7.057605528008883,7.151468570041103,53610
BBOX,2009-04-06,7.290027618408203,7.509041228551122,7.24086185451257,7.3391942348252766,31050
BBOX,2009-04-08,7.629723072052002,7.902373090445166,7.151468736689344,7.285558434493666,56510
BBOX,2009-04-09,7.51351261138916,8.438733866996236,7.249802098121625,8.438733866996236,42020
BBOX,2009-04-13,8.291234016418457,8.492369422701582,7.544799406743299,7.5984357992593115,82230
BBOX,2009-04-15,8.720321655273438,9.11812180184864,8.322521508698236,8.429793429599815,173880
BBOX,2009-04-16,8.072220802307129,8.760550137495356,7.87555600870042,8.760550137495356,127810
BBOX,2009-04-17,8.277824401855469,8.380626549591991,7.9560077967374285,7.9560077967374285,44540
BBOX,2009-04-20,8.063281059265137,8.492368755600985,8.00964467096242,8.492368755600985,35720
BBOX,2009-04-21,7.964948654174805,8.116917442286551,7.826389177668761,7.826389177668761,29630
BBOX,2009-04-22,7.897902965545654,8.268885355502475,7.826388349591674,8.179491659299265,24790
BBOX,2009-04-23,7.862145900726318,8.036462675940166,7.7772219719589195,8.036462675940166,26600
BBOX,2009-04-24,7.853207111358643,8.045402985755134,7.7325258619671375,7.7325258619671375,31580
BBOX,2009-04-27,7.897902965545654,8.849941823258925,7.160407955694322,7.160407955694322,31980
BBOX,2009-04-28,7.49116325378418,8.402975031775073,7.392830870159333,8.402975031775073,37730
BBOX,2009-04-29,7.27215051651001,7.661011180545822,7.151469268007211,7.661011180545822,59490
BBOX,2009-04-30,7.151468753814697,7.151468753814697,7.151468753814697,7.151468753814697,0
BBOX,2009-05-04,7.517981052398682,7.911312293553028,7.41964866837083,7.54926859038384,111370
BBOX,2009-05-05,7.585025787353516,7.848736250111162,7.509041402278915,7.553738249826584,86030
BBOX,2009-05-06,8.009644508361816,8.53259566048083,7.598435048127025,7.598435048127025,465930
BBOX,2009-05-07,8.005175590515137,8.885699909384725,7.915781886483439,8.40297578316095,83660
BBOX,2009-05-08,7.920250415802002,8.251005704854126,7.777221193781776,8.036461871823787,90070
BBOX,2009-05-11,7.728056907653809,8.081160260396398,7.661011201069371,7.911313239935704,27960
BBOX,2009-05-12,7.652071475982666,7.777221625943962,7.509041393493179,7.513511163494862,27540
BBOX,2009-05-13,7.598435878753662,7.853206827696662,7.509042174465589,7.732525582664226,36680
BBOX,2009-05-14,7.75040340423584,7.95600769713489,7.374951271312751,7.777221170152802,41530
BBOX,2009-05-15,7.598435878753662,7.866616139096336,7.509042174465589,7.687829583041736,45870
BBOX,2009-05-18,8.93039608001709,8.93039608001709,8.921456539791691,8.921456539791691,2600
BBOX,2009-05-19,9.14941120147705,9.797513481281888,7.687830235694487,7.687830235694487,867760
BBOX,2009-05-20,9.927132606506348,10.235539949257609,9.3863031665939,9.47569687109389,510010
BBOX,2009-05-21,10.123797416687012,11.209926830656668,9.958420185169203,10.012055721464149,730640
BBOX,2009-05-22,10.660158157348633,10.816596705018362,10.056752817777673,10.061222587999264,247470
BBOX,2009-05-25,11.34848690032959,11.527274304255222,10.190842807770897,10.190842807770897,432130
BBOX,2009-05-26,10.852354049682617,11.777575175533872,10.727203040634144,10.727203040634144,243280
BBOX,2009-05-27,10.932807922363281,11.174170412483262,10.821066218238448,11.098186019577513,54630
BBOX,2009-05-28,10.409856796264648,10.990913273769179,10.1193277049909,10.905989346203553,86950
BBOX,2009-05-29,10.932807922363281,10.932807922363281,10.374099401739118,10.883642152263006,39700
BBOX,2009-06-01,10.459022521972656,11.478107091224297,10.387507905097609,10.467962062212406,85420
BBOX,2009-06-02,10.28023624420166,10.995383283867815,9.958420459986566,10.995383283867815,88370
BBOX,2009-06-03,10.570764541625977,10.575234311882946,10.235539445046792,10.369629995191369,69320
BBOX,2009-06-04,11.03561019897461,11.098185276286712,10.59311318257869,10.995383119982117,63640
BBOX,2009-06-05,10.365160942077637,10.99538409904857,10.365160942077637,10.548417272684983,70070
BBOX,2009-06-08,9.864557266235352,10.566295014840648,9.864557266235352,10.114858438742633,37160
BBOX,2009-06-09,10.092510223388672,10.28023631188039,9.475696419785312,9.48463510779234,27960
BBOX,2009-06-10,10.177433967590332,10.503719518232392,9.797512027277627,10.494779977867037,36910
BBOX,2009-06-11,9.663422584533691,10.244479083129688,9.529332033112029,9.743875892360872,36720
BBOX,2009-06-12,10.481371879577637,10.481371879577637,9.520392570356863,10.012056224546708,24050
BBOX,2009-06-15,10.070161819458008,10.070161819458008,9.743875423465271,9.766224273887499,41720
BBOX,2009-06-16,10.481371879577637,10.575234499070909,10.159555235551508,10.575234499070909,88020
BBOX,2009-06-17,10.481371879577637,10.619931349910264,9.784103052535375,10.280236477061306,28840
BBOX,2009-06-18,9.305848121643066,9.922662748723877,9.305848121643066,9.922662748723877,28970
BBOX,2009-06-19,9.20751667022705,9.65448349060194,8.849942702414205,9.65448349060194,29750
BBOX,2009-06-22,8.854412078857422,9.29690910903277,8.854412078857422,9.29690910903277,11600
BBOX,2009-06-23,8.58623218536377,8.970623922581584,8.58623218536377,8.58623218536377,43530
BBOX,2009-06-24,8.599641799926758,9.243274280795497,8.599641799926758,8.63092934196177,12660
BBOX,2009-06-25,8.894639015197754,9.457817276997048,8.894639015197754,9.028729564686063,18180
BBOX,2009-06-26,9.131532669067383,9.457818257357191,8.899109707879468,8.899109707879468,17940
BBOX,2009-06-29,9.20751667022705,9.533802244495547,9.20751667022705,9.363955227862572,29650
BBOX,2009-06-30,8.939336776733398,9.56509018060042,8.939336776733398,9.256682823097071,14940
BBOX,2009-07-01,8.939336776733398,9.073426487375764,8.939336776733398,8.961684777666596,14830
BBOX,2009-07-02,8.805246353149414,9.466757016461427,8.805246353149414,8.961684052058558,25950
BBOX,2009-07-03,8.948274612426758,9.38630182638631,8.948274612426758,8.948274612426758,14940
BBOX,2009-07-06,8.769489288330078,9.466757281256266,8.684565354745763,8.95721538479346,13950
BBOX,2009-07-07,8.501309394836426,8.841004291280749,8.501309394836426,8.78289812539705,9540
BBOX,2009-07-08,8.35827922821045,8.671155466485862,8.35827922821045,8.496838692982111,22090
BBOX,2009-07-09,8.054342269897461,8.447672694868846,8.054342269897461,8.318052760880676,11560
BBOX,2009-07-10,8.313582420349121,8.56835335289254,8.224188721815311,8.313582420349121,3410
BBOX,2009-07-13,7.911313056945801,8.134796467000523,7.911313056945801,8.049872532473694,8220
BBOX,2009-07-14,8.242067337036133,8.487898715337836,8.242067337036133,8.24653710696253,13390
BBOX,2009-07-15,8.313582420349121,8.617519972338284,8.313582420349121,8.40297526636144,24450
BBOX,2009-07-16,8.492368698120117,8.814184468193783,8.492368698120117,8.590701081401148,15450
BBOX,2009-07-17,8.894639015197754,8.966153633916251,8.376157603227897,8.376157603227897,32960
BBOX,2009-07-20,9.341606140136719,9.341606140136719,9.341606140136719,9.341606140136719,60540
BBOX,2009-07-21,9.810920715332031,9.810920715332031,9.810920715332031,9.810920715332031,65270
BBOX,2009-07-22,10.302584648132324,10.302584648132324,10.302584648132324,10.302584648132324,104770
BBOX,2009-07-23,10.807658195495605,10.821066654917889,10.235540340381139,10.767431112185596,351010
BBOX,2009-07-24,10.463492393493652,11.084775953312004,10.101449535490005,10.995383107612634,72140
BBOX,2009-07-27,10.056753158569336,10.59311366803498,9.989708308016514,10.459023114407804,41600
BBOX,2009-07-28,10.812126159667969,10.812126159667969,10.280235476731097,10.441143783086792,145350
BBOX,2009-07-29,10.727202415466309,10.816596109937109,10.280235648155212,10.45902218457536,89200
BBOX,2009-07-30,11.084775924682617,11.084775924682617,10.369629750848759,10.369629750848759,71680
BBOX,2009-07-31,10.736141204833984,11.08477471334929,10.58864221603411,10.58864221603411,93130
BBOX,2009-08-03,10.789778709411621,11.075838052532234,10.199782646290279,10.199782646290279,36650
BBOX,2009-08-04,10.986443519592285,11.07583721742507,10.302584032979485,10.302584032979485,56030
BBOX,2009-08-05,10.990913391113281,11.384243789658244,10.727202917847803,11.352956250884628,47110
BBOX,2009-08-06,10.731673240661621,11.084776578246034,10.727203470246435,10.905990024246234,72520
BBOX,2009-08-07,10.727202415466309,10.727202415466309,10.266826338228157,10.266826338228157,49970
BBOX,2009-08-10,10.548417091369629,10.709324566380038,10.342811911465285,10.342811911465285,17040
BBOX,2009-08-11,10.463492393493652,10.816596563692405,10.110389075816387,10.110389075816387,67070
BBOX,2009-08-12,10.324934005737305,10.57523519333994,10.012056881842826,10.012056881842826,9840
BBOX,2009-08-13,10.637809753417969,10.691446145810268,9.895844915873973,9.895844915873973,26930
BBOX,2009-08-14,10.610991477966309,10.700385176854171,10.025465222563133,10.025465222563133,16970
BBOX,2009-08-17,10.803187370300293,10.803187370300293,10.284705961050985,10.637809282555592,51570
BBOX,2009-08-18,10.803187370300293,10.803187370300293,10.803187370300293,10.803187370300293,0
BBOX,2009-08-19,11.223336219787598,11.621136384766977,11.084775902922985,11.084775902922985,58750
BBOX,2009-08-20,11.46469783782959,11.571969763675165,11.174169598765973,11.174169598765973,92820
BBOX,2009-08-21,11.487046241760254,11.612196390785066,11.174169164155325,11.174169164155325,74520
BBOX,2009-08-24,12.045755386352539,12.063633614722761,10.919398865819115,10.919398865819115,243420
BBOX,2009-08-25,12.550827980041504,12.649160371250252,11.90272576508323,11.90272576508323,115040
BBOX,2009-08-26,13.181051254272461,13.181051254272461,12.702796899270846,12.702796899270846,54240
BBOX,2009-08-27,13.67718505859375,13.84256230695269,13.2838537739425,13.2838537739425,376930
BBOX,2009-08-28,13.002264022827148,13.677183979769962,12.99332448239894,13.417943275002388,725070
BBOX,2009-08-31,12.7296142578125,13.221277908255688,12.564237019245105,13.185520598360993,57530
BBOX,2009-09-01,12.282648086547852,13.131884879405648,12.202193922036413,12.51507103902055,106090
BBOX,2009-09-02,12.461433410644531,12.524009339355029,12.07704256081292,12.07704256081292,33910
BBOX,2009-09-03,12.30052661895752,12.671509031219758,12.15749737844989,12.35416215788712,60520
BBOX,2009-09-04,12.568706512451172,12.872643213594579,12.269238728989752,12.501660811920416,65830
BBOX,2009-09-07,13.1542329788208,13.386655917984475,12.608932940588986,12.935219350481706,97210
BBOX,2009-09-08,14.142029762268066,14.392331792633579,13.230217902432845,13.386656458280903,435980
BBOX,2009-09-09,15.496337890625,15.558914673863903,14.302937372064047,14.302937372064047,1806750
BBOX,2009-09-10,15.979063987731934,16.43049973059294,15.52762824487093,15.643838869108187,2488000
BBOX,2009-09-11,16.779132843017578,16.779132843017578,15.733230539996761,16.716557768442105,1138260
BBOX,2009-09-14,17.619430541992188,17.619430541992188,17.619430541992188,17.619430541992188,107840
BBOX,2009-09-15,18.504425048828125,18.504425048828125,18.504425048828125,18.504425048828125,19510
BBOX,2009-09-16,17.579204559326172,19.42964678556198,17.579204559326172,19.42964678556198,5203450
BBOX,2009-09-17,16.703147888183594,17.369129132508384,16.703147888183594,16.703147888183594,1718220
BBOX,2009-09-18,16.260652542114258,16.832769496303097,15.88072974187578,15.88072974187578,1224610
BBOX,2009-09-22,17.074132919311523,17.074132919311523,16.44837868730412,16.51989331052984,701290
BBOX,2009-09-23,16.296409606933594,17.927839157818774,16.220426067078233,17.927839157818774,692000
BBOX,2009-09-24,16.207015991210938,16.515424185350447,15.65277809442522,15.65277809442522,189870
BBOX,2009-09-25,16.086336135864258,16.805951262974826,15.912017648879504,16.001411351297648,353860
BBOX,2009-09-29,16.090803146362305,16.52883036074147,15.912015762718916,16.278528364649294,263630
BBOX,2009-09-30,16.452848434448242,16.797013073225838,15.876260856299686,16.09080471455526,280410
BBOX,2009-10-01,15.920955657958984,16.600345343916292,15.867320123685296,16.600345343916292,151090
BBOX,2009-10-05,15.460580825805664,16.32322683853681,15.375657752314249,15.822624527613582,338870
BBOX,2009-10-06,15.205810546875,15.733231500558817,14.714146050113252,15.554444100819453,246700
BBOX,2009-10-07,15.071721076965332,15.643838036693493,15.018083833208541,15.643838036693493,133700
BBOX,2009-10-08,15.044902801513672,15.491869612853998,15.044902801513672,15.451642531631645,106940
BBOX,2009-10-09,14.669450759887695,15.398007147139937,14.571117514786275,15.000206953837777,196600
BBOX,2009-10-12,14.848238945007324,15.01361619811226,14.749905694761763,14.928693112473116,122250
BBOX,2009-10-13,14.875055313110352,14.875055313110352,14.875055313110352,14.875055313110352,0
BBOX,2009-10-14,15.594672203063965,15.594672203063965,14.660511473510274,14.660511473510274,262920
BBOX,2009-10-15,16.332168579101562,16.37686458063627,15.634899701875234,16.37686458063627,1354790
BBOX,2009-10-16,16.019289016723633,16.618224553424774,15.82709317027934,16.5377703988647,221720
BBOX,2009-10-20,15.947775840759277,16.627165593307854,15.670656897299681,15.670656897299681,136400
BBOX,2009-10-21,15.523158073425293,16.001412453505935,15.375659903561996,16.001412453505935,115990
BBOX,2009-10-22,15.12535572052002,15.69747264638877,15.027022484495228,15.69747264638877,104920
BBOX,2009-10-23,15.09406852722168,15.518687313788037,14.369982813261524,15.018083287183734,51680
BBOX,2009-10-26,14.98232650756836,15.509747438646514,14.839297275924412,14.839297275924412,145120
BBOX,2009-10-27,14.280590057373047,15.10300906385679,14.235893205440368,14.31187759796946,113010
BBOX,2009-10-28,14.383391380310059,14.468314456250402,13.864909974213093,13.864909974213093,103580
BBOX,2009-10-29,13.990060806274414,14.302937914155171,13.945364807309906,14.302937914155171,53830
BBOX,2009-10-30,13.900668144226074,14.392331812193211,13.695062965612234,14.08839424099456,58410
BBOX,2009-11-03,13.216809272766113,14.21354511761809,13.216809272766113,13.873851070712675,83540
BBOX,2009-11-04,13.301732063293457,13.40900399293435,12.604464094366895,12.962037193169872,107250
BBOX,2009-11-05,13.484989166259766,13.587791331571612,12.988855716896804,13.0156743402559,55390
BBOX,2009-11-06,13.373246192932129,13.873849365430988,13.20339919035589,13.20339919035589,58580
BBOX,2009-11-09,13.82468318939209,13.918545807699632,12.524009876274802,12.524009876274802,49360
BBOX,2009-11-10,14.401269912719727,14.79459944371866,13.502865747843455,13.502865747843455,134790
BBOX,2009-11-11,14.526422500610352,14.883995636539812,14.034758799316142,14.034758799316142,107180
BBOX,2009-11-12,14.226954460144043,14.839299405065528,14.133091833105853,14.320817939703822,66910
BBOX,2009-11-13,14.142029762268066,14.365513169901995,13.596730554549039,14.2135443845092,37400
BBOX,2009-11-16,14.088393211364746,14.432557839041124,13.869379589894729,13.869379589894729,91120
BBOX,2009-11-17,14.074984550476074,15.187931789723788,12.96203731122836,12.96203731122836,48580
BBOX,2009-11-18,14.19119644165039,14.463846472863796,14.159908900859648,14.463846472863796,63490
BBOX,2009-11-19,14.16437816619873,14.39233133707251,13.945364535952514,13.945364535952514,41750
BBOX,2009-11-20,14.19566535949707,14.463845604129729,13.923015344659692,13.923015344659692,66700
BBOX,2009-11-23,14.785662651062012,14.839298189971514,14.12415113517984,14.12415113517984,119850
BBOX,2009-11-24,14.700737953186035,14.928691978708118,13.422413469770852,13.422413469770852,97310
BBOX,2009-11-25,15.755578994750977,16.171258236547843,14.571116345752516,14.571116345752516,1669970
BBOX,2009-11-26,15.241567611694336,16.38580326456854,15.04490282817163,15.791338291054977,404240
BBOX,2009-11-27,14.888466835021973,15.09854010140963,14.155440599264676,15.09854010140963,268620
BBOX,2009-11-30,15.178993225097656,15.572324515177321,14.316347101820988,14.316347101820988,162140
BBOX,2009-12-01,15.58126449584961,16.22042722086325,14.928693311094333,14.928693311094333,241110
BBOX,2009-12-02,15.335433006286621,15.746641683671,15.196872671058479,15.196872671058479,73790
BBOX,2009-12-03,15.496337890625,15.733231450279053,14.84823740498775,14.84823740498775,89330
BBOX,2009-12-04,15.505277633666992,15.64383795508466,15.1342960773545,15.205810696947452,101140
BBOX,2009-12-07,15.187932014465332,15.688534364756597,14.857177529556898,14.857177529556898,317100
BBOX,2009-12-08,15.590201377868652,16.063985061712405,14.852705527108556,14.852705527108556,675550
BBOX,2009-12-09,16.54671287536621,16.8059527599226,15.2058123347859,15.2058123347859,1547740
BBOX,2009-12-10,16.104215621948242,16.79701562766261,15.867323728794178,15.867323728794178,272170
BBOX,2009-12-11,16.184667587280273,16.515423772942547,15.912017563634963,16.090804967513442,349420
BBOX,2009-12-14,16.4036808013916,17.243978806474466,15.87178925381929,15.87178925381929,797360
BBOX,2009-12-15,15.836033821105957,16.61822571916493,15.697473499634306,16.135500757942168,172080
BBOX,2009-12-16,15.880728721618652,16.08186410822967,15.643836880189514,15.697472414938149,138810
BBOX,2009-12-17,15.95671558380127,16.251713612525126,15.64383847332613,15.64383847332613,101190
BBOX,2009-12-18,16.274063110351562,16.895346765536654,15.693006540288545,15.693006540288545,1063610
BBOX,2009-12-21,16.5779972076416,16.98473689131075,15.956713683634728,16.519891051390903,988590
BBOX,2009-12-22,16.761255264282227,17.016026207895873,16.671861561864112,16.671861561864112,278810
BBOX,2009-12-23,16.837238311767578,17.37806942834695,16.76125477520728,16.76125477520728,1490640
BBOX,2009-12-24,16.82383155822754,17.11882960396,16.636106304144693,16.80595247544541,205580
BBOX,2009-12-29,16.7746639251709,17.159055656674163,16.72102838509044,16.97579933177645,277110
BBOX,2009-12-30,16.89087677001953,16.975799853175523,16.627166274379928,16.627166274379928,245750
BBOX,2009-12-31,16.899816513061523,17.208223012985204,16.716560180345745,16.716560180345745,406090
BBOX,2010-01-04,17.305118560791016,17.36887398279903,16.81328804152068,16.81328804152068,663300
BBOX,2010-01-05,17.4007511138916,17.564694614851334,16.631129386836083,16.631129386836083,355060
BBOX,2010-01-06,17.39620018005371,17.57835829828155,16.667562495526962,16.667562495526962,266320
BBOX,2010-01-07,17.970001220703125,18.39807637051176,16.758642842241457,16.758642842241457,647060
BBOX,2010-01-08,17.578357696533203,18.215915431518376,17.40530775072143,17.760517545730416,207550
BBOX,2010-01-11,20.005626678466797,20.40182230152717,17.66943533961179,17.974552787038863,2871720
BBOX,2010-01-12,20.725156784057617,21.904637364431956,19.226899076991604,20.010182250411923,5564080
BBOX,2010-01-13,20.565767288208008,21.859097280102255,20.319852026877665,21.394591254435486,1163980
BBOX,2010-01-14,21.421916961669922,21.54942781376871,20.59309294861767,20.59309294861767,1761080
BBOX,2010-01-15,21.408252716064453,21.8408810321592,20.629522789416892,20.629522789416892,434880
BBOX,2010-01-18,21.098583221435547,21.754355499950925,20.602199495516114,20.602199495516114,383540
BBOX,2010-01-19,21.4765625,21.585858748184357,20.766141229813993,20.766141229813993,519540
BBOX,2010-01-20,21.053043365478516,22.337265222576516,20.78435855213078,21.176000999099177,985190
BBOX,2010-01-21,20.073938369750977,21.303511193846127,19.582107850348947,20.54755082073946,244510
BBOX,2010-01-22,19.846240997314453,20.388163864222424,19.21779141898401,19.57300121937704,257290
BBOX,2010-01-25,19.131263732910156,19.746051899044836,16.913476594910627,16.913476594910627,84280
BBOX,2010-01-27,18.475492477416992,19.30887145985814,18.31154895712004,18.31154895712004,149380
BBOX,2010-01-28,17.88347625732422,18.76239436865355,17.418970177460647,18.48915457844871,159790
BBOX,2010-01-29,18.256898880004883,18.489151006464475,17.47361406483047,17.983660879793028,349520
BBOX,2010-02-01,20.743371963500977,21.535764996170585,18.7532838220629,19.126709924468994,1127960
BBOX,2010-02-02,20.96651840209961,23.02491698790935,20.588537335233138,20.948302070326644,1893440
BBOX,2010-02-03,21.194215774536133,21.472008733368593,20.957408690567558,21.40369836286049,262190
BBOX,2010-02-04,20.12403106689453,21.85454434692093,19.946426177162504,20.073938760902287,594180
BBOX,2010-02-05,20.064830780029297,20.219666125336293,19.126710542321625,19.491028490924844,318370
BBOX,2010-02-08,20.064830780029297,20.902762930419208,19.955534526845828,20.17412529600776,273490
BBOX,2010-02-09,20.916423797607422,21.85454401230624,19.787037316034898,19.787037316034898,1684030
BBOX,2010-02-10,20.133136749267578,21.125904113358388,19.95553188144299,20.85266612242899,231570
BBOX,2010-02-11,20.429149627685547,21.03938286990317,20.310745203425586,20.310745203425586,223860
BBOX,2010-02-15,20.219667434692383,21.030275139977338,20.128587507342303,20.219667434692383,332360
BBOX,2010-02-16,20.260652542114258,20.579429669869224,19.909995964378737,20.35628568044075,104090
BBOX,2010-02-17,20.729711532592773,21.631399118982603,20.401824505831005,20.401824505831005,529900
BBOX,2010-02-18,20.278867721557617,20.766143330546303,20.092154653975083,20.583985214751575,89530
BBOX,2010-02-19,20.12403106689453,20.492903963633736,19.969195723014433,20.110369686824374,112080
BBOX,2010-02-22,20.04206085205078,20.76614358389094,20.037507637412535,20.76614358389094,105910
BBOX,2010-02-23,20.046613693237305,20.48379521509462,19.855345691671637,20.037505527714657,159690
BBOX,2010-02-24,19.59576988220215,20.219666217819128,19.513798126240868,19.72783568205144,150450
BBOX,2010-02-25,19.609432220458984,20.028397412319606,19.500135971118635,19.764267560321592,54050
BBOX,2010-02-26,20.055723190307617,20.40182481712194,19.582108974915332,19.582108974915332,136830
BBOX,2010-03-02,20.306190490722656,20.57942850973932,20.128585604641327,20.142246984430674,45800
BBOX,2010-03-03,20.32895851135254,20.82989715825061,20.22877043453196,20.22877043453196,74990
BBOX,2010-03-04,20.374502182006836,20.652293433187264,20.046615148213455,20.046615148213455,65900
BBOX,2010-03-05,21.90919303894043,22.17787786687766,20.401825378857982,20.401825378857982,1418210
BBOX,2010-03-08,22.205198287963867,23.197965734858393,21.954729819186973,22.587732549493914,2529340
BBOX,2010-03-09,21.895530700683594,22.587733943107356,21.676938191575527,22.587733943107356,228580
BBOX,2010-03-10,21.112245559692383,22.132335817036537,20.948302048317963,21.731586941682412,484740
BBOX,2010-03-11,21.52665901184082,22.068581889218663,21.367268703996658,21.403701369974225,714120
BBOX,2010-03-12,21.271635055541992,21.840882418860105,21.057599228233844,21.45834812122213,188300
BBOX,2010-03-15,20.542999267578125,21.380931461670865,20.497458435874385,21.312621082717804,224990
BBOX,2010-03-16,21.1350154876709,21.358161212674773,20.492904547988786,20.492904547988786,293030
BBOX,2010-03-17,20.934640884399414,21.44468601834122,20.834452795923244,20.88454684016133,172180
BBOX,2010-03-18,20.788911819458008,21.11224386470735,20.684168788885245,20.684168788885245,79020
BBOX,2010-03-19,20.743371963500977,21.021164933213914,20.62952249966485,20.76614150882721,141020
BBOX,2010-03-22,20.902761459350586,21.676936394196627,20.319851045403773,20.319851045403773,241530
BBOX,2010-03-23,20.747926712036133,21.308065860168778,20.629522297969434,20.788912588104616,155420
BBOX,2010-03-25,20.980180740356445,21.08492204702634,20.54755239562074,20.54755239562074,174620
BBOX,2010-03-26,20.884544372558594,21.39003623239127,20.506563346844132,20.506563346844132,192710
BBOX,2010-03-29,20.866331100463867,21.31262082248052,20.638632156340773,20.638632156340773,105350
BBOX,2010-03-30,20.816234588623047,21.21243195524583,20.593090622654,20.593090622654,84680
BBOX,2010-03-31,21.17144775390625,21.73158692589184,20.638631342326537,20.638631342326537,277700
BBOX,2010-04-01,21.262527465820312,21.485673202662085,20.766143682058743,20.952856752801804,325140
BBOX,2010-04-05,22.086795806884766,22.200645269806852,21.31261911157359,21.31261911157359,769010
BBOX,2010-04-06,22.155107498168945,22.678814016458045,21.86365139648909,22.095905287508423,425360
BBOX,2010-04-07,21.872758865356445,22.496655190204603,20.711494658889087,21.972946951403152,154570
BBOX,2010-04-08,21.72247886657715,22.451114767724864,21.58585985226258,21.69060115447725,170070
BBOX,2010-04-09,21.33994483947754,22.17332205281018,21.230648584395286,21.59496653932773,153400
BBOX,2010-04-12,21.40369987487793,21.576751551773068,21.048490092434495,21.503887962112746,194180
BBOX,2010-04-13,21.503887176513672,21.840880614929432,21.094028413894566,21.094028413894566,96650
BBOX,2010-04-15,21.317174911499023,21.950177672591003,21.139568283018424,21.676937908378164,73660
BBOX,2010-04-16,21.22609519958496,21.576751771268974,20.952855432675392,20.952855432675392,44450
BBOX,2010-04-19,21.87731170654297,22.319046410983187,20.638629079285437,20.638629079285437,597160
BBOX,2010-04-20,21.849990844726562,22.314496907177315,21.226096213535158,21.226096213535158,246950
BBOX,2010-04-21,21.57219696044922,22.223416063939432,21.244311670105326,21.244311670105326,147610
BBOX,2010-04-22,21.950178146362305,22.610505419289535,21.321728586033867,21.321728586033867,510760
BBOX,2010-04-23,22.03670310974121,22.12322981865229,21.594966610746877,21.594966610746877,99960
BBOX,2010-04-26,22.76078224182129,23.12510014088351,21.594963227617413,21.594963227617413,1075770
BBOX,2010-04-27,22.350929260253906,23.407452225377693,22.141444910716796,22.760786318659378,447690
BBOX,2010-04-28,21.631399154663086,22.40557589290256,21.40370021619295,21.868206259136635,264440
BBOX,2010-04-29,22.173322677612305,22.305388482873255,21.72247973855609,21.72247973855609,252470
BBOX,2010-04-30,22.21886444091797,22.63327646943816,22.105014963443136,22.268958488959722,188860
BBOX,2010-05-03,22.47388458251953,23.225291776038073,22.04125798822011,22.587734052009914,849860
BBOX,2010-05-04,22.29627799987793,22.942943840966848,22.205198083740843,22.769892174026868,361650
BBOX,2010-05-05,22.583179473876953,22.683367556884075,21.41280713716714,21.41280713716714,424980
BBOX,2010-05-06,22.710691452026367,22.769893661964883,22.132335944547858,22.496655632903312,206020
BBOX,2010-05-07,22.004825592041016,22.446562094947605,21.49478044893154,22.40557621594385,206520
BBOX,2010-05-10,23.339139938354492,24.131532965997582,22.132334934464918,22.132334934464918,818130
BBOX,2010-05-11,23.525854110717773,23.77176937970488,22.596842030458717,23.339141051791643,795190
BBOX,2010-05-12,27.22823715209961,28.23466595719296,22.24618369235798,22.24618369235798,22194890
BBOX,2010-05-13,25.6707763671875,27.63354172983579,25.292797054311038,27.323871052267037,4763760
BBOX,2010-05-14,24.928478240966797,26.43584396232219,24.700779323570043,26.103403751387514,1051740
BBOX,2010-05-17,24.008575439453125,25.22904182820015,23.79453789198329,24.59148413716933,1089720
BBOX,2010-05-18,26.472278594970703,27.1143895203743,23.953927199663045,23.953927199663045,6372560
BBOX,2010-05-19,24.6734561920166,26.476831300558786,24.22716649771303,25.693546425509062,2337990
BBOX,2010-05-20,25.456741333007812,26.103405467058877,24.523174320557633,24.523174320557633,1598430
BBOX,2010-05-21,24.955801010131836,25.406645631144265,24.413878211884867,24.413878211884867,583960
BBOX,2010-05-24,24.882938385009766,25.493171576905905,24.527728615931622,25.32011990652209,385080
BBOX,2010-05-25,23.6488094329834,24.996786591834336,23.270828400511054,24.532280597121204,592360
BBOX,2010-05-26,23.59416389465332,24.40932474870632,23.238952380406193,23.862848703166094,305630
BBOX,2010-05-27,25.707210540771484,26.230917057745717,23.680689637788923,23.680689637788923,4393710
BBOX,2010-05-28,25.406646728515625,26.212701139731752,25.183501015361124,26.04875763410068,927230
BBOX,2010-05-31,23.402896881103516,26.68631519382591,23.31637190890596,25.411201471499307,5455340
BBOX,2010-06-01,23.76266098022461,24.2180588499304,23.238952735180945,23.462098455706986,2410580
BBOX,2010-06-02,23.830970764160156,24.213503297503078,23.680688637028325,23.680688637028325,551210
BBOX,2010-06-03,23.840078353881836,24.495852413739293,23.780877880193078,24.495852413739293,652760
BBOX,2010-06-04,23.785430908203125,24.04045434472721,23.703459151363422,23.785430908203125,291600
BBOX,2010-06-07,23.767213821411133,23.862848692823707,23.498529013014814,23.68524206717463,855140
BBOX,2010-06-08,23.749000549316406,24.004022254733982,23.708014669916427,24.004022254733982,383020
BBOX,2010-06-09,23.758106231689453,23.862849271357153,23.68524264140216,23.771769349196777,206840
BBOX,2010-06-10,23.90383529663086,23.99946843374575,23.503084678981036,23.503084678981036,186620
BBOX,2010-06-11,23.908390045166016,24.136088997977122,23.498531235223968,23.498531235223968,118790
BBOX,2010-06-14,23.912940979003906,24.040453561715303,23.8810632676273,23.899279599043926,44000
BBOX,2010-06-15,23.835525512695312,23.908389105242133,23.320925413155535,23.320925413155535,89510
BBOX,2010-06-16,23.785430908203125,23.92204992386762,23.32092486517982,23.32092486517982,33000
BBOX,2010-06-17,23.77176856994629,23.862848489121017,23.320923925494107,23.320923925494107,87000
BBOX,2010-06-18,23.8719539642334,23.908386625330348,23.68524091912378,23.68524091912378,110340
BBOX,2010-06-21,23.862850189208984,23.88106478457764,20.492905100089935,20.492905100089935,65000
BBOX,2010-06-22,23.776321411132812,23.95392629527434,23.68524149338705,23.68524149338705,364000
BBOX,2010-06-23,23.78998374938965,24.304582053982532,23.503082625901794,23.503082625901794,82000
BBOX,2010-06-24,23.776321411132812,23.90383399085886,23.589608361496218,23.589608361496218,77000
BBOX,2010-06-25,23.530406951904297,23.862848923524638,23.498529240193577,23.589609161026342,108370
BBOX,2010-06-28,23.4985294342041,23.67158111149462,23.40745124982437,23.40745124982437,136670
BBOX,2010-06-29,23.571392059326172,23.689796473701918,23.425664885636746,23.425664885636746,108330
BBOX,2010-06-30,23.544069290161133,23.65336380178,20.310743499418187,20.310743499418187,26860
BBOX,2010-07-01,23.503084182739258,23.753552662030142,21.67693776409563,21.67693776409563,60990
BBOX,2010-07-02,23.534961700439453,23.648811166197305,23.407450854696254,23.407450854696254,55180
BBOX,2010-07-05,23.6624698638916,23.689794357969877,23.503081324780304,23.503081324780304,37280
BBOX,2010-07-06,23.689796447753906,23.79909095929879,23.5941633158509,23.5941633158509,44250
BBOX,2010-07-07,23.53951644897461,23.671582254790792,23.41200559492042,23.548624615293495,89160
BBOX,2010-07-08,23.480314254760742,23.671580521839793,23.225290828117043,23.225290828117043,95700
BBOX,2010-07-09,23.717121124267578,24.500404253634564,23.4985286251087,23.4985286251087,563260
BBOX,2010-07-12,23.867401123046875,24.3136908052269,23.780876157397305,23.780876157397305,100050
BBOX,2010-07-13,24.099653244018555,24.140639119761644,23.780876140688882,23.780876140688882,61210
BBOX,2010-07-14,24.28636932373047,24.86472309186119,23.917496422379486,23.917496422379486,632670
BBOX,2010-07-15,24.418434143066406,24.591485826037424,24.186181985746284,24.286370076498724,133650
BBOX,2010-07-16,24.28636932373047,24.454866049787334,24.054115436404103,24.054115436404103,87000
BBOX,2010-07-19,24.090547561645508,24.40932467484437,23.963034979160987,23.963034979160987,55800
BBOX,2010-07-20,24.1679630279541,24.313690196560486,23.976696770610054,23.976696770610054,117460
BBOX,2010-07-21,24.13608741760254,24.477635824455408,24.09965475367982,24.477635824455408,71000
BBOX,2010-07-22,24.158855438232422,24.218057644765494,23.963034225027197,23.963034225027197,86170
BBOX,2010-07-23,24.158855438232422,24.309137561615238,24.06777552138268,24.06777552138268,57000
BBOX,2010-07-26,24.13608741760254,24.19984284226227,24.09054832490417,24.140640631990365,134000
BBOX,2010-07-27,24.158855438232422,24.181624983143628,24.06777552138268,24.06777552138268,26790
BBOX,2010-07-28,24.245384216308594,24.341017355444496,24.149749339967617,24.149749339967617,56000
BBOX,2010-07-29,24.409324645996094,24.6734562391401,24.23627470966551,24.31824646359262,417460
BBOX,2010-07-30,24.372894287109375,24.58693184258454,24.149748565741113,24.58693184258454,65000
BBOX,2010-08-02,24.35012435913086,24.591484671295383,24.181625898558465,24.181625898558465,54320
BBOX,2010-08-03,24.427541732788086,24.48218899136115,24.33646181036296,24.33646181036296,122630
BBOX,2010-08-04,24.50951385498047,24.59148561266576,24.34557033960989,24.34557033960989,218260
BBOX,2010-08-05,24.3319091796875,24.637024929345376,24.2727069681102,24.637024929345376,149010
BBOX,2010-08-06,24.53683853149414,24.864723827411755,24.14519607242095,24.864723827411755,73390
BBOX,2010-08-09,23.912940979003906,24.53683730098598,23.68524204791103,24.53683730098598,40430
BBOX,2010-08-10,23.34369468688965,24.113318219938286,23.0522403201135,24.0541160088103,25300
BBOX,2010-08-11,22.610504150390625,23.04313072201102,21.47656272933935,21.941068748974512,56590
BBOX,2010-08-12,21.745248794555664,24.136087667255502,21.676938417596507,24.136087667255502,58930
BBOX,2010-08-13,21.622289657592773,22.027593465166333,21.549426071256008,21.7680168302663,60350
BBOX,2010-08-16,21.28985023498535,22.760785133665195,21.221539860205006,21.622290468692714,32440
BBOX,2010-08-17,21.098583221435547,21.94562176306606,20.675063082017825,20.67961629614702,39820
BBOX,2010-08-18,21.166893005371094,21.754356680601678,20.961963614336586,21.754356680601678,22060
BBOX,2010-08-19,21.276187896728516,21.3581596478913,20.829898216622762,20.829898216622762,47330
BBOX,2010-08-20,20.588537216186523,21.403699817660673,20.338068735974048,21.403699817660673,113590
BBOX,2010-08-23,19.873563766479492,21.308067823872115,19.764269245027826,21.308067823872115,176330
BBOX,2010-08-24,19.841684341430664,20.037505557445733,19.764267540180725,20.037505557445733,47910
BBOX,2010-08-25,19.226898193359375,20.215110715097264,19.03563018892964,20.215110715097264,57270
BBOX,2010-08-26,23.075010299682617,23.075010299682617,19.31797769949091,19.322532651235086,859000
BBOX,2010-08-27,22.446561813354492,25.22904312462356,22.050364408886807,24.500405477831464,1674240
BBOX,2010-08-30,21.66327667236328,23.03402524246806,21.585859867837673,22.95205348637917,101040
BBOX,2010-08-31,21.376375198364258,21.859097561576196,20.957409995625778,21.67693772034773,38690
BBOX,2010-09-01,21.613182067871094,22.58773321253677,21.40369946872342,21.40369946872342,68170
BBOX,2010-09-02,23.96303367614746,25.93490714253917,21.859096157413752,21.859096157413752,2270280
BBOX,2010-09-03,22.665149688720703,24.30913609533983,22.22341324782725,23.963032779628005,357870
BBOX,2010-09-06,23.289047241210938,23.771769618077446,22.132336212262253,22.860973860581797,327860
BBOX,2010-09-07,22.57862663269043,23.95392663506085,22.041257021293262,23.27082984808529,187100
BBOX,2010-09-08,22.47388458251953,23.13421185300476,22.323604186138848,23.13421185300476,51850
BBOX,2010-09-09,22.209754943847656,23.097781162397894,22.086797307075617,22.769894131005792,43460
BBOX,2010-09-13,22.974821090698242,23.17975046359939,22.054917256834656,22.756230338671976,89390
BBOX,2010-09-14,23.22984504699707,23.553178861412697,22.678814030251424,23.553178861412697,97400
BBOX,2010-09-15,22.432897567749023,23.225290599636203,22.314494889846546,22.819986786732596,35210
BBOX,2010-09-16,22.091350555419922,22.8108800449219,21.740695714004975,22.76534095147205,64040
BBOX,2010-09-17,22.19609260559082,24.08143948033916,22.045810476951903,24.08143948033916,40030
BBOX,2010-09-20,22.546749114990234,23.380128100317677,21.67693920125124,22.050365337796457,118850
BBOX,2010-09-21,21.5949649810791,23.09322430840778,21.421915050726273,22.551301498125135,60010
BBOX,2010-09-22,21.203325271606445,22.041257414742223,21.043934976143962,22.036702463246296,39930
BBOX,2010-09-23,21.18966293334961,22.296279927664294,21.09402979487922,22.259849000382502,30060
BBOX,2010-09-24,21.453792572021484,22.027593087433257,20.94830069045129,20.94830069045129,81780
BBOX,2010-09-27,21.353605270385742,22.03670205696087,21.276188468432277,21.54031832256141,22330
BBOX,2010-09-28,21.257972717285156,21.950177688368207,20.820791178876387,20.820791178876387,85040
BBOX,2010-09-29,20.99384117126465,21.58585979369657,20.957410244908615,21.28985048248061,11860
BBOX,2010-09-30,21.139568328857422,21.26252596243907,20.770697165317493,20.89365479889914,22920
BBOX,2010-10-01,20.961963653564453,21.49478007125128,20.861777302252893,21.312620226167486,30800
BBOX,2010-10-04,21.098583221435547,21.308065815477345,20.98017880761719,20.98017880761719,19250
BBOX,2010-10-05,21.08492088317871,21.267080724761527,20.85722194980269,20.87543828140197,16240
BBOX,2010-10-06,21.24431037902832,21.658722352682098,20.85722116453978,20.85722116453978,31030
BBOX,2010-10-07,21.33538818359375,21.8454350169617,21.221538723196332,21.358159465437154,29690
BBOX,2010-10-08,21.41280746459961,21.58585913683859,20.734263892665812,21.130461279413346,58040
BBOX,2010-10-11,21.5813045501709,21.768017605382653,21.221539819795453,21.221539819795453,26230
BBOX,2010-10-12,21.558536529541016,21.676939218479042,21.207879940124972,21.403701174957376,24570
BBOX,2010-10-13,21.585859298706055,21.950177239937197,21.403699459487996,21.403699459487996,57000
BBOX,2010-10-14,21.408252716064453,22.15965988281875,21.408252716064453,21.676937523979717,29050
BBOX,2010-10-15,21.49477767944336,21.667829339296325,21.053041233452166,21.053041233452166,31000
BBOX,2010-10-18,21.212432861328125,21.321727373392296,20.629522427234402,21.321727373392296,6440
BBOX,2010-10-19,21.421916961669922,21.70426316440512,21.13046259275551,21.212434351163324,30310
BBOX,2010-10-20,21.221538543701172,21.485670123447463,21.221538543701172,21.235201660132628,10000
BBOX,2010-10-21,21.203325271606445,21.494779627965848,21.130461682516593,21.312619786638724,15450
BBOX,2010-10-22,21.22609519958496,21.585859937219798,21.212433819261243,21.23064841395786,44560
BBOX,2010-10-25,21.071258544921875,21.30351068203417,20.9483009180254,21.24886342692626,29400
BBOX,2010-10-26,21.07581329345703,21.403700322386438,21.039382366467677,21.039382366467677,28530
BBOX,2010-10-27,21.321727752685547,21.622290272016162,20.861776676590583,21.13046148456833,31280
BBOX,2010-10-28,21.344497680664062,21.849989594321162,21.14412324325616,21.512996143353103,73100
BBOX,2010-10-29,21.043933868408203,21.399145366577546,20.857220822618572,21.399145366577546,27490
BBOX,2010-11-01,21.34905242919922,21.66783128261179,20.95740998676706,21.221539845511195,19480
BBOX,2010-11-02,21.221538543701172,21.485670123447463,21.198768999255257,21.485670123447463,17000
BBOX,2010-11-03,22.168766021728516,23.043129002473407,20.857219813406356,20.866327978273052,105160
BBOX,2010-11-04,21.435577392578125,22.268956320397532,21.139568085087024,22.22341549151929,23580
BBOX,2010-11-08,21.271635055541992,21.76801882584359,21.057599228233844,21.06215244277015,7120
BBOX,2010-11-09,21.462902069091797,21.768017807700865,21.080367789345875,21.080367789345875,11780
BBOX,2010-11-10,22.07313346862793,22.405573677458317,21.31261818599016,21.42646764396789,130510
BBOX,2010-11-11,22.205198287963867,22.856417349106742,21.859096688105694,22.04125652205521,83580
BBOX,2010-11-12,21.431026458740234,22.49665764701362,21.24431338348403,22.205201522794386,62590
BBOX,2010-11-15,22.19609260559082,22.264401242713525,21.640506656860254,21.859097422621872,69820
BBOX,2010-11-16,22.095903396606445,22.76078382581674,21.954729440868,22.76078382581674,43390
BBOX,2010-11-18,21.699708938598633,22.3144953607999,21.130461607965984,22.3144953607999,77070
BBOX,2010-11-19,20.902761459350586,22.077686978059145,20.51111904071277,21.859096224280922,26840
BBOX,2010-11-22,21.28985023498535,21.390038321408525,20.861776866349498,21.1760007684881,16850
BBOX,2010-11-23,21.0302734375,21.49477946589734,20.95285489749795,21.04393481747478,32080
BBOX,2010-11-24,21.85454559326172,22.041258659423555,20.866331264645336,20.866331264645336,98580
BBOX,2010-11-25,21.972944259643555,22.360031701978166,21.49477690816999,21.49477690816999,95600
BBOX,2010-11-26,21.130462646484375,22.54219540095509,21.039382721665763,22.54219540095509,53570
BBOX,2010-11-29,21.274425506591797,21.5484249372582,21.176898964338434,21.5484249372582,49100
BBOX,2010-11-30,21.385883331298828,21.529849744145338,20.898257673236753,20.90754600034626,46520
BBOX,2010-12-01,21.334796905517578,21.729542807634814,21.26978039192741,21.455543377814006,27880
BBOX,2010-12-02,21.325511932373047,21.385885178014583,20.912191083928676,21.362665244019347,161110
BBOX,2010-12-03,21.176898956298828,21.632018095796045,21.02364599835967,21.325508636783464,65450
BBOX,2010-12-06,21.45554542541504,21.91995116288477,21.204765902005235,21.32551061425775,56460
BBOX,2010-12-07,21.176898956298828,21.362661942688188,20.91218785221263,21.362661942688188,24620
BBOX,2010-12-08,21.57164764404297,21.687749082631395,21.29300312849033,21.35802142221643,65250
BBOX,2010-12-09,20.912189483642578,21.45554510970181,20.89825787862502,21.269782108820454,61470
BBOX,2010-12-10,20.9446964263916,21.827067967757603,20.8982565648743,20.8982565648743,7810
BBOX,2010-12-13,20.898256301879883,21.339442067010776,20.898256301879883,20.898256301879883,9470
BBOX,2010-12-14,21.594865798950195,21.81778033009323,20.991138722325246,20.991138722325246,10800
BBOX,2010-12-15,20.935413360595703,21.655241963488894,20.898260047935885,21.26978431669681,14800
BBOX,2010-12-16,21.00042724609375,21.176900144340067,20.89825742069108,20.916834074685607,1980
BBOX,2010-12-20,20.912189483642578,21.362663609261134,20.89825787862502,20.89825787862502,6490
BBOX,2010-12-21,20.842529296875,21.344086555359304,20.443140092552603,20.898257487469426,37300
BBOX,2010-12-22,20.647478103637695,20.99113911954929,20.61961489394706,20.712494621672178,17890
BBOX,2010-12-23,20.559242248535156,20.87039324286513,20.210937944786334,20.308462724659854,9160
BBOX,2010-12-24,21.385883331298828,21.59022298457352,20.066970998391863,20.066970998391863,39390
BBOX,2010-12-27,21.446256637573242,21.81778086525802,21.186188792410267,21.362663464898258,29180
BBOX,2010-12-28,22.235746383666992,22.75588029435631,21.36266313347735,21.36266313347735,67760
BBOX,2010-12-29,22.48652458190918,22.86733891010824,22.012832296590428,22.012832296590428,60950
BBOX,2010-12-30,22.565475463867188,23.30388067724639,22.47259395955164,22.9091364983645,112290
BBOX,2010-12-31,22.472593307495117,23.048457200288567,21.82706961716174,21.82706961716174,39820
BBOX,2011-01-03,23.085609436035156,23.303880705708167,22.746593450701607,23.039169569604336,63840
BBOX,2011-01-04,22.867338180541992,23.029879472125675,22.52367717203579,22.94628630172058,7760
BBOX,2011-01-05,22.505102157592773,22.72801670438829,22.384357442416288,22.505102157592773,13630
BBOX,2011-01-06,22.12428855895996,22.755880631362835,21.385883381895905,21.385883381895905,4580
BBOX,2011-01-07,22.119646072387695,23.127405686042877,22.012832963905854,23.127405686042877,45350
BBOX,2011-01-10,21.121171951293945,22.1289332857812,20.91218902279961,21.385883070197696,22290
BBOX,2011-01-11,21.45090103149414,21.8688669166167,21.093308390126474,21.35802129841566,17010
BBOX,2011-01-12,21.43232536315918,21.548426796824035,21.107240994584128,21.36266379433335,4590
BBOX,2011-01-13,21.45554542541504,21.79456140117987,21.130461054872768,21.79456140117987,17660
BBOX,2011-01-14,21.77134132385254,22.105712247941604,21.36266378155781,21.36266378155781,18730
BBOX,2011-01-17,21.7945613861084,22.012832649469768,21.065444520510507,21.065444520510507,12530
BBOX,2011-01-18,21.54842758178711,21.72954554145126,21.176901563271848,21.181546612865333,11760
BBOX,2011-01-19,21.715612411499023,21.734189066949778,21.176901804398785,21.715612411499023,15510
BBOX,2011-01-20,21.36266326904297,21.492696304648668,20.907545872855774,21.028290581408605,6780
BBOX,2011-01-21,22.286832809448242,22.29147608747683,21.19083495169652,21.19547822972511,113240
BBOX,2011-01-24,21.757408142089844,22.291475450040657,21.641306707454216,22.263610467963876,32860
BBOX,2011-01-25,21.645952224731445,22.012833191285246,21.390529417326306,22.012833191285246,6790
BBOX,2011-01-27,21.028289794921875,21.90137301799752,20.991138259667153,21.89672974042837,18550
BBOX,2011-01-28,20.12270164489746,20.898258383441767,20.015886765291743,20.898258383441767,7840
BBOX,2011-01-31,20.721784591674805,20.786801114864094,18.68768863089257,20.155210767048594,36230
BBOX,2011-02-01,20.26202392578125,20.89825932474002,19.5979235432919,19.5979235432919,18820
BBOX,2011-02-02,19.802261352539062,20.43385347053361,19.737244829492692,20.43385347053361,41680
BBOX,2011-02-03,19.955514907836914,20.104124600626292,19.737243646491827,20.104124600626292,5500
BBOX,2011-02-04,19.653650283813477,20.206292462835442,19.532905573921216,19.700090148025748,5000
BBOX,2011-02-07,19.179956436157227,19.969446537293933,18.947753569444508,19.969446537293933,9490
BBOX,2011-02-08,18.302230834960938,19.597923323756696,18.297587556874884,19.597923323756696,9660
BBOX,2011-02-09,17.015825271606445,18.014298276722773,17.001893666929035,17.76816204082943,10400
BBOX,2011-02-10,16.249557495117188,16.713963231488368,15.882676538207805,16.26813237818089,22940
BBOX,2011-02-11,16.32850456237793,16.4167410088093,15.961623629230814,16.254199720233835,15110
BBOX,2011-02-14,16.83006477355957,16.9926060737054,16.532843612258574,16.532843612258574,5910
BBOX,2011-02-15,17.00189208984375,17.74029718589531,16.839349040226715,17.74029718589531,5370
BBOX,2011-02-16,17.043689727783203,18.548363219902917,16.291352981723346,18.464770051277693,20280
BBOX,2011-02-17,16.96938705444336,17.066911839780214,16.351726537508487,16.351726537508487,3800
BBOX,2011-02-18,16.96938705444336,17.17372495299211,16.96938705444336,17.09013177368412,3340
BBOX,2011-02-21,17.215518951416016,18.111822083423633,16.472470548928055,18.111822083423633,4990
BBOX,2011-02-22,16.997249603271484,17.64741835661584,16.48640399104901,16.48640399104901,4630
BBOX,2011-02-23,16.820775985717773,17.443079730274935,16.802199331476125,16.802199331476125,8850
BBOX,2011-02-24,16.82541847229004,17.127282889036444,16.72789369945831,16.72789369945831,6580
BBOX,2011-02-25,16.792911529541016,17.080842593022364,16.542132004137592,16.718606681817853,14030
BBOX,2011-02-28,15.343966484069824,16.83470852405857,14.860984076410324,16.532844076379543,33250
BBOX,2011-03-01,16.13345718383789,16.142743740232397,15.046747614236713,15.148915678683036,14910
BBOX,2011-03-03,15.94769287109375,16.802199486872723,15.882676352213926,16.607148158665982,14490
BBOX,2011-03-04,16.059152603149414,16.347083688566116,15.840881321273436,16.27742211345795,27420
BBOX,2011-03-07,15.785151481628418,16.25420048763927,15.6969132594639,16.244912160486834,910
BBOX,2011-03-08,15.478643417358398,15.789794397786034,15.046745958281814,15.046745958281814,15400
BBOX,2011-03-09,15.692269325256348,15.975557091070192,15.334676716898478,15.362541697190183,8950
BBOX,2011-03-10,15.590100288391113,16.021997761067,15.54366042379754,15.789794894964576,1810
BBOX,2011-03-11,15.69691276550293,16.249556698494743,15.427558372827537,15.432201650474006,7410
BBOX,2011-03-14,15.836235046386719,15.873388355988325,15.515795723125747,15.873388355988325,19710
BBOX,2011-03-15,15.357897758483887,15.836235106224485,15.330032776177392,15.836235106224485,10500
BBOX,2011-03-16,15.68762493133545,15.8780312090304,15.455422067240763,15.68298165354315,14700
BBOX,2011-03-17,15.836235046386719,15.905896616106078,15.5111524452092,15.905896616106078,2760
BBOX,2011-03-18,15.785151481628418,16.138099055584703,15.427558858312283,15.511152031116952,131570
BBOX,2011-03-21,15.952335357666016,16.347081272319542,15.701557621792208,15.789794068528623,13180
BBOX,2011-03-22,15.645828247070312,16.147387280729845,15.153559312071792,15.706201487396127,6560
BBOX,2011-03-23,15.789795875549316,16.152031802263295,15.613321190313131,16.152031802263295,1420
BBOX,2011-03-24,15.90589714050293,16.8950818966665,15.613321018229998,15.97555871251894,139570
BBOX,2011-03-25,16.091659545898438,16.179895998439594,15.882676609282749,15.915184869248822,48670
BBOX,2011-03-28,15.76657485961914,15.8594563597665,15.585456908693786,15.604031791469446,17260
BBOX,2011-03-29,15.376474380493164,15.687625376864455,15.046746729290579,15.511152470669085,28250
BBOX,2011-03-30,15.422914505004883,15.76657553888578,15.241796546276477,15.25572815185025,11930
BBOX,2011-03-31,15.548303604125977,15.687624968600284,15.325389066653633,15.325389066653633,868590
BBOX,2011-04-01,16.198471069335938,16.53284196366037,15.566879043348383,16.017353132500386,21590
BBOX,2011-04-04,18.344026565551758,19.022058514697267,16.25420075428637,16.25420075428637,35840
BBOX,2011-04-05,17.656705856323242,18.344026115926862,17.46165453083766,17.46165453083766,9890
BBOX,2011-04-06,17.46630096435547,17.916775119677066,17.308402934665132,17.749588762173488,32430
BBOX,2011-04-07,17.461652755737305,18.074668107973658,17.35948471140929,18.074668107973658,3250
BBOX,2011-04-08,17.647417068481445,18.464770342689963,17.01118173863027,17.01118173863027,16780
BBOX,2011-04-11,17.280536651611328,17.749587427283597,17.187655152031617,17.749587427283597,2070
BBOX,2011-04-13,17.3734188079834,17.921417727496497,17.210877506249563,17.21552078419882,1610
BBOX,2011-04-15,17.693859100341797,18.144333263429715,17.37341975731372,17.37341975731372,6340
BBOX,2011-04-18,17.261960983276367,18.543721853234505,16.83470854100189,18.543721853234505,4120
BBOX,2011-04-19,17.299114227294922,17.731011717513848,16.932233258774787,16.932233258774787,6480
BBOX,2011-04-20,17.206233978271484,17.638131500005088,17.020472727229947,17.340912081084646,4710
BBOX,2011-04-21,17.378061294555664,17.46165446637413,17.19694334613806,17.38734962159852,7400
BBOX,2011-04-25,16.39816665649414,17.461654411855847,16.25420024513021,17.461654411855847,46080
BBOX,2011-04-26,16.277420043945312,16.99260527406634,15.92447247813741,16.99260527406634,8530
BBOX,2011-04-27,16.583927154541016,16.686096975644066,16.305284442618163,16.686096975644066,14320
BBOX,2011-04-28,16.361013412475586,16.523556478503423,15.980200861253131,16.27277696284944,13550
BBOX,2011-04-29,16.542129516601562,16.97867198145113,16.096300497304473,16.97867198145113,10010
BBOX,2011-05-02,16.62572479248047,16.811487793250325,16.300640426916853,16.811487793250325,5580
BBOX,2011-05-03,17.01118278503418,17.090130910634073,16.258844209255308,16.718606672231285,23320
BBOX,2011-05-04,16.653589248657227,16.806842213625156,16.35636987405633,16.35636987405633,3840
BBOX,2011-05-05,16.152029037475586,17.173721891203307,15.929114522918697,15.929114522918697,17140
BBOX,2011-05-06,16.17525291442871,16.983317916938805,16.068438034325794,16.068438034325794,3660
BBOX,2011-05-09,16.179895401000977,16.532842969700404,15.148914132810512,15.446133510992604,5450
BBOX,2011-05-10,16.361013412475586,17.23409666795579,16.34708180768389,16.71396275411465,10140
BBOX,2011-05-11,15.970911979675293,16.337792913367544,15.604031045983044,16.258843021965596,12550
BBOX,2011-05-12,15.692269325256348,16.25419980771849,15.65511601820074,15.961623715140744,28050
BBOX,2011-05-13,15.492575645446777,16.03128622865829,15.3253892969385,15.54366055988734,9670
BBOX,2011-05-16,15.44149112701416,15.970913396489586,15.418271193918583,15.970913396489586,8690
BBOX,2011-05-17,15.75728702545166,15.789795285785244,15.320746264138304,15.320746264138304,3710
BBOX,2011-05-18,15.617964744567871,15.789794363663031,15.381116837035284,15.789794363663031,190
BBOX,2011-05-19,15.38111686706543,15.38111686706543,15.371828540127662,15.371828540127662,260
BBOX,2011-05-20,15.617964744567871,16.79755391828573,14.689152425627613,14.689152425627613,17540
BBOX,2011-05-23,15.334676742553711,16.523555996814327,15.325388415774269,15.45077816994594,6180
BBOX,2011-05-24,15.297525405883789,15.641186454720739,14.693798259992583,15.255728815776152,5070
BBOX,2011-05-25,15.418270111083984,15.650472968866673,14.879559551890834,14.953864395518606,9380
BBOX,2011-05-26,15.557592391967773,15.65047389489,14.768102274479826,14.949220230816143,2600
BBOX,2011-05-27,15.330033302307129,15.330033302307129,14.95386577187955,14.963154099633826,3950
BBOX,2011-05-30,16.254199981689453,16.254199981689453,15.153558936111013,15.511151548296246,9100
BBOX,2011-05-31,15.390405654907227,15.87803131855623,15.288235827099278,15.87803131855623,4510
BBOX,2011-06-01,15.153560638427734,15.664406272326906,15.139627260783913,15.664406272326906,1500
BBOX,2011-06-02,15.455422401428223,15.882676601815795,15.246441236478084,15.511152365544406,3430
BBOX,2011-06-03,15.218575477600098,15.418270076571588,15.102474048968634,15.116405653502904,4600
BBOX,2011-06-06,15.130339622497559,15.520438737281061,14.977084880346371,14.981728158184008,4820
BBOX,2011-06-07,15.088542938232422,15.316100753719665,15.018881370146868,15.018881370146868,690
BBOX,2011-06-08,15.237152099609375,15.539014750481893,15.046745827913194,15.539014750481893,13010
BBOX,2011-06-09,15.297525405883789,15.413626848230845,15.139627373429096,15.139627373429096,1460
BBOX,2011-06-10,15.497218132019043,15.501863181222255,15.325388514411427,15.408981684397231,10010
BBOX,2011-06-13,15.37182903289795,15.68762507263653,15.004949850714922,15.004949850714922,2170
BBOX,2011-06-14,15.385762214660645,15.68298159616364,15.32538897417808,15.32538897417808,4710
BBOX,2011-06-15,15.4739990234375,15.61796543974916,15.046746595519998,15.320746051360064,5110
BBOX,2011-06-16,15.710845947265625,15.789794067249625,15.334676686134609,15.334676686134609,4130
BBOX,2011-06-17,15.343966484069824,15.604032571603899,15.325389828798146,15.464711200201021,13580
BBOX,2011-06-20,15.325387954711914,15.3904044686448,15.325387954711914,15.325387954711914,15760
BBOX,2011-06-21,15.325387954711914,15.381116142144796,15.325387954711914,15.381116142144796,4140
BBOX,2011-06-22,15.37182903289795,15.696913399872052,15.325389168287625,15.325389168287625,3680
BBOX,2011-06-23,15.483288764953613,15.599390209870311,15.325390729004205,15.325390729004205,3570
BBOX,2011-06-24,15.37182903289795,15.52972705276724,15.37182903289795,15.37182903289795,3400
BBOX,2011-06-27,15.00030517578125,15.497219180099249,14.884203739789804,14.884203739789804,5540
BBOX,2011-06-28,15.422914505004883,15.455422765721913,14.58234034701324,15.046746981974298,13990
BBOX,2011-06-29,15.330033302307129,15.330033302307129,15.330033302307129,15.330033302307129,510
BBOX,2011-06-30,15.38111686706543,16.207760248854495,15.325388677006048,15.325388677006048,11310
BBOX,2011-07-01,15.436846733093262,16.14738690954355,15.343965235858017,16.14738690954355,5570
BBOX,2011-07-04,15.492575645446777,15.975558036344626,15.343965951565485,15.343965951565485,2680
BBOX,2011-07-05,15.422914505004883,16.639658843378125,15.251084873848106,16.309929415071,14190
BBOX,2011-07-06,15.69691276550293,15.69691276550293,15.418270045967391,15.418270045967391,500
BBOX,2011-07-07,15.385762214660645,15.77586309577514,15.339320579071266,15.41827047378958,13030
BBOX,2011-07-08,15.672950744628906,15.818897765751663,15.536418154062428,15.597622728447671,8340
BBOX,2011-07-11,15.658824920654297,15.724738503811654,14.971456574238246,14.971456574238246,5010
BBOX,2011-07-12,15.748278617858887,16.66634004145777,15.536418013034291,15.536418013034291,77950
BBOX,2011-07-13,15.61174488067627,16.063712940430033,15.559956537086718,15.559956537086718,8840
BBOX,2011-07-14,15.60232925415039,15.67295005193226,15.559957134673567,15.559957134673567,2690
BBOX,2011-07-15,15.639994621276855,15.875394892898909,15.569373821405623,15.630578394896588,4180
BBOX,2011-07-18,15.536417961120605,15.771818233258795,15.536417961120605,15.550541402741201,12790
BBOX,2011-07-19,15.621161460876465,15.81889681802002,14.877296672167144,14.877296672167144,6560
BBOX,2011-07-20,15.682366371154785,15.724738490883212,15.536417559654316,15.536417559654316,9730
BBOX,2011-07-21,15.517585754394531,17.41020418791386,15.220982699889236,15.903642063146268,4260
BBOX,2011-07-22,15.597622871398926,16.79816392602341,15.310434245837914,15.310434245837914,81960
BBOX,2011-07-25,15.635285377502441,16.13904180760241,15.555250148403156,15.555250148403156,10880
BBOX,2011-07-26,15.34809684753418,15.908350638159476,15.34809684753418,15.597622354368907,730
BBOX,2011-07-27,15.371638298034668,15.691782807842127,15.319849951453826,15.357513060628012,3100
BBOX,2011-07-28,14.980873107910156,15.319850072974313,14.688977274639099,15.319850072974313,17060
BBOX,2011-07-29,14.736056327819824,15.060908947115086,14.627772420714988,14.886713252725698,12290
BBOX,2011-08-01,14.63248062133789,14.78313664916426,13.785040015824183,14.594816614381298,10900
BBOX,2011-08-02,14.246424674987793,14.599525085609821,14.17109665922689,14.599525085609821,1760
BBOX,2011-08-03,14.133432388305664,14.378248883962652,13.935696126118215,14.222883844118947,7540
BBOX,2011-08-04,13.907447814941406,14.208759860888277,13.747375566036949,14.034563273087286,3870
BBOX,2011-08-05,13.102378845214844,14.095768260818522,12.909350697819924,13.841535541041354,21530
BBOX,2011-08-08,12.711613655090332,13.370734183535912,12.104280571649724,12.994094138132924,17220
BBOX,2011-08-09,12.297309875488281,12.899933961381013,11.308628612094617,12.711613934539534,12860
BBOX,2011-08-10,12.358514785766602,12.994095725773619,12.259647098511259,12.876395584956793,8450
BBOX,2011-08-11,11.944210052490234,13.187123186322033,11.87829736649741,12.382053798831336,60070
BBOX,2011-08-12,11.930086135864258,12.292602778739548,11.807677883803219,12.240814430334279,3200
BBOX,2011-08-16,11.666437149047852,12.297309914451208,11.600524465958955,11.737057047089568,5620
BBOX,2011-08-17,11.341584205627441,12.146652635899288,11.0167316066497,11.0167316066497,4740
BBOX,2011-08-18,11.802969932556152,12.024246771158147,11.040273525832362,11.040273525832362,2120
BBOX,2011-08-19,11.41220474243164,12.137237989852315,11.026148451407435,11.026148451407435,51060
BBOX,2011-08-22,11.576985359191895,11.95833354544562,11.463993337264153,11.95833354544562,4870
BBOX,2011-08-23,12.198441505432129,12.80577461244432,11.628773302402774,11.628773302402774,6111490
BBOX,2011-08-24,11.840632438659668,12.523293525345819,11.628772751674123,12.151360697956354,97930
BBOX,2011-08-25,11.609940528869629,11.864173235828284,11.58169274964557,11.7794290001754,2260
BBOX,2011-08-26,10.757792472839355,11.327460692785582,10.640092338339977,11.087352310649159,22400
BBOX,2011-08-29,10.828412055969238,11.176804336099256,10.470603549840392,10.470603549840392,8750
BBOX,2011-08-30,10.795455932617188,11.176804097625745,10.57417911626967,11.176804097625745,12420
BBOX,2011-09-02,10.67304801940918,11.252132454078744,10.602428119714482,10.997900635581683,10380
BBOX,2011-09-05,10.550640106201172,11.101476777921668,10.263451487361195,11.016732536429165,18990
BBOX,2011-09-06,10.258743286132812,11.016731477558004,9.736154445811424,10.92257191671262,57060
BBOX,2011-09-07,9.919767379760742,10.451772500640637,9.754987008745356,10.357612032065909,55370
BBOX,2011-09-08,9.858563423156738,10.150459251064389,9.613746930215592,10.150459251064389,125610
BBOX,2011-09-09,10.056299209594727,10.263450788038595,9.86797828667381,10.004510865993403,15780
BBOX,2011-09-12,10.451772689819336,10.640092732396637,9.7502790720001,10.122211941823464,90740
BBOX,2011-09-13,10.489436149597168,10.804872541155408,9.980971612247545,9.980971612247545,20400
BBOX,2011-09-14,11.313336372375488,11.48753205503139,10.268158684517308,10.82370341986883,21010
BBOX,2011-09-15,11.628772735595703,11.680560180086418,10.837827750122932,11.31333636396027,47560
BBOX,2011-09-16,11.37924861907959,11.581692986619103,11.10618435304462,11.110892466008414,2270
BBOX,2011-09-19,11.41220474243164,11.675852787866091,10.936696099249394,11.393373188176696,17730
BBOX,2011-09-20,11.807677268981934,11.817093495107283,11.054396240588261,11.576985116795383,51190
BBOX,2011-09-21,11.7747220993042,11.7747220993042,11.53461370623308,11.53461370623308,16970
BBOX,2011-09-22,11.52519702911377,11.9206695554248,11.440452788049868,11.59110971548612,12690
BBOX,2011-09-23,12.480921745300293,12.52329386343746,10.847244283500817,11.506364824106848,42960
BBOX,2011-09-26,12.866978645324707,13.130626694713241,11.958333464882298,12.080741712307878,21840
BBOX,2011-09-27,13.30482292175293,13.74737566593897,12.358513760345899,12.96113875459964,198770
BBOX,2011-09-28,14.01102352142334,14.119307425032398,13.276574964883533,13.276574964883533,36440
BBOX,2011-09-29,14.933792114257812,15.103281486146944,13.747375490841138,13.935695518527854,83060
BBOX,2011-09-30,15.64470100402832,15.884810274045014,14.688976526804787,14.783136091654894,236010
BBOX,2011-10-03,14.797261238098145,15.800066899450266,14.317044467816304,15.541125163542254,24060
BBOX,2011-10-04,14.321751594543457,15.056200140987023,13.935695318822875,14.2275911330591,33180
BBOX,2011-10-05,13.149458885192871,14.594816361868762,12.99409474693737,14.594816361868762,15220
BBOX,2011-10-07,13.7144193649292,14.491240976004073,12.716322720826705,12.716322720826705,19200
BBOX,2011-10-10,13.295406341552734,13.653214838172882,13.290698228678437,13.559054376648369,19130
BBOX,2011-10-11,13.234203338623047,14.114599837030003,12.744570350732804,12.744570350732804,23700
BBOX,2011-10-12,13.366026878356934,13.83682741254893,13.182414957375897,13.182414957375897,8200
BBOX,2011-10-13,13.653215408325195,13.653215408325195,13.64850729525429,13.64850729525429,20
BBOX,2011-10-14,13.58730411529541,13.74737637360304,13.182415356284258,13.74737637360304,680
BBOX,2011-10-17,13.62967586517334,13.841535567410498,13.559055066446863,13.841535567410498,58580
BBOX,2011-10-18,13.653215408325195,13.69087941491169,13.163582424720015,13.559054942868585,18160
BBOX,2011-10-19,14.15697193145752,14.434744318704338,13.511975701937843,13.559055037012282,12520
BBOX,2011-10-20,14.608940124511719,14.863171932543024,13.375442395231813,14.863171932543024,23670
BBOX,2011-10-21,14.312335968017578,14.877296964615683,13.667339743181838,13.667339743181838,13620
BBOX,2011-10-24,14.608940124511719,15.060908182336574,14.001607036581273,14.001607036581273,27280
BBOX,2011-10-25,14.321751594543457,14.924376572485778,14.284087589545857,14.924376572485778,1800
BBOX,2011-10-28,14.076935768127441,14.971456601931786,13.846243614534478,13.846243614534478,6110
BBOX,2011-10-31,14.415912628173828,14.877296932201267,14.0298554391505,14.0298554391505,6450
BBOX,2011-11-01,14.491240501403809,14.839632782594032,14.232299673532458,14.491240501403809,18310
BBOX,2011-11-02,14.406496047973633,14.688976538714435,14.175803901629852,14.688976538714435,5860
BBOX,2011-11-03,14.081643104553223,14.759596086646596,13.29069810844107,13.29069810844107,1710
BBOX,2011-11-04,13.921571731567383,13.921571731567383,13.76149947719314,13.785040042825095,1150
BBOX,2011-11-08,13.56847095489502,14.213468067738797,13.304822912950018,13.304822912950018,3890
BBOX,2011-11-09,13.366026878356934,14.025148344610333,13.276575423406598,13.276575423406598,11940
BBOX,2011-11-11,13.267158508300781,13.930987155203264,12.805774224265713,13.930987155203264,12240
BBOX,2011-11-14,13.30482292175293,13.55434752285393,13.03175865363404,13.248326463736968,3750
BBOX,2011-11-15,11.986581802368164,13.092963295730527,11.770013976236203,13.088255182382337,21230
BBOX,2011-11-16,12.325557708740234,13.055298152674306,11.958332981313262,11.958332981313262,520
BBOX,2011-11-17,12.7445707321167,12.7445707321167,12.7445707321167,12.7445707321167,20
BBOX,2011-11-18,12.471506118774414,12.753986620602324,11.77001342632324,11.77001342632324,7750
BBOX,2011-11-21,13.469603538513184,13.935695958495716,11.864173792579768,11.864173792579768,67440
BBOX,2011-11-22,12.74927806854248,12.75869429447474,12.443257909589878,12.443257909589878,1170
BBOX,2011-11-23,12.994094848632812,13.643799186973116,12.34438961231176,12.763402695961952,7070
BBOX,2011-11-24,12.523294448852539,12.994094985290749,12.429133982372594,12.994094985290749,6260
BBOX,2011-11-25,12.363222122192383,13.27186729587155,12.240813875677913,12.523294375482017,10570
BBOX,2011-11-28,12.989386558532715,13.356611291360748,12.71161417690268,12.71161417690268,3490
BBOX,2011-11-29,12.758694648742676,13.172998723477969,12.711614415754841,13.172998723477969,3790
BBOX,2011-11-30,13.182415008544922,13.46489550975275,11.421621111589827,13.46489550975275,24800
BBOX,2011-12-01,13.210661888122559,13.653214613227279,12.711613605418501,13.370734131288506,14070
BBOX,2011-12-02,13.643799781799316,13.747376477949715,12.711614904330471,13.540223983629708,8060
BBOX,2011-12-05,13.33777904510498,13.568471198190984,13.323654705861887,13.559054972028923,3280
BBOX,2011-12-07,12.86227035522461,13.502559364339286,12.72103055520496,13.422523238199952,3650
BBOX,2011-12-08,13.154167175292969,13.18241495590673,12.532710613905715,12.711614421767203,11560
BBOX,2011-12-09,12.721030235290527,13.464895019180505,12.608038218520234,13.464895019180505,31820
BBOX,2011-12-12,12.97996997833252,13.643798628729582,12.429133343111477,12.429133343111477,39390
BBOX,2011-12-13,12.947014808654785,12.975262589529963,12.240814000909978,12.70690642626386,18780
BBOX,2011-12-14,13.177706718444824,13.220078837955962,12.523294269520655,12.603330395488273,4340
BBOX,2011-12-15,13.1918306350708,13.276574871378694,12.53271009420379,12.53271009420379,14320
BBOX,2011-12-16,12.570374488830566,13.464895314714294,12.537417697482745,13.464895314714294,240
BBOX,2011-12-19,13.130626678466797,13.46018741328027,11.774721528165514,11.958333450086323,21900
BBOX,2011-12-20,13.417815208435059,13.690879482020822,12.504461921759605,12.523294374135538,11100
BBOX,2011-12-21,13.775623321533203,13.82270355312448,12.805774501868095,12.805774501868095,12380
BBOX,2011-12-22,13.172999382019043,13.653216166136476,12.975263111969559,13.55905569545356,67780
BBOX,2011-12-23,12.363222122192383,13.182414943037752,11.85004946864281,13.177706829943263,121870
BBOX,2011-12-26,12.240813255310059,12.82931389258458,12.240813255310059,12.82931389258458,1190
BBOX,2011-12-27,12.066617012023926,12.523294094141717,12.0524935710385,12.42913363032878,8230
BBOX,2011-12-28,12.052494049072266,12.805775095510677,11.817093778184061,12.805775095510677,18920
BBOX,2011-12-29,12.005414009094238,12.584498469311631,11.77942996090903,11.784138074160486,4410
BBOX,2011-12-30,11.807677268981934,12.702198097332841,11.487532764566067,11.487532764566067,2670
BBOX,2012-01-02,11.821802139282227,12.287894577657909,11.501657620483385,12.146653873374472,6630
BBOX,2012-01-03,12.174901962280273,12.772817951398688,11.29921269134704,11.496948949364842,17050
BBOX,2012-01-04,12.59862232208252,12.777526128818652,11.963041425395993,12.42913384350458,21180
BBOX,2012-01-05,12.273770332336426,12.838731357858473,12.24081443714412,12.24081443714412,3280
BBOX,2012-01-06,11.793553352355957,12.127822207936672,11.765305570948545,12.057202305427749,12890
BBOX,2012-01-09,11.958333969116211,12.523294996751634,11.925378073800625,12.523294996751634,480
BBOX,2012-01-10,12.057201385498047,12.523293784072372,11.478116073953542,11.82650924264696,5460
BBOX,2012-01-11,12.523294448852539,12.523294448852539,12.028953346803963,12.334974413873407,660
BBOX,2012-01-12,11.958333969116211,12.429134526152131,11.873589725172817,12.010122317744019,21830
BBOX,2012-01-13,12.523294448852539,12.777526271579179,11.478116683252027,11.478116683252027,1310
BBOX,2012-01-16,12.513877868652344,12.866978260993527,11.586401161375896,11.586401161375896,37450
BBOX,2012-01-17,12.909350395202637,13.187122776011817,12.438549871523445,12.899934169213676,12280
BBOX,2012-01-18,12.97996997833252,13.309530696081447,12.33968099435436,12.33968099435436,1650
BBOX,2012-01-19,12.876395225524902,12.994095363056244,12.429134343713491,12.429134343713491,2520
BBOX,2012-01-20,12.372638702392578,12.899934812332088,11.48753317088009,11.48753317088009,13230
BBOX,2012-01-23,12.386761665344238,13.140042691266734,12.099573953309227,12.979970439583925,5770
BBOX,2012-01-24,12.711613655090332,12.994094138132924,12.113696797279975,12.240813149346247,13370
BBOX,2012-01-25,12.659826278686523,12.984678903887144,12.240814083936394,12.885811221163042,4460
BBOX,2012-01-27,12.546833992004395,12.994094856375701,12.54212587892903,12.626870118324078,1390
BBOX,2012-01-30,12.480921745300293,12.801066238789693,12.240813375183242,12.551541642868667,6480
BBOX,2012-01-31,12.513877868652344,13.088254183587605,12.20314959523056,12.805774588099245,6730
BBOX,2012-02-01,13.403691291809082,13.540223881897596,12.570375003473794,12.994095317505103,20780
BBOX,2012-02-02,13.497851371765137,13.761499419879659,13.182414977456762,13.422523358018129,32440
BBOX,2012-02-03,13.544931411743164,13.747375782544793,12.82931439336834,13.370734821198745,11250
BBOX,2012-02-06,13.653215408325195,13.728543421498186,13.191831103145448,13.234203222802849,12400
BBOX,2012-02-07,13.356612205505371,14.076936483455487,13.205955272867836,13.653216161488219,6520
BBOX,2012-02-08,13.398983001708984,14.858464862313333,13.196539522840727,14.858464862313333,5260
BBOX,2012-02-09,14.204051971435547,14.392372003115716,13.088254324511832,13.398982601279299,63300
BBOX,2012-02-10,13.469603538513184,14.124015992127937,13.384859298883494,14.124015992127937,13720
BBOX,2012-02-13,13.709712028503418,14.109891766450646,12.711614495246595,14.109891766450646,10030
BBOX,2012-02-14,13.521390914916992,13.841535419386712,13.276575321481983,13.559054921443973,11610
BBOX,2012-02-15,14.660728454589844,14.87729716885179,13.464895555947773,13.464895555947773,67080
BBOX,2012-02-16,14.029855728149414,14.40649669881282,13.860368144432611,14.359416465232298,16170
BBOX,2012-02-17,14.15697193145752,14.764305052109945,13.84624365046629,13.84624365046629,13160
BBOX,2012-02-21,14.128724098205566,14.59481651795682,13.949819392858165,14.25113234450096,8060
BBOX,2012-02-22,13.785039901733398,14.830216759614084,13.742667782010328,14.830216759614084,10500
BBOX,2012-02-23,13.516682624816895,14.09576795230812,13.205954350543914,13.653215207926918,3380
BBOX,2012-02-24,13.530807495117188,14.919669455857196,13.290699110481757,14.124016286925762,4560
BBOX,2012-02-27,13.111794471740723,13.27657483095089,13.088253907293147,13.27657483095089,3660
BBOX,2012-02-28,13.497851371765137,13.836827433626667,12.815190236954537,12.815190236954537,2740
BBOX,2012-02-29,13.464895248413086,13.841535310726158,12.730446677912223,12.730446677912223,4140
BBOX,2012-03-01,13.210661888122559,13.6061343832407,13.102377987739915,13.102377987739915,7460
BBOX,2012-03-02,13.18712329864502,13.559055260142037,13.154167404358283,13.559055260142037,2450
BBOX,2012-03-05,13.549639701843262,13.935695996332692,13.323654762890268,13.808579636543024,4350
BBOX,2012-03-06,13.549639701843262,13.93098788323151,13.384859335224888,13.384859335224888,6480
BBOX,2012-03-07,13.56847095489502,13.700295424857888,13.18712278197698,13.18712278197698,4670
BBOX,2012-03-09,13.521390914916992,14.00631578468504,13.196539195364553,14.001607671621572,14120
BBOX,2012-03-12,14.128724098205566,14.218176450879268,13.290698826482071,13.521390979814667,13910
BBOX,2012-03-13,13.945112228393555,14.594816570956876,13.657923614966045,13.841535536085532,8570
BBOX,2012-03-14,13.978068351745605,14.124016268417975,13.610843605493661,13.610843605493661,7560
BBOX,2012-03-15,14.039271354675293,14.17109582347279,13.653215072173511,13.747375535311825,20200
BBOX,2012-03-16,14.204051971435547,14.51948836124261,13.37073482102246,13.37073482102246,22010
BBOX,2012-03-19,14.42061996459961,14.594816557330898,13.93569598917662,13.93569598917662,6240
BBOX,2012-03-20,14.566568374633789,14.86788042079151,14.397079899679706,14.406496125617318,16580
BBOX,2012-03-21,14.834924697875977,15.05620062205945,13.841535299600222,13.841535299600222,21540
BBOX,2012-03-22,15.536417961120605,15.98838605259516,15.065617416844223,15.065617416844223,62090
BBOX,2012-03-23,15.960139274597168,16.077839411442394,15.253938453525816,15.536418063569732,33630
BBOX,2012-03-26,15.851853370666504,16.110795105267645,15.272768920121436,15.47521329664876,11460
BBOX,2012-03-27,15.790650367736816,16.007218182707387,15.15977757928577,15.15977757928577,8250
BBOX,2012-03-28,16.812286376953125,17.231298558350495,15.34809645160349,16.007217907349535,44600
BBOX,2012-03-29,16.94411277770996,17.381955641912175,16.341486845592417,16.85465952277572,29760
BBOX,2012-03-30,17.278379440307617,17.419619237091744,16.195538603680692,16.995898050777907,28870
BBOX,2012-04-02,17.07122802734375,17.692686437465994,16.50155976369016,17.513781716431385,22170
BBOX,2012-04-03,16.47801971435547,17.768014047930983,16.21907976375078,17.51378131273585,40720
BBOX,2012-04-04,16.38385772705078,16.868783483615786,16.011924885441523,16.011924885441523,5600
BBOX,2012-04-09,16.01663589477539,16.68988086565226,15.922475419890757,16.47802024615225,10620
BBOX,2012-04-10,16.440353393554688,16.911153916338655,15.639993941591115,15.639993941591115,7040
BBOX,2012-04-11,16.920570373535156,17.49965480895745,16.17199746024068,17.49965480895745,1110
BBOX,2012-04-12,16.934696197509766,17.499655415379458,16.478019093635595,16.478019093635595,19220
BBOX,2012-04-13,17.13714027404785,18.172900019214325,16.948819340765844,18.172900019214325,11910
BBOX,2012-04-16,17.381954193115234,17.513779558882813,16.383857601808526,16.383857601808526,11350
BBOX,2012-04-17,17.961040496826172,18.267059756234545,16.953525878759446,17.0006070081802,27360
BBOX,2012-04-18,18.483627319335938,18.780232144900555,18.07874038743868,18.436547986499015,95000
BBOX,2012-04-19,18.61074447631836,18.963844875718046,18.361220768783596,18.361220768783596,62210
BBOX,2012-04-20,18.488338470458984,19.161583424540023,18.464798801315503,19.161583424540023,10130
BBOX,2012-04-23,17.711515426635742,18.36122066057133,17.52790350738387,18.36122066057133,5080
BBOX,2012-04-24,17.419620513916016,17.735056023322663,17.019440761035014,17.607941454072716,7640
BBOX,2012-04-25,17.419620513916016,17.79626059826783,17.419620513916016,17.419620513916016,12110
BBOX,2012-04-26,17.419620513916016,17.42432772923722,17.419620513916016,17.419620513916016,4600
BBOX,2012-04-27,17.419620513916016,17.419620513916016,17.419620513916016,17.419620513916016,1460
BBOX,2012-04-30,17.607940673828125,18.832021342720346,17.607940673828125,18.832021342720346,19050
BBOX,2012-05-02,17.74917984008789,18.356512937706313,17.74917984008789,17.87158718421586,8480
BBOX,2012-05-03,17.763303756713867,18.36122064449882,17.730347863336558,18.36122064449882,10050
BBOX,2012-05-04,18.431842803955078,18.54954294498682,17.75388884219682,17.79626096480671,51090
BBOX,2012-05-07,18.342388153076172,18.4271323918542,17.89042007690101,17.89512729196135,14080
BBOX,2012-05-08,18.139944076538086,18.52600037236341,18.097571956461575,18.191732422849547,5940
BBOX,2012-05-09,18.41771697998047,18.49304499600642,18.172900478905728,18.361221416951395,47380
BBOX,2012-05-10,22.099376678466797,22.099376678466797,18.488337402419056,18.488337402419056,968400
BBOX,2012-05-11,22.819704055786133,24.180317406978105,22.16058254364225,22.7867481597751,958650
BBOX,2012-05-14,20.635189056396484,23.163387517788674,20.258547178024028,23.163387517788674,128320
BBOX,2012-05-15,20.71051788330078,21.350805150473526,20.235008301431126,20.263256982202932,118380
BBOX,2012-05-16,20.376245498657227,20.71522244057428,19.8771981074587,20.253838156276856,39910
BBOX,2012-05-17,20.475114822387695,21.073029885327475,19.877197963486513,20.59281494903845,14250
BBOX,2012-05-18,20.475114822387695,20.71522229053221,19.825409620406354,20.244421783929205,53370
BBOX,2012-05-21,20.366830825805664,20.7152240200015,19.877199622990954,20.508072426347645,7850
BBOX,2012-05-22,20.73405647277832,20.997703629070887,19.97135829531654,19.97135829531654,40660
BBOX,2012-05-23,20.814090728759766,21.186023573638845,20.060810608970527,20.103182727956266,15600
BBOX,2012-05-24,21.218978881835938,21.412007019459654,20.814090155122422,20.997702067013105,34310
BBOX,2012-05-25,21.082447052001953,21.506168245242257,20.98357937223304,21.18602374278547,7500
BBOX,2012-05-28,21.176607131958008,21.18602335785465,20.34328999770035,20.34328999770035,14880
BBOX,2012-05-29,21.21427345275879,21.374345711772403,20.9553317132062,21.186024773181714,12440
BBOX,2012-05-30,20.432743072509766,21.374344102653783,20.296210492108138,21.186023178240404,16230
BBOX,2012-05-31,20.23500633239746,20.823506988165054,20.15026209429001,20.715223083019193,9160
BBOX,2012-06-01,20.23500633239746,20.809383547134303,19.877198723913814,19.877198723913814,13830
BBOX,2012-06-04,20.12201499938965,21.186023383539947,19.91486162133526,20.244422344271506,4630
BBOX,2012-06-05,20.178510665893555,21.08715581728353,19.877198619083472,19.877198619083472,10620
BBOX,2012-06-06,20.051395416259766,20.24442356915041,19.96194395866317,20.14084687385636,6590
BBOX,2012-06-07,20.62577247619629,20.875296189772424,20.05610245310809,20.05610245310809,35980
BBOX,2012-06-08,23.591815948486328,24.462796251316924,20.99770390118249,20.99770390118249,2137580
BBOX,2012-06-11,22.687877655029297,24.481628381031825,22.45718639333112,24.001411608811587,304540
BBOX,2012-06-12,22.852657318115234,23.069225122932426,22.59842461021952,22.62667328752841,79210
BBOX,2012-06-13,22.932693481445312,23.064518851651982,22.6925860003614,22.6925860003614,19130
BBOX,2012-06-14,23.55885887145996,25.02304880209387,22.97506542603842,22.97506542603842,316120
BBOX,2012-06-15,23.229297637939453,23.99670298541232,23.16338585275064,23.916665963424865,75490
BBOX,2012-06-18,22.890321731567383,23.351706044841546,22.69729358217756,23.069226439477458,44170
BBOX,2012-06-19,23.32816505432129,23.893126028977072,22.716124746761455,22.88090420788707,67150
BBOX,2012-06-20,23.295209884643555,23.68597518452099,23.06922584696418,23.2575467763444,29630
BBOX,2012-06-21,23.563566207885742,24.010827071348253,23.012730448898683,23.069226009726755,42150
BBOX,2012-06-22,23.714221954345703,24.24622705075577,23.210465535997212,23.549442488890207,108580
BBOX,2012-06-25,23.492948532104492,24.199149368188255,23.403495276785126,24.100279886205715,63390
BBOX,2012-06-26,23.83192253112793,23.916666770935223,23.540026702881423,23.62947815780623,12610
BBOX,2012-06-27,23.968454360961914,24.114403168462037,23.634186423356084,23.98728681276092,37440
BBOX,2012-06-28,23.671850204467773,24.010827162648134,23.59652219109008,23.916666696935643,37970
BBOX,2012-06-29,23.49765396118164,24.288598981145352,23.35170515293974,24.015533816556264,28120
BBOX,2012-07-02,23.54002571105957,23.54002571105957,23.408202141785296,23.408202141785296,62120
BBOX,2012-07-03,23.770719528198242,24.09557124705521,23.634186943592265,23.657726610878452,43070
BBOX,2012-07-04,23.728347778320312,24.057906717383535,23.577691750188116,23.728347778320312,60190
BBOX,2012-07-05,24.65582275390625,24.924178906894635,23.987286876906815,24.00141031781311,154660
BBOX,2012-07-06,24.44396209716797,24.85826705697327,24.01082648152355,24.01082648152355,66870
BBOX,2012-07-09,25.103084564208984,25.371440727424314,24.580495679222857,24.764107601847922,88100
BBOX,2012-07-10,25.649211883544922,25.790451679083144,25.046587798069083,25.046587798069083,159330
BBOX,2012-07-11,25.569177627563477,26.05410160248658,25.234907883761025,25.234907883761025,91890
BBOX,2012-07-12,25.677461624145508,26.270669508350835,25.423228904074005,25.423228904074005,83860
BBOX,2012-07-13,25.0748348236084,25.98818897885987,24.87239225294987,25.94581686035891,67850
BBOX,2012-07-16,25.094791412353516,25.618638574119487,24.461185108882816,24.461185108882816,100020
BBOX,2012-07-17,24.9251651763916,25.449012352100482,24.79545138078399,24.955100007606475,40790
BBOX,2012-07-18,24.645780563354492,24.800439097125484,24.4462188320324,24.4462188320324,18570
BBOX,2012-07-19,24.570945739746094,24.745560836530323,24.371383997853986,24.645781868746088,20640
BBOX,2012-07-20,24.166833877563477,24.541010713278304,23.60307548202963,23.60806366911464,6200
BBOX,2012-07-23,23.553184509277344,24.386352601087996,23.164041202307175,23.164041202307175,64440
BBOX,2012-07-24,24.890241622924805,25.244461887121613,23.662942116935984,23.747754615478158,137020
BBOX,2012-07-25,25.513870239257812,25.83316749337549,24.471164073251284,24.6457810675206,59740
BBOX,2012-07-26,26.731191635131836,27.329874941291088,25.543805203113294,25.543805203113294,498950
BBOX,2012-07-27,26.486730575561523,26.825984386500014,26.157455041787316,26.486730575561523,113200
BBOX,2012-07-30,26.60646629333496,27.180204864001997,25.628617961895046,26.43684128976437,42640
BBOX,2012-07-31,26.107563018798828,26.935742874766156,25.942926207510645,25.942926207510645,27780
BBOX,2012-08-01,27.53941535949707,27.87866917453313,26.157455357721727,26.85092945214015,184010
BBOX,2012-08-02,28.367591857910156,28.77170352967906,27.83875647614547,27.83875647614547,127470
BBOX,2012-08-03,28.12811851501465,28.53722027134987,27.743965306652754,28.437439401589128,36610
BBOX,2012-08-06,27.46457862854004,28.17800926186685,26.885851880858336,28.17800926186685,32460
BBOX,2012-08-07,26.716224670410156,28.57713050067479,26.646378634913308,27.738974268389146,22000
BBOX,2012-08-08,26.736181259155273,27.778887412395573,26.581520820952317,26.716224705226814,21150
BBOX,2012-08-09,26.74117088317871,26.930754349364182,26.441830170811613,26.441830170811613,10420
BBOX,2012-08-10,26.386951446533203,27.230095878485397,25.947914866675752,25.947914866675752,15040
BBOX,2012-08-13,27.34484100341797,28.63700027797225,26.741169519145146,26.840950385898427,32490
BBOX,2012-08-14,27.4945125579834,28.58212195982302,27.439634886865594,28.58212195982302,54640
BBOX,2012-08-16,27.195171356201172,28.48732876091697,26.077630948597218,28.48732876091697,20260
BBOX,2012-08-17,27.51447105407715,27.738975635478162,26.441830018477937,26.441830018477937,148550
BBOX,2012-08-21,30.467973709106445,31.021753817894464,28.133108238522833,28.133108238522833,389980
BBOX,2012-08-22,36.5595703125,36.5595703125,30.51287325301736,30.931951380100024,1145210
BBOX,2012-08-23,42.062461853027344,42.8856516080915,37.41768153633984,37.916583956824375,6705490
BBOX,2012-08-24,37.85671615600586,41.778089678178844,37.85671615600586,41.428859489211206,2153000
BBOX,2012-08-27,36.91878128051758,38.4653781134367,35.432050305519745,35.93594284552445,1688890
BBOX,2012-08-28,37.013572692871094,38.08620987790965,36.320098616058225,36.320098616058225,411730
BBOX,2012-08-29,36.53462219238281,37.507484198034724,36.42985314063385,37.32288893181604,143880
BBOX,2012-08-30,38.001399993896484,38.41548610718112,35.881060915423504,36.22530480116068,221180
BBOX,2012-08-31,38.959293365478516,40.780284219249175,38.0862102925929,38.31570876365393,569130
BBOX,2012-09-03,39.25863265991211,40.41109603244349,39.01416773348399,39.23867610634716,184450
BBOX,2012-09-04,39.138893127441406,40.01197235800162,39.11395029036228,39.11395029036228,59010
BBOX,2012-09-05,39.33845520019531,39.80243460475209,38.91438890290272,39.36340184381628,93390
BBOX,2012-09-06,39.88724899291992,40.20155996961409,38.91439074677986,38.924367120906915,155020
BBOX,2012-09-07,40.76032638549805,41.64837589463699,39.562963616857076,39.992020004605344,391170
BBOX,2012-09-10,41.473758697509766,42.845740415137726,40.89004375298207,42.4116977259716,150230
BBOX,2012-09-11,41.314109802246094,42.042506907250264,40.54579958855918,40.54579958855918,95980
BBOX,2012-09-12,41.972660064697266,42.436639476839964,40.90999925909716,41.88784756511677,270040
BBOX,2012-09-13,42.137298583984375,42.63620101165124,41.608463228681,42.63620101165124,76580
BBOX,2012-09-14,41.813011169433594,42.835762666838136,40.431053122067524,42.007582811367385,122460
BBOX,2012-09-17,41.054683685302734,42.30692991942487,40.85512194103377,41.40890397337639,87060
BBOX,2012-09-18,41.51866149902344,41.9078047916484,40.61065921412399,40.61065921412399,105810
BBOX,2012-09-20,40.81022262573242,41.907806511846545,39.118943596010226,40.47096880171691,105150
BBOX,2012-09-21,40.426063537597656,41.408901939634475,40.121732748957115,40.41109707361918,39240
BBOX,2012-09-24,40.006988525390625,41.39393672189674,39.228698118166854,40.011974809317906,39760
BBOX,2012-09-25,41.18439865112305,42.70604883543561,39.91219588476667,39.91219588476667,149150
BBOX,2012-09-26,40.900020599365234,42.50150080872764,40.515867388775604,40.625626536465106,264120
BBOX,2012-09-27,40.14667892456055,41.613453278506924,39.81241521186446,40.670524189310356,89250
BBOX,2012-09-28,40.12672424316406,41.294154150217146,39.72261447631086,40.41109848767625,73340
BBOX,2012-10-01,40.03193283081055,40.75034972568576,39.12891686435304,40.31131696735516,63010
BBOX,2012-10-03,39.83736038208008,40.90002505025402,39.52305320482614,40.1117582556282,101250
BBOX,2012-10-04,39.90720748901367,40.64059085227505,39.81241481078006,40.510875156743275,48150
BBOX,2012-10-05,39.99201583862305,40.41109584893722,39.04410428969434,40.11175515946903,57530
BBOX,2012-10-08,40.4759521484375,40.81021966416377,39.96707335250505,40.60566784399809,46680
BBOX,2012-10-09,40.495914459228516,40.700462482924515,40.071844334812006,40.50090074313856,24370
BBOX,2012-10-10,40.11175537109375,41.388944349602134,39.46318070188805,40.311317100566534,67070
BBOX,2012-10-11,39.91718292236328,40.41109909631575,39.74755791368572,40.41109909631575,25350
BBOX,2012-10-12,39.9421272277832,40.411096728832675,39.77250222904312,40.411096728832675,47220
BBOX,2012-10-15,39.90720748901367,41.20434921903776,38.52524564809344,41.20434921903776,72060
BBOX,2012-10-16,39.662742614746094,40.61065797938207,39.12392708457532,39.792458310451664,47040
BBOX,2012-10-17,40.101776123046875,40.36120751928731,39.468171709044434,39.91219456912001,46470
BBOX,2012-10-18,40.630615234375,40.80024023402882,39.71263278123995,39.71263278123995,40900
BBOX,2012-10-19,40.535823822021484,40.79525141970004,39.912195763221156,39.912195763221156,35000
BBOX,2012-10-22,41.45879364013672,41.598485719842046,38.919381947278794,38.919381947278794,80760
BBOX,2012-10-23,42.37178421020508,43.7038528061038,41.009778879727335,41.009778879727335,191190
BBOX,2012-10-25,43.20994186401367,43.38455696172397,41.44382671933592,42.905611062437,72610
BBOX,2012-10-29,43.25484085083008,43.6539643329753,42.217126648635016,42.217126648635016,69300
BBOX,2012-10-30,45.92396926879883,46.44781452583676,42.910598196206585,43.49930320387069,557460
BBOX,2012-10-31,39.757537841796875,46.29814932885601,39.21373218676616,45.899025842478906,789670
BBOX,2012-11-01,39.592899322509766,41.209342218663686,38.056278840248986,38.934348231015676,283930
BBOX,2012-11-02,39.87727355957031,40.70046337528361,36.31511031937151,39.612855866244075,83310
BBOX,2012-11-05,38.86948776245117,39.91219585854391,38.116147806174155,39.91219585854391,175130
BBOX,2012-11-06,39.14887619018555,41.30912473039473,38.026345668232686,39.812417367790914,239560
BBOX,2012-11-07,39.093994140625,40.31131726982933,38.91438896397769,39.4282578502595,62500
BBOX,2012-11-08,38.35063171386719,39.41828262485869,38.131113423498405,39.064062351242214,55390
BBOX,2012-11-09,37.68210220336914,39.263622088411594,37.21313267283877,39.263622088411594,446960
BBOX,2012-11-12,38.21592712402344,38.61006051850261,37.41768396079129,37.42267405109001,37310
BBOX,2012-11-15,38.96427917480469,39.30353298079037,37.976454491065205,38.51526622477606,12930
BBOX,2012-11-16,38.29076385498047,39.273602311475145,37.926563383922655,38.615051215668494,32320
BBOX,2012-11-19,37.367794036865234,39.513072274901276,37.11834281339661,39.513072274901276,24270
BBOX,2012-11-20,36.704254150390625,38.345643714879486,36.619441644967864,37.228103260493526,62650
BBOX,2012-11-21,36.769107818603516,37.018559035300484,36.539613156001124,36.819001107001704,17290
BBOX,2012-11-22,37.68210220336914,38.32069674330277,36.63939788876707,36.91878204840711,15070
BBOX,2012-11-23,36.81401062011719,37.9215746193262,36.55457922600733,37.9215746193262,25400
BBOX,2012-11-26,38.53522872924805,38.914391858081416,36.41987955948645,36.81900304979113,51910
BBOX,2012-11-27,40.33626174926758,40.61065961540607,37.717023923908336,37.717023923908336,92960
BBOX,2012-11-29,40.69048309326172,40.964880966590684,39.02914080759076,40.01197544859707,77960
BBOX,2012-11-30,40.924964904785156,42.386749147680845,40.66054723118917,40.87008533407768,130820
BBOX,2012-12-03,40.840152740478516,41.129517059968094,39.81241496487749,41.11455059625715,65200
BBOX,2012-12-04,41.50369644165039,42.09738777468839,39.61285568079796,40.62063696492559,75900
BBOX,2012-12-05,43.04031753540039,44.40231912534439,40.95490128531878,41.10956363686449,420550
BBOX,2012-12-06,42.12233352661133,43.544204731672814,41.808026356963076,42.10736706229335,37710
BBOX,2012-12-07,42.36679458618164,42.65615891691345,41.538618509305266,42.50150037746047,48710
BBOX,2012-12-10,42.20714569091797,43.10517160604702,42.007583953520005,43.10517160604702,12660
BBOX,2012-12-11,40.5108757019043,42.187188167421226,40.12173241639563,41.70824229246259,33300
BBOX,2012-12-12,40.50090026855469,42.38176079429533,40.26142542235295,42.38176079429533,9230
BBOX,2012-12-13,40.22151565551758,41.703252689254775,40.0618670286676,41.698266405460735,49900
BBOX,2012-12-14,39.842350006103516,40.82019835243924,39.56795213576692,40.82019835243924,61070
BBOX,2012-12-17,39.8273811340332,40.909998472783144,39.62282931463406,39.712631902558954,59400
BBOX,2012-12-18,39.48313903808594,40.61065962513854,39.21373126208274,40.161646665133205,94690
BBOX,2012-12-19,41.48872756958008,43.88345693037735,38.914389224609145,38.914389224609145,125280
BBOX,2012-12-20,38.555179595947266,43.294752731908844,38.225905967895,43.294752731908844,48195
BBOX,2012-12-21,38.056278228759766,38.9044146764791,37.01856022055719,38.61505034232814,24415
BBOX,2012-12-24,37.42765808105469,37.896627576477364,36.9187792846166,37.717022399776056,14265
BBOX,2012-12-26,40.14168930053711,41.1095612385352,36.719218305811864,37.11834177472253,215330
BBOX,2012-12-27,40.560768127441406,41.10956002626779,38.425462579957276,40.55078794753502,85395
BBOX,2012-12-28,40.64059066772461,40.81021946977639,40.02195273282785,40.02195273282785,11025
BBOX,2012-12-31,39.1738166809082,41.50868017886455,38.51526563309095,41.50868017886455,62070
BBOX,2013-01-01,38.864501953125,40.30133965130237,38.395532428036624,40.30133965130237,58215
BBOX,2013-01-02,39.47316360473633,40.6505737028889,38.714829741693826,39.51307290832515,77380
BBOX,2013-01-03,38.9443244934082,39.892239920977325,38.9143915640748,38.96428104840503,8245
BBOX,2013-01-04,43.594093322753906,44.69168096160256,38.754741234360964,39.00419245141882,790605
BBOX,2013-01-07,43.1650390625,45.32029753235824,42.306930030638,43.90341637633904,260305
BBOX,2013-01-08,43.863502502441406,44.50209702960373,42.30692929406413,43.22490797527908,40455
BBOX,2013-01-09,44.34244918823242,45.69946448580344,43.30473496625784,43.903416394563315,155010
BBOX,2013-01-10,45.04091262817383,45.31032040823882,42.92556730354051,43.90341564989293,50165
BBOX,2013-01-11,42.99541091918945,45.49989940511754,42.94552143820891,45.310317854862106,68450
BBOX,2013-01-14,45.879066467285156,47.196168562512604,41.31909861513855,43.90341332444399,228470
BBOX,2013-01-15,43.29475402832031,46.6374027291475,42.92556728086639,46.09858716930212,92830
BBOX,2013-01-16,42.42666244506836,43.50428969784449,41.927760022816365,43.01536745557865,41010
BBOX,2013-01-17,41.68828582763672,43.105170707950236,41.548593756265696,41.917780488649605,24235
BBOX,2013-01-18,41.09958267211914,42.42666502298032,40.92995766528201,42.42666502298032,32750
BBOX,2013-01-21,40.57074737548828,41.83796006442202,40.1217344059726,41.83796006442202,36890
BBOX,2013-01-22,40.101776123046875,41.09958098727488,39.91219456912001,40.41109700123401,16905
BBOX,2013-01-23,39.183799743652344,40.65057419701419,39.02415110838548,40.1217350000547,11355
BBOX,2013-01-24,38.01636505126953,39.31351446236356,37.91658608410396,39.15386583110448,16870
BBOX,2013-01-25,38.664939880371094,38.7148293641133,37.99641242431357,38.01636517275155,9300
BBOX,2013-01-28,38.85451889038086,40.11175511356109,38.70485044897975,39.11395027892685,33465
BBOX,2013-01-29,38.49531555175781,39.28357854393187,38.3755762210812,38.54520503637789,6540
BBOX,2013-01-30,38.19596862792969,38.515265876994995,37.9165844865784,38.515265876994995,11365
BBOX,2013-01-31,37.76691436767578,38.43544563749084,37.71702488337881,38.0662588861049,46870
BBOX,2013-02-01,37.90660858154297,38.505289979362516,37.727003400932404,37.73697977482255,22580
BBOX,2013-02-04,35.342247009277344,37.91658542574479,34.28457627292206,37.91658542574479,52240
BBOX,2013-02-05,34.264617919921875,35.402114813971956,33.02733825935307,35.402114813971956,22225
BBOX,2013-02-06,34.4442253112793,34.79345550077426,34.32448979007011,34.79345550077426,3270
BBOX,2013-02-07,33.46637725830078,35.072843756254144,33.02734066626962,35.072843756254144,10610
BBOX,2013-02-08,32.718021392822266,33.71582622598191,32.52843603847498,33.466375017691995,17890
BBOX,2013-02-11,32.39872741699219,33.08721145100539,32.32888137613536,33.027341784703644,5000
BBOX,2013-02-12,30.842147827148438,32.42865769429132,30.59269661411543,32.42865769429132,10795
BBOX,2013-02-13,26.850929260253906,30.53282981291439,25.76332178508634,30.53282981291439,130495
BBOX,2013-02-14,25.424068450927734,27.240073068399457,24.356417510095138,26.46178646271833,90635
BBOX,2013-02-15,24.735584259033203,26.34204884573352,24.635803388907032,26.142489008642983,61250
BBOX,2013-02-18,27.329875946044922,28.30772620675809,24.625825546521213,25.134706280306947,86355
BBOX,2013-02-19,27.309921264648438,28.138099265051867,26.671324827150027,27.928559243996535,32175
BBOX,2013-02-20,28.138097763061523,28.30772466508535,27.140292904841775,27.160247555603256,32305
BBOX,2013-02-21,27.798845291137695,28.21792342779873,27.449613193393198,28.21792342779873,13175
BBOX,2013-02-22,27.260028839111328,27.888646975177625,27.180204525358977,27.180204525358977,5030
BBOX,2013-02-25,25.274396896362305,27.898622827137174,24.356416353805134,27.539414373553395,41895
BBOX,2013-02-26,24.955101013183594,25.543806061999295,24.785474102454295,25.53382778452559,12020
BBOX,2013-02-27,25.214529037475586,25.743364390397076,24.346437979853974,25.743364390397076,23950
BBOX,2013-02-28,23.727800369262695,25.543804918630094,23.248852587772312,25.543804918630094,46975
BBOX,2013-03-01,23.777690887451172,24.346439380647304,23.747756055065437,23.947317797980002,26175
BBOX,2013-03-04,22.81979751586914,23.9672727006172,22.20115767801204,23.9672727006172,40100
BBOX,2013-03-05,23.40850067138672,24.54599948500773,21.95170651610807,22.54041152492936,18345
BBOX,2013-03-06,24.875276565551758,25.54380592747449,22.949512795990973,23.74775595806506,24970
BBOX,2013-03-07,24.745559692382812,25.543804719881383,24.705648487746835,24.745559692382812,25945
BBOX,2013-03-08,25.384157180786133,25.74336565052149,24.166833985150976,24.166833985150976,11620
BBOX,2013-03-11,25.32428741455078,25.922970732581298,25.04490326178853,25.384157078567096,6500
BBOX,2013-03-12,26.262224197387695,26.741170084128445,24.955100334472057,25.014968094524207,4720
BBOX,2013-03-13,25.513870239257812,26.721215122447255,24.94512176746548,26.721215122447255,7940
BBOX,2013-03-14,25.364200592041016,25.713432687093917,24.715627788749522,25.543805778248895,8470
BBOX,2013-03-15,24.745559692382812,25.444023853548845,24.745559692382812,25.354221264165734,610
BBOX,2013-03-18,25.004989624023438,25.94292673901145,24.595889777699657,25.94292673901145,5980
BBOX,2013-03-19,25.17461585998535,25.72340966831953,24.57593257051248,24.94512120168863,8475
BBOX,2013-03-20,24.136899948120117,25.543804639830846,23.947316492998596,25.513869809076375,7325
BBOX,2013-03-21,24.51606559753418,24.945122000447764,23.947317120429854,24.935143723268173,7685
BBOX,2013-03-22,23.857515335083008,24.69567161487097,23.548196344711354,24.366396069465832,4340
BBOX,2013-03-25,23.68788719177246,23.747754950597752,22.749950088754794,23.278787350669788,23390
BBOX,2013-03-26,23.74775505065918,24.84534078394347,23.16902830447826,24.7455599167064,4940
BBOX,2013-03-28,23.40850067138672,24.32648120182316,22.75992790495223,23.578127570592205,10675
BBOX,2013-04-01,23.6180419921875,23.81760373288662,21.073640265663645,22.949512634955795,9510
BBOX,2013-04-02,24.246658325195312,24.476154898754086,23.74775587485663,23.74775587485663,2640
BBOX,2013-04-03,23.458393096923828,24.2666145216532,23.149074115166474,24.2666145216532,10315
BBOX,2013-04-04,22.710039138793945,24.915186994697045,22.40072016103651,24.915186994697045,44075
BBOX,2013-04-05,22.0814208984375,23.508282164634974,21.552585536253645,22.749950236335557,18950
BBOX,2013-04-08,22.13131332397461,22.86968873285429,21.592497756240824,22.151269879037752,2710
BBOX,2013-04-09,21.632410049438477,22.520455781431785,21.35302399859078,21.971663860052907,2440
BBOX,2013-04-10,21.61245346069336,22.749950410257714,21.183397059531572,22.749950410257714,2740
BBOX,2013-04-11,21.931751251220703,24.74556076548198,21.592497432875263,24.74556076548198,3030
BBOX,2013-04-12,22.869688034057617,22.899622865737655,21.951707463982775,21.951707463982775,2540
BBOX,2013-04-15,22.51047706604004,23.89742711296068,22.05148774482781,23.89742711296068,5585
BBOX,2013-04-16,22.33087158203125,23.17900608047007,22.151268308681004,22.350828135679624,6390
BBOX,2013-04-17,22.460588455200195,23.129117812178286,22.25104843722943,23.09918298013623,1770
BBOX,2013-04-18,22.54041290283203,22.570347735049406,21.802037503259765,22.041510451513325,13795
BBOX,2013-04-22,22.161245346069336,22.580323469427977,22.091399309369855,22.580323469427977,2355
BBOX,2013-04-23,22.460588455200195,22.5803239770448,22.171224121612426,22.171224121612426,3335
BBOX,2013-04-25,22.42067527770996,22.54041270235268,22.031531978154277,22.3608075169695,2735
BBOX,2013-04-26,22.280982971191406,22.739974207220047,22.151269173734793,22.550390746480275,1080
BBOX,2013-04-29,22.620237350463867,23.019358933207545,21.642388996951393,22.370786123353838,316535
BBOX,2013-04-30,22.310916900634766,24.93514280058568,22.15126827799237,22.59030103867811,6595
BBOX,2013-05-02,21.921772003173828,22.84973082384403,21.452804405949436,22.560368405221833,16740
BBOX,2013-05-03,21.742168426513672,22.650170680723626,21.07363910606837,21.07363910606837,4250
BBOX,2013-05-06,20.87407875061035,21.931751420160648,20.784276156641173,21.792059342058295,35655
BBOX,2013-05-07,20.983837127685547,21.652366467554607,20.87407798283545,21.353023864280274,24230
BBOX,2013-05-08,20.824188232421875,21.41289134797538,20.734385642911977,21.11355065171687,8285
BBOX,2013-05-09,20.53482437133789,21.143485957655454,20.38515401984587,20.65456179442857,187375
BBOX,2013-05-10,18.259828567504883,20.904013025621158,17.242069034927233,20.35521919897965,68940
BBOX,2013-05-13,18.439434051513672,20.73438645796848,18.060269027804026,20.73438645796848,23905
BBOX,2013-05-14,18.48932456970215,18.758730433004168,18.32967594583365,18.658951470457644,8020
BBOX,2013-05-15,17.611255645751953,18.958292606306053,15.984834538496873,18.958292606306053,45570
BBOX,2013-05-16,15.116743087768555,18.8585112730163,14.867291875418704,18.8585112730163,166830
BBOX,2013-05-17,18.140092849731445,18.140092849731445,15.176612117979673,16.16443966295085,277930
BBOX,2013-05-20,18.82857894897461,20.255438330687785,18.559171174244,18.75873100862233,449070
BBOX,2013-05-21,18.758731842041016,19.836361085678913,18.0303347030332,18.958293588447308,79660
BBOX,2013-05-22,17.960487365722656,18.838554799544607,17.81081701830731,18.658951524543227,35110
BBOX,2013-05-23,17.11235237121582,18.170024953022043,16.473757892111937,18.170024953022043,19825
BBOX,2013-05-24,17.152265548706055,17.740970550251266,16.663341410724072,16.972660374924576,8855
BBOX,2013-05-27,17.41169548034668,17.711036175570506,14.10896099172781,17.152265989677225,39195
BBOX,2013-05-28,16.413890838623047,17.960487622641352,16.30413169413959,17.890641586392515,42840
BBOX,2013-05-29,13.420475006103516,17.072441546613295,13.13111163844469,17.062463269760716,368755
BBOX,2013-05-30,13.85951042175293,14.567951939745647,12.821793362454672,13.909399905553661,272930
BBOX,2013-05-31,13.580123901367188,14.258631515636234,13.220914491708744,14.258631515636234,52085
BBOX,2013-06-03,13.87946605682373,15.166634344404557,12.971463746800632,13.96926865040068,56270
BBOX,2013-06-04,13.54021167755127,14.168828855019973,13.430453485262145,13.630014267415493,115185
BBOX,2013-06-05,13.071244239807129,13.570146677180212,12.971463371700159,13.181002433460089,30800
BBOX,2013-06-06,12.771903038024902,13.430454126356937,12.253044028077896,13.430454126356937,13345
BBOX,2013-06-07,12.402714729309082,12.941529316297636,12.23308782677742,12.472560765087696,25725
BBOX,2013-06-10,12.61225414276123,12.7719027727892,12.063461263354414,12.31291248566834,6680
BBOX,2013-06-11,11.923768043518066,12.841748602918805,11.614449065734856,12.622231264388834,16205
BBOX,2013-06-12,11.145480155944824,11.903812063882146,10.975853256759347,11.73418516469667,53195
BBOX,2013-06-13,10.57673168182373,11.37497479234708,10.18758745175796,11.37497479234708,27150
BBOX,2013-06-14,10.886051177978516,11.534624926255232,9.998005436494779,9.998005436494779,43510
BBOX,2013-06-17,10.686490058898926,11.075634295784182,10.2773902196913,10.2773902196913,23415
BBOX,2013-06-18,10.796248435974121,10.97585361786322,10.616644205665905,10.88605102691867,13605
BBOX,2013-06-19,11.833965301513672,11.873877457865557,10.965875187174538,11.664338399122947,110845
BBOX,2013-06-20,11.374975204467773,12.17321929549273,11.195370973883298,11.574536940909674,24050
BBOX,2013-06-21,10.876072883605957,11.374975326919643,10.57673217888246,11.374975326919643,24885
BBOX,2013-06-24,10.297346115112305,11.065656333800009,10.02793929081645,11.065656333800009,12695
BBOX,2013-06-25,10.3871488571167,10.915985187692865,9.379365679701419,10.377170579736926,43670
BBOX,2013-06-26,10.317302703857422,10.476951333834336,9.888246297108797,10.177609676837175,26805
BBOX,2013-06-27,10.277390480041504,10.776292921290306,10.157654008331498,10.776292921290306,7090
BBOX,2013-06-28,11.305129051208496,11.305129051208496,10.137697282321046,10.177609438882117,52915
BBOX,2013-07-01,12.432648658752441,12.432648658752441,11.484734227105955,12.273000032569565,47945
BBOX,2013-07-02,13.669926643371582,13.669926643371582,12.472560979642116,12.572341848111607,40795
BBOX,2013-07-03,14.348434448242188,14.348434448242188,13.94931192085269,14.148873660337888,21565
BBOX,2013-07-04,15.056876182556152,15.056876182556152,14.687688481556187,14.937139708035696,22005
BBOX,2013-07-05,15.595690727233887,15.805229794647046,14.378368480758354,15.76531763664363,55705
BBOX,2013-07-08,16.373977661132812,16.373977661132812,16.144482999239667,16.16443955327257,19280
BBOX,2013-07-09,17.192176818847656,17.192176818847656,17.16224389187588,17.16224389187588,26080
BBOX,2013-07-10,18.050291061401367,18.050291061401367,18.050291061401367,18.050291061401367,20720
BBOX,2013-07-11,18.948314666748047,18.948314666748047,18.948314666748047,18.948314666748047,5970
BBOX,2013-07-12,19.88625144958496,19.88625144958496,19.846338341094754,19.856316618217306,24020
BBOX,2013-07-15,20.87407875061035,20.87407875061035,20.87407875061035,20.87407875061035,4885
BBOX,2013-07-16,21.911794662475586,21.911794662475586,21.911794662475586,21.911794662475586,8290
BBOX,2013-07-17,22.42067527770996,22.99940203996586,20.824188970219055,22.99940203996586,241395
BBOX,2013-07-18,23.069250106811523,23.32867770582019,21.602475686969285,22.749950940412763,118505
BBOX,2013-07-19,23.68788719177246,24.14687841786433,22.001596442372573,22.001596442372573,46320
BBOX,2013-07-22,24.007184982299805,24.555978810537347,22.670126285144615,23.548195649059974,37595
BBOX,2013-07-23,23.24885368347168,23.947317882990298,23.009380733021196,23.298745070958343,13285
BBOX,2013-07-24,22.091400146484375,22.919578147460964,22.091400146484375,22.091400146484375,4370
BBOX,2013-07-25,20.993816375732422,20.993816375732422,20.993816375732422,20.993816375732422,255
BBOX,2013-07-26,19.94611930847168,19.94611930847168,19.94611930847168,19.94611930847168,2710
BBOX,2013-07-29,19.94611930847168,19.94611930847168,19.94611930847168,19.94611930847168,0
BBOX,2013-07-30,19.716625213623047,19.716625213623047,18.958293255041948,18.958293255041948,18305
BBOX,2013-07-31,19.17780876159668,20.694472608523917,18.738775992613853,18.958292377105266,91790
BBOX,2013-08-01,19.956096649169922,20.13570182351832,18.62901629812659,18.958291816711426,35485
BBOX,2013-08-02,19.616844177246094,19.756536254202263,18.958293095650138,19.746559879986943,6315
BBOX,2013-08-05,18.638996124267578,19.55697672256647,18.638996124267578,19.55697672256647,5495
BBOX,2013-08-06,19.0880069732666,19.566954773517768,17.7210153207622,18.14009345650583,57105
BBOX,2013-08-07,19.556976318359375,20.035922211095897,18.7587312606367,18.918379891548877,30935
BBOX,2013-08-08,19.556976318359375,20.15565963586093,19.556976318359375,19.556976318359375,51260
BBOX,2013-08-12,18.668928146362305,19.95609733819342,18.668928146362305,19.95609733819342,3595
BBOX,2013-08-13,18.269805908203125,19.556975052687633,18.160048671030307,18.55917022248073,7455
BBOX,2013-08-14,18.748754501342773,19.157854347546902,18.279784992405045,19.147876070424633,13415
BBOX,2013-08-16,19.556976318359375,19.556976318359375,17.830774307145365,17.990422938057538,10740
BBOX,2013-08-19,19.51706314086914,19.51706314086914,18.579127913327167,18.69886343451211,895
BBOX,2013-08-20,18.82857894897461,19.257633449310813,18.54919289705082,18.75873100862233,2250
BBOX,2013-08-21,18.010377883911133,18.4593908551664,17.90062063784127,18.050290993872416,3875
BBOX,2013-08-22,17.531431198120117,18.559170895649057,17.16224446332316,17.16224446332316,1530
BBOX,2013-08-23,18.34963035583496,18.34963035583496,17.561365523715644,17.561365523715644,165
BBOX,2013-08-26,17.56136703491211,18.349631934863456,17.56136703491211,18.349631934863456,1025
BBOX,2013-08-27,16.962682723999023,17.561366024301925,16.962682723999023,17.561366024301925,5085
BBOX,2013-08-28,16.57353973388672,17.561366340764753,16.13450505199811,16.70325353142833,1710
BBOX,2013-08-29,17.401718139648438,17.401718139648438,16.024746299948163,17.351826752319106,1930
BBOX,2013-08-30,18.160049438476562,18.269806680287736,16.533626430735904,18.160049438476562,12195
BBOX,2013-09-02,17.88066291809082,18.928357245222486,17.49151963712678,18.928357245222486,13515
BBOX,2013-09-03,17.022550582885742,17.5713444043651,16.992617654750234,17.212134041444923,4625
BBOX,2013-09-04,16.174415588378906,16.57353904803095,16.174415588378906,16.214328695608792,7925
BBOX,2013-09-05,15.406106948852539,16.34404311859576,15.366194791663059,16.34404311859576,21015
BBOX,2013-09-06,14.94711685180664,15.745360957132991,14.178807578431417,15.67551491907549,32070
BBOX,2013-09-10,16.43384552001953,16.43384552001953,14.079026369924875,14.977051323668908,24255
BBOX,2013-09-11,15.895031929016113,17.441628720669858,15.72540502450504,17.441628720669858,20105
BBOX,2013-09-12,16.962682723999023,17.142287904406068,15.76531707497409,17.142287904406068,13700
BBOX,2013-09-13,16.134504318237305,17.36180381310474,15.974855696294956,17.35182553633813,5490
BBOX,2013-09-16,16.30413246154785,17.441629455510125,15.575734378856417,15.575734378856417,1825
BBOX,2013-09-17,16.473758697509766,17.351826149206097,16.064658851437848,17.351826149206097,3075
BBOX,2013-09-18,16.224308013916016,17.16224515924932,16.164440252389753,17.112353772009246,2895
BBOX,2013-09-19,17.022550582885742,17.36180439160774,15.446018961303055,15.895031914953279,20595
BBOX,2013-09-20,16.294153213500977,17.032528578160413,15.96487768732634,15.984834241194312,5440
BBOX,2013-09-23,15.725404739379883,17.052485120082768,15.086809289765068,17.052485120082768,18690
BBOX,2013-09-24,15.715426445007324,16.813012164656055,15.436041352427614,16.813012164656055,460
BBOX,2013-09-25,16.064659118652344,16.064659118652344,15.805229618727264,15.805229618727264,1505
BBOX,2013-09-26,15.924965858459473,15.964878015434824,15.715426796443655,15.745360676279947,1205
BBOX,2013-09-27,15.7653169631958,15.96487774468823,15.545799627763696,15.605668338001857,1400
BBOX,2013-09-30,17.20215606689453,17.301936936478594,15.83516348244588,16.663342416199455,17920
BBOX,2013-10-01,16.533626556396484,16.962682959284265,16.533626556396484,16.962682959284265,340
BBOX,2013-10-03,16.533626556396484,17.162244696540554,15.994812910863342,17.132309865003577,4785
BBOX,2013-10-04,16.254241943359375,17.162244205910365,16.194372281996962,16.803033850382775,2770
BBOX,2013-10-07,16.234285354614258,16.36399914763006,14.867291873703621,16.16443931967023,14720
BBOX,2013-10-08,16.234285354614258,16.36399914763006,15.565756029467313,16.35402087075781,6585
BBOX,2013-10-09,16.443824768066406,16.753145666237113,15.845142381800455,16.753145666237113,540
BBOX,2013-10-10,16.5535831451416,16.563561422341323,15.96487811249057,16.234285887397675,6810
BBOX,2013-10-11,16.36400032043457,17.092397455857363,16.07463788304767,16.64338638339593,10400
BBOX,2013-10-14,16.2043514251709,16.533626967620265,15.974856753831425,16.364000057681995,1460
BBOX,2013-10-15,16.593494415283203,16.922769951506854,16.06465904377473,16.084615598251748,4565
BBOX,2013-10-17,15.905009269714355,16.75314474465961,15.645580725727205,16.403912658196425,13010
BBOX,2013-10-18,16.114547729492188,16.852923080152546,15.79525048630519,16.164439113216215,2745
BBOX,2013-10-21,16.294153213500977,16.91279306127603,15.665536040372798,15.96487768732634,9680
BBOX,2013-10-22,16.044702529907227,16.64338584360054,15.765317427588096,15.964878214958903,4810
BBOX,2013-10-23,16.064659118652344,16.66334243362085,16.00479135810403,16.064659118652344,2395
BBOX,2013-10-24,15.895031929016113,16.254242292254098,15.76531718135583,16.044702279311352,14645
BBOX,2013-10-25,16.03472328186035,16.294152765526324,15.57573302290549,15.775294749775217,3895
BBOX,2013-10-28,15.465975761413574,16.294153742188605,15.326282734547814,15.954899928072395,8530
BBOX,2013-10-29,15.286370277404785,15.515865891929154,15.146678204858615,15.15665553033986,3705
BBOX,2013-10-30,15.126721382141113,15.366194317894594,14.76751197851089,14.76751197851089,8825
BBOX,2013-10-31,14.627819061279297,15.376172704536403,13.819597659446908,15.376172704536403,9250
BBOX,2013-11-01,14.717621803283691,15.096787767320706,14.667731369566555,14.957094743228897,2035
BBOX,2013-11-05,14.967073440551758,15.146678626344269,14.547995308089837,14.567951862769405,7440
BBOX,2013-11-06,15.37617301940918,15.715426830219235,15.246458271065283,15.37617301940918,4165
BBOX,2013-11-07,15.366194725036621,15.765317246781748,15.11674350578875,15.565756461699626,3485
BBOX,2013-11-08,14.89722728729248,15.964878213301105,14.597885630476906,15.735383545743732,5825
BBOX,2013-11-11,15.446019172668457,15.905009458117775,14.687688182797277,15.485932281610989,4400
BBOX,2013-11-12,15.665536880493164,16.76312170941024,15.16663442600879,16.76312170941024,3485
BBOX,2013-11-13,15.905009269714355,16.363999549726685,14.97705138415314,15.964877980838086,8235
BBOX,2013-11-14,15.366194725036621,16.00479114046118,14.977051432021705,16.00479114046118,21310
BBOX,2013-11-18,13.769707679748535,14.92716120052034,13.190980919362632,14.827380330834123,82935
BBOX,2013-11-19,14.059070587158203,14.767512073680113,13.959289720827451,14.338455680671094,12695
BBOX,2013-11-20,13.6898832321167,14.368389904040118,13.320695540380793,14.009180489492426,18920
BBOX,2013-11-21,13.699860572814941,14.138895253771066,13.58012410116715,14.049092662140001,3740
BBOX,2013-11-22,13.739773750305176,13.899422379967078,13.600080723560565,13.689883315640607,31980
BBOX,2013-11-25,13.590102195739746,14.368389726782047,13.480344002766111,13.96926815998622,5080
BBOX,2013-11-26,13.360608100891113,13.889444437279723,13.071244714763656,13.570147170264852,9140
BBOX,2013-11-27,13.400519371032715,13.53023411505477,13.260826350182613,13.36060721530138,44230
BBOX,2013-11-28,12.712034225463867,14.35841288501849,12.372780406467852,13.380563586054626,63930
BBOX,2013-11-29,13.29076099395752,13.320695826164384,12.9415298491056,13.031332442564379,2700
BBOX,2013-12-02,13.570146560668945,14.148873306926388,13.380563103209616,13.490322247501082,9800
BBOX,2013-12-03,13.460387229919434,13.89942189784189,13.350629038729249,13.89942189784189,12635
BBOX,2013-12-04,13.350629806518555,13.919378300564787,13.350629806518555,13.570147153104136,3220
BBOX,2013-12-05,13.141090393066406,13.560168520302579,12.821793134822043,12.871682617737056,8880
BBOX,2013-12-06,13.181002616882324,13.570146866017643,13.041309589904824,13.550190311486187,4525
BBOX,2013-12-09,12.901617050170898,13.280783008394067,12.771902305127641,13.200957744722103,12695
BBOX,2013-12-10,12.682100296020508,12.991420233202868,12.372780358838147,12.57234209977175,16595
BBOX,2013-12-11,12.991419792175293,13.151068418237763,12.572341672970873,12.971463238127049,5535
BBOX,2013-12-12,12.791858673095703,13.270805525893502,12.57234227749509,13.190981209024022,13240
BBOX,2013-12-13,12.27299976348877,13.051287274857076,11.993614673794145,12.971462963515755,53135
BBOX,2013-12-16,12.083416938781738,12.5723420606506,12.073439613030828,12.562363783318787,1045
BBOX,2013-12-17,12.173219680786133,12.41269263019889,11.774098098431537,11.99361544451702,19345
BBOX,2013-12-18,12.003592491149902,12.672121839727497,11.873877742006993,11.97365861106489,21800
BBOX,2013-12-19,11.634405136108398,12.372780543525495,11.10556879853463,12.372780543525495,33815
BBOX,2013-12-20,11.84394359588623,12.123328690759616,11.574536778010684,12.123328690759616,21900
BBOX,2013-12-23,11.903812408447266,12.552385193578695,11.754141106937867,12.552385193578695,27180
BBOX,2013-12-24,11.883855819702148,12.442626964199148,11.73418547020912,12.442626964199148,8930
BBOX,2013-12-26,13.370585441589355,13.939334888564856,12.382758806983738,12.382758806983738,138870
BBOX,2013-12-27,13.2308931350708,14.468170976397065,13.08122182988367,14.148873714527294,49375
BBOX,2013-12-30,13.849532127380371,14.538017089743963,13.250848806696538,14.538017089743963,32775
BBOX,2013-12-31,13.949312210083008,14.468171220973305,13.590102784407284,14.15885127962241,24770
BBOX,2014-01-01,13.789663314819336,14.168829288295845,13.520256488569203,13.520256488569203,13315
BBOX,2014-01-02,13.600080490112305,14.358412419570305,13.500299622495929,13.93933429811093,22320
BBOX,2014-01-03,13.300739288330078,13.90939993693263,13.171024536677551,13.749751304615955,249550
BBOX,2014-01-06,15.954899787902832,15.954899787902832,12.771902642374508,12.771902642374508,782130
BBOX,2014-01-07,16.623428344726562,18.259827659787234,16.004790414811193,16.004790414811193,916175
BBOX,2014-01-08,16.03472328186035,16.96268207642973,15.835162506571464,16.96268207642973,136845
BBOX,2014-01-09,15.266414642333984,16.39393425526749,14.907204281510042,16.01476734036183,117605
BBOX,2014-01-10,14.288565635681152,15.366194834373257,14.168829163779906,15.16663404787118,77170
BBOX,2014-01-13,14.807424545288086,15.26641482734028,13.969268295316175,14.198762960551829,59410
BBOX,2014-01-14,14.378368377685547,15.066854287785116,14.268610181858195,14.947116863052313,24170
BBOX,2014-01-15,14.717621803283691,14.967073020288499,14.128916778899404,14.567951453713157,37155
BBOX,2014-01-16,14.148873329162598,14.967073016209504,14.069049015869284,14.398324546099422,17925
BBOX,2014-01-17,13.899422645568848,14.498105018241104,13.859510487390697,14.168829475376134,25255
BBOX,2014-01-20,13.7098388671875,13.929356207940536,13.610058949813132,13.869487496251203,21980
BBOX,2014-01-21,13.550189971923828,13.939334211307346,13.380563068980823,13.92935593429167,14210
BBOX,2014-01-22,13.580123901367188,13.879465551872995,13.44043182895712,13.869487274820598,6150
BBOX,2014-01-23,13.460387229919434,13.799641031973824,13.181002137702054,13.27080472666714,8245
BBOX,2014-01-24,13.24087142944336,14.278588483436785,13.21093659741886,14.278588483436785,12765
BBOX,2014-01-27,12.771903038024902,12.971463829704168,12.452604819757163,12.951507274745783,19030
BBOX,2014-01-28,12.731990814208984,13.370585344298371,11.973658858146926,12.173219648799861,6015
BBOX,2014-01-29,13.161046028137207,13.300739054751558,12.492517629946596,13.300739054751558,5790
BBOX,2014-01-30,12.29295539855957,12.78188049631476,12.093394619670134,12.78188049631476,6140
BBOX,2014-01-31,12.682100296020508,12.981441955840008,12.372780358838147,12.761924611761588,6175
BBOX,2014-02-03,13.051287651062012,13.071244205263019,12.44262702164451,12.44262702164451,3825
BBOX,2014-02-04,12.771903038024902,12.971463829704168,12.592297849723106,12.602276127202298,5755
BBOX,2014-02-05,12.153264045715332,12.971463763195626,11.983637135762454,12.961485485767595,21325
BBOX,2014-02-06,11.913789749145508,12.073439327942003,11.794053278733795,12.033527171138099,30695
BBOX,2014-02-07,10.965875625610352,12.382758660123127,10.846139151767415,12.382758660123127,148940
BBOX,2014-02-10,9.808422088623047,11.205348567670168,9.608861298985016,10.97585389748166,212300
BBOX,2014-02-11,9.648773193359375,10.05787303883813,8.780683068459874,9.628816639150227,299890
BBOX,2014-02-12,10.686490058898926,11.574536724394626,9.708640804000407,9.878267705854427,921995
BBOX,2014-02-13,10.317302703857422,11.175414565773778,10.127719242074166,10.776292990831495,196615
BBOX,2014-02-14,10.217521667480469,10.536819873801088,10.027939160373968,10.357214692219545,53030
BBOX,2014-02-17,9.499102592468262,10.177609240801099,9.379365173534554,9.778487682958254,94650
BBOX,2014-02-18,9.75853157043457,10.047894950847244,9.519058624902888,9.968070635670015,30045
BBOX,2014-02-19,9.658751487731934,10.047894779697252,9.578927173914387,9.818400115367027,22380
BBOX,2014-02-20,9.55897045135498,9.73857563007241,9.389343549584268,9.578927005248413,25585
BBOX,2014-02-21,9.489124298095703,9.958091889799409,9.439233865562308,9.439233865562308,22365
BBOX,2014-02-24,9.519058227539062,9.978048496438467,9.479146071616544,9.578926937213271,30595
BBOX,2014-02-25,9.578927040100098,9.97804860361224,9.479146173431628,9.529036606765862,25510
BBOX,2014-02-26,9.459189414978027,9.678706745954642,9.37936510400123,9.47914596851265,36115
BBOX,2014-02-28,9.449212074279785,9.728597162239936,9.17980431148972,9.17980431148972,27975
BBOX,2014-03-03,9.678707122802734,9.718619279845145,9.359409866463459,9.359409866463459,4150
BBOX,2014-03-04,9.399322509765625,9.718619782623264,9.219717317992735,9.38934423209359,42470
BBOX,2014-03-05,9.708641052246094,9.788466318319257,9.429255951523134,9.678707172206714,18565
BBOX,2014-03-06,9.848334312438965,10.077829935743774,9.678707402216558,9.77848827349359,55045
BBOX,2014-03-07,9.888246536254883,9.978049130683985,9.598883149528284,9.79844394182578,33800
BBOX,2014-03-10,9.918180465698242,9.998005734588457,9.68868579132926,9.978049179470673,6030
BBOX,2014-03-11,9.748554229736328,10.057873212677334,9.608861202600487,10.057873212677334,19570
BBOX,2014-03-12,9.349431991577148,9.728597975584512,9.189783356538452,9.58890494413519,87270
BBOX,2014-03-13,9.349431991577148,9.60886149930549,9.239673792883277,9.25962939647265,34165
BBOX,2014-03-14,9.349431991577148,9.548992785375518,9.249652070468427,9.548992785375518,11080
BBOX,2014-03-18,9.519058227539062,9.958091942686778,9.030134079592983,9.030134079592983,28470
BBOX,2014-03-19,9.529036521911621,9.55897040101326,9.339453067245907,9.339453067245907,15875
BBOX,2014-03-20,9.409299850463867,9.768509246658803,9.179804244764806,9.768509246658803,20190
BBOX,2014-03-21,9.808422088623047,9.848334246550653,9.389343954592729,9.6787073374631,41335
BBOX,2014-03-24,9.778488159179688,9.98802722514714,9.57892737053947,9.908202909691054,55855
BBOX,2014-03-25,9.479146003723145,9.878267560089673,9.279585225539881,9.878267560089673,34260
BBOX,2014-03-26,9.658751487731934,9.878267874939745,9.399321992034467,9.40930026915688,50865
BBOX,2014-03-27,9.748554229736328,9.878268028014237,9.56894904507323,9.56894904507323,17990
BBOX,2014-03-28,9.718619346618652,9.838355818568552,9.57892727180088,9.648773309209767,11290
BBOX,2014-03-31,9.698663711547852,9.818400183100184,9.539015082811407,9.778488025916074,12930
BBOX,2014-04-01,9.778488159179688,9.798443762253259,9.57892737053947,9.778488159179688,16660
BBOX,2014-04-02,11.22530460357666,11.544601852239188,9.778487756098508,9.778487756098508,166605
BBOX,2014-04-03,10.57673168182373,11.364997467151175,10.516862972744054,10.975853237085406,68815
BBOX,2014-04-04,10.62662124633789,10.726402111730517,10.337257878596303,10.536819609381554,21590
BBOX,2014-04-07,10.277390480041504,10.67651205240819,10.217521768396056,10.516863423461515,14905
BBOX,2014-04-09,10.466973304748535,10.656556771027015,9.778488333753169,9.778488333753169,57510
BBOX,2014-04-10,10.726402282714844,11.374975063362927,10.437038910360654,10.666533572208758,32520
BBOX,2014-04-11,10.836160659790039,11.185392748601558,10.377170376691334,10.516863402532117,46945
BBOX,2014-04-15,10.846138954162598,11.734185641794602,10.576732130819515,10.576732130819515,28140
BBOX,2014-04-16,10.476951599121094,11.275195720798884,10.427061163094809,11.065656650753226,17100
BBOX,2014-04-17,10.666533470153809,10.84613864837277,10.397126654406227,10.576731832625189,13050
BBOX,2014-04-21,10.846138954162598,11.674316930173422,10.207543487053876,10.377170393136177,58335
BBOX,2014-04-22,11.025744438171387,11.135502635626155,10.776293210844345,10.975854002389795,27445
BBOX,2014-04-23,10.985832214355469,11.374975517653464,10.816205304658066,10.925963501458364,32015
BBOX,2014-04-24,10.985832214355469,10.985832214355469,10.985832214355469,10.985832214355469,0
BBOX,2014-04-25,11.065656661987305,11.275195732245692,10.856117591728918,10.975854067365008,22185
BBOX,2014-04-28,10.766314506530762,11.374975134508665,10.506885012016555,11.075634434848602,23930
BBOX,2014-04-29,10.676511764526367,11.095589880001796,10.476950983723988,11.095589880001796,10835
BBOX,2014-04-30,10.52684211730957,10.776293347807044,10.287369164411418,10.397127363261173,17385
BBOX,2014-05-02,10.60666561126709,11.17541406812849,10.057872756473726,10.377170002209128,32390
BBOX,2014-05-05,10.37717056274414,10.596687906835143,10.237478485979699,10.586709629471711,14055
BBOX,2014-05-06,10.337258338928223,10.397127051146004,10.087807115919118,10.397127051146004,5690
BBOX,2014-05-07,10.307324409484863,10.377170447088638,9.998005427313096,10.337258289660639,30515
BBOX,2014-05-08,10.237478256225586,10.736380694229785,9.97804876008399,10.716424139950794,23905
BBOX,2014-05-09,10.536820411682129,10.846139405106072,10.177610030182159,10.227500466677258,12290
BBOX,2014-05-12,10.297346115112305,11.494712739123319,10.177609643027381,10.42706086443286,24530
BBOX,2014-05-13,10.247456550598145,10.556775529795633,9.81840014868711,9.978048776863993,27010
BBOX,2014-05-14,10.247453689575195,10.616644234645847,10.037917482068886,10.187587832997766,65325
BBOX,2014-05-15,10.466973304748535,10.975854038551716,10.087807323772493,10.087807323772493,24280
BBOX,2014-05-16,10.427061080932617,10.975853969735578,10.187588131790532,10.975853969735578,28635
BBOX,2014-05-19,10.866095542907715,10.985832014947635,10.27739050835911,10.377170425935264,29580
BBOX,2014-05-20,11.135501861572266,11.355019192803573,10.866095049608214,10.866095049608214,46475
BBOX,2014-05-21,13.360608100891113,13.360608100891113,11.13550265453371,11.175414812910569,279695
BBOX,2014-05-22,15.056876182556152,15.89503245578025,13.769707891985119,13.769707891985119,346540
BBOX,2014-05-23,14.488127708435059,15.57573425788995,13.9692686999633,14.867292735757145,210910
BBOX,2014-05-26,13.360608100891113,15.166634456920123,13.280783784137395,14.75753459566209,80345
BBOX,2014-05-27,12.831769943237305,13.65994788711234,12.41269183289321,13.171023742237844,46360
BBOX,2014-05-28,12.801836967468262,13.320695979384489,12.69207876952333,13.320695979384489,14525
BBOX,2014-05-29,12.562363624572754,13.310717286545737,12.502494912919323,13.091199945924346,18930
BBOX,2014-05-30,12.47256088256836,13.70983869373973,12.193175785241474,13.70983869373973,61385
BBOX,2014-06-02,12.362802505493164,12.652165875601678,11.993614823049946,12.372779830849353,31315
BBOX,2014-06-03,12.19317626953125,12.572342249610784,11.893834606144152,12.362803180397908,112275
BBOX,2014-06-04,12.89163875579834,13.091199535755726,12.372779776328276,12.472560642097399,124315
BBOX,2014-06-05,14.178807258605957,14.178807258605957,12.9315511695364,13.370584894193298,111480
BBOX,2014-06-06,14.248653411865234,15.166633977070363,13.969268312066552,15.166633977070363,202340
BBOX,2014-06-09,14.518061637878418,15.056876251477286,14.248653855288527,14.567952073718871,145980
BBOX,2014-06-10,15.96487808227539,15.96487808227539,14.30852213349226,14.567951630708649,222745
BBOX,2014-06-11,16.18439483642578,16.763121603857083,15.765317652752172,16.244264500863437,431555
BBOX,2014-06-12,15.635602951049805,15.944921938983017,15.426063882754667,15.426063882754667,58390
BBOX,2014-06-13,15.016963958740234,16.144483611688692,14.867292652558227,15.166634313341333,61710
BBOX,2014-06-16,14.92716121673584,14.967073374337504,14.398324890618566,14.767512586329184,41645
BBOX,2014-06-17,14.807424545288086,15.086809644751762,14.448214180111046,15.086809644751762,26200
BBOX,2014-06-18,14.887248992919922,15.465975751360489,14.368389994825128,14.488127418678461,43085
BBOX,2014-06-19,14.587906837463379,15.246457888226244,14.567951235224342,14.887248483695824,16615
BBOX,2014-06-20,15.116743087768555,15.166633520554695,14.488126870038087,14.49810419533063,33390
BBOX,2014-06-23,15.056876182556152,15.765317703821196,14.927161430597097,15.166634379638008,50065
BBOX,2014-06-24,15.016963958740234,15.66553676411954,14.76751273335113,15.006985681345252,81515
BBOX,2014-06-25,14.787467956542969,15.36619470844675,14.5879071716763,15.36619470844675,31130
BBOX,2014-06-26,14.637797355651855,14.967072882950292,14.567951320037297,14.767512101493795,28600
BBOX,2014-06-27,14.528039932250977,14.987030229671046,14.39832517954738,14.637798129962828,50330
BBOX,2014-06-30,15.116743087768555,15.136699641515355,14.468170316291289,14.927160585078246,56770
BBOX,2014-07-01,14.4781494140625,15.166634380488976,14.408302423569298,15.116743944874091,109660
BBOX,2014-07-02,14.30852222442627,14.93713941710058,14.10896143744575,14.657753363746957,64780
BBOX,2014-07-03,14.30852222442627,14.438236973858832,14.198763077901313,14.388346539218478,61415
BBOX,2014-07-04,14.168828964233398,14.468170615561185,14.148873361654681,14.308521988607934,31335
BBOX,2014-07-07,14.148873329162598,14.76751223297622,14.009180305108861,14.76751223297622,42930
BBOX,2014-07-08,13.789663314819336,14.168829288295845,13.769707711784203,14.168829288295845,25085
BBOX,2014-07-09,13.320695877075195,13.889444369046638,13.19098112509241,13.340651480375133,36285
BBOX,2014-07-10,13.600080490112305,13.949311623607866,13.171024091575116,13.32069539299968,6380
BBOX,2014-07-11,13.06126594543457,14.148873409724791,12.971463354573046,12.971463354573046,70400
BBOX,2014-07-14,12.971463203430176,13.210936141883323,12.722011987979595,12.971463203430176,24370
BBOX,2014-07-15,13.031332015991211,13.33067271561385,12.971463305118156,12.971463305118156,20220
BBOX,2014-07-16,13.09119987487793,13.659948350384894,12.891639089751003,12.891639089751003,5650
BBOX,2014-07-17,13.161046028137207,13.51027811888264,12.9714635184857,13.111156545100053,37190
BBOX,2014-07-18,13.131112098693848,13.171024255922243,12.971463469780263,13.171024255922243,23370
BBOX,2014-07-21,13.270805358886719,13.36060795212999,13.081221895021832,13.11115672715686,25700
BBOX,2014-07-22,13.460387229919434,13.769707152845749,13.240870847539066,13.310716882698195,24205
BBOX,2014-07-23,13.071244239807129,13.450409254819496,12.90161733497381,13.370584940966273,12250
BBOX,2014-07-24,12.9215726852417,13.490322099812284,12.801836216800751,13.490322099812284,9870
BBOX,2014-07-25,12.981441497802734,13.350629182974032,12.702055450985911,12.702055450985911,21865
BBOX,2014-07-28,12.652166366577148,12.741968959333752,12.482539458388207,12.552385496496276,31715
BBOX,2014-07-30,12.771903038024902,12.91159511640993,12.572342246345636,12.572342246345636,7605
BBOX,2014-07-31,12.582319259643555,13.15106869127536,12.562363656761871,13.15106869127536,31110
BBOX,2014-08-01,12.522451400756836,12.57234183493931,12.482539243727032,12.57234183493931,15755
BBOX,2014-08-04,12.722012519836426,13.370585326489842,12.47256129395728,13.370585326489842,5730
BBOX,2014-08-05,12.821793556213379,13.05128823022369,12.672122247806682,12.682100525349979,28650
BBOX,2014-08-06,12.67212200164795,12.891639345431713,12.492517767262054,12.492517767262054,21580
BBOX,2014-08-07,12.632209777832031,12.771902805252015,12.622231500534697,12.632209777832031,17255
BBOX,2014-08-08,12.402714729309082,12.741968534372406,12.05348264725428,12.652165944610836,26170
BBOX,2014-08-11,12.322890281677246,12.572341494249006,12.213131139133923,12.482538905470236,29060
BBOX,2014-08-12,12.183197975158691,12.552385677244603,12.133307539399858,12.372780489145164,14415
BBOX,2014-08-13,11.814009666442871,12.263021662054523,11.77409751020141,12.003592170694594,12380
BBOX,2014-08-14,11.814009666442871,11.953701737497552,11.604470608279984,11.654361041477026,21335
BBOX,2014-08-18,12.243066787719727,12.472561461859092,11.893834686155303,11.973659003384729,9660
BBOX,2014-08-19,12.452604293823242,12.572341715354625,12.273000064687919,12.372779980522903,14445
BBOX,2014-08-20,12.243066787719727,12.771903127259893,12.043505043065243,12.771903127259893,28455
BBOX,2014-08-21,12.302933692932129,12.512472748959864,12.093394636904392,12.223109381262596,11340
BBOX,2014-08-22,11.943724632263184,12.602275698175786,11.873877643867596,12.253043610940493,61390
BBOX,2014-08-25,11.734185218811035,12.512472732346005,11.584513920943753,12.17321893241052,70260
BBOX,2014-08-26,11.764119148254395,12.01357036085655,11.684294836348172,11.704250438534299,9280
BBOX,2014-08-27,11.883855819702148,12.432648687144713,11.594492446189651,12.432648687144713,12015
BBOX,2014-08-28,11.804031372070312,12.372779835567155,11.704250505823454,12.173219054654304,13300
BBOX,2014-09-01,11.82398796081543,12.093394777946918,11.694273214944392,11.694273214944392,5015
BBOX,2014-09-02,12.04350471496582,12.73199062178944,11.6842952972193,11.933746519660719,34330
BBOX,2014-09-03,12.312911987304688,12.971463035305733,12.073439051955372,12.073439051955372,113610
BBOX,2014-09-04,12.143285751342773,12.312912661058956,11.973658841626591,12.312912661058956,15755
BBOX,2014-09-05,12.29295539855957,12.592297042684153,11.973658152336473,12.372779710115346,38815
BBOX,2014-09-08,12.362802505493164,12.392736384723461,12.033526979217298,12.113351291552,38290
BBOX,2014-09-09,12.113351821899414,12.53242995579514,11.853922319662841,12.53242995579514,15700
BBOX,2014-09-10,12.233088493347168,12.472561444706104,11.983637264453046,12.003592867942496,10080
BBOX,2014-09-11,12.342845916748047,12.572341527747595,12.093394703511633,12.173219015620816,15135
BBOX,2014-09-12,12.81181526184082,12.971463896000182,12.342846685312002,12.342846685312002,33125
BBOX,2014-09-15,12.382758140563965,12.951506605349435,12.19317563616243,12.941529279966835,30235
BBOX,2014-09-16,12.452604293823242,12.911594571090623,12.22310963097999,12.911594571090623,17445
BBOX,2014-09-17,12.722012519836426,12.87168287473155,11.97365884219899,12.771902955328438,39375
BBOX,2014-09-18,12.761924743652344,12.891639495967388,12.183197972758094,12.183197972758094,29225
BBOX,2014-09-19,13.719817161560059,14.88724895252473,12.632209685227082,12.811814868938844,194100
BBOX,2014-09-22,14.208741188049316,14.627819311570454,13.749750907601445,13.749750907601445,61795
BBOX,2014-09-23,13.121133804321289,14.607863800190515,12.971463452805885,14.328477748376457,58810
BBOX,2014-09-24,12.682100296020508,13.560168720753285,12.27300043995225,13.320695773530048,35975
BBOX,2014-09-25,13.111156463623047,13.37058500917911,12.572341866574478,12.572341866574478,116000
BBOX,2014-09-26,13.320695877075195,13.93933480466785,12.37278045501491,12.37278045501491,30965
BBOX,2014-09-29,12.971463203430176,13.729795126779349,12.971463203430176,13.171023985474466,8045
BBOX,2014-09-30,12.961484909057617,13.849531577440352,12.911594475718205,13.849531577440352,4105
BBOX,2014-10-01,12.9215726852417,13.520255979027306,12.781880614517691,12.781880614517691,10870
BBOX,2014-10-07,12.991419792175293,13.141090141213642,12.901617202119937,12.971463238127049,7895
BBOX,2014-10-08,13.989224433898926,14.368389438969487,12.941529152570121,13.6998601142921,44265
BBOX,2014-10-09,14.917182922363281,15.066854226883853,14.069049336403623,14.069049336403623,84055
BBOX,2014-10-10,14.55797290802002,14.767511964500738,14.298543418742776,14.368389453709398,36905
BBOX,2014-10-13,14.27858829498291,14.89722720827735,14.04909267706189,14.298543897821627,17085
BBOX,2014-10-14,14.10896110534668,14.717621729205735,13.979246358967364,14.17880714125059,28440
BBOX,2014-10-15,14.10896110534668,14.10896110534668,14.10896110534668,14.10896110534668,0
BBOX,2014-10-16,13.639992713928223,14.228697742282337,13.610058834128438,14.108961271502313,17640
BBOX,2014-10-17,13.49032211303711,14.208740924387081,13.190980465850856,14.208740924387081,9100
BBOX,2014-10-20,13.610058784484863,14.128916822639066,13.390541446398416,14.128916822639066,4570
BBOX,2014-10-21,13.280783653259277,13.929356458386975,13.190981059901093,13.929356458386975,9405
BBOX,2014-10-22,13.280783653259277,13.570147036535145,13.23089321788463,13.430454007802313,1620
BBOX,2014-10-27,13.350629806518555,13.759729667259242,13.20095849910892,13.630014914803258,4075
BBOX,2014-10-28,13.340651512145996,13.889444402124456,13.03133252340348,13.081222007562591,2195
BBOX,2014-10-29,13.370585441589355,13.969268769485382,13.370585441589355,13.550190630274347,43440
BBOX,2014-10-30,13.270805358886719,13.370585277927427,13.171024488265104,13.171024488265104,5740
BBOX,2014-10-31,13.2308931350708,13.829575501076622,13.17102442267977,13.829575501076622,7495
BBOX,2014-11-03,13.270805358886719,13.540212187035628,12.971463698602781,13.171024488265104,19000
BBOX,2014-11-05,13.87946605682373,14.268610311796877,13.270805408196829,13.270805408196829,38815
BBOX,2014-11-07,14.298543930053711,14.767512492581824,13.669926738132427,13.669926738132427,26340
BBOX,2014-11-10,14.298543930053711,14.767512492581824,14.298543930053711,14.298543930053711,37175
BBOX,2014-11-11,17.152265548706055,17.152265548706055,14.587906490307093,14.587906490307093,327740
BBOX,2014-11-12,19.347436904907227,20.41508787115395,17.661147950350184,18.140093858041112,2035420
BBOX,2014-11-13,17.780881881713867,19.357413447238756,17.491519468776367,19.167829995420725,298365
BBOX,2014-11-14,18.140092849731445,18.519257863120565,17.55138782389858,17.960487668540164,84935
BBOX,2014-11-17,17.681100845336914,18.94831343210155,17.232089815184604,18.94831343210155,41465
BBOX,2014-11-18,18.120136260986328,19.347435792569154,17.561366067472168,17.561366067472168,108215
BBOX,2014-11-19,17.611255645751953,18.34963102414446,17.46158529528189,18.229895505033117,83275
BBOX,2014-11-20,16.892837524414062,17.611256378456773,16.763121819624644,17.561366893945053,71145
BBOX,2014-11-21,16.98263931274414,17.541409506025232,16.174415999262738,16.89283672235732,56805
BBOX,2014-11-24,16.48373794555664,17.122332493495843,16.2043518792523,16.2043518792523,23380
BBOX,2014-11-25,16.42386817932129,16.962683753235886,15.505888522247686,16.962683753235886,42010
BBOX,2014-11-26,16.633407592773438,17.042507445429028,16.264218946074546,16.723210185128252,10540
BBOX,2014-11-27,17.431650161743164,17.84075000074503,16.34404271566649,16.633407037632637,45680
BBOX,2014-11-28,17.830774307250977,18.638995739143873,17.36180478867711,17.36180478867711,68360
BBOX,2014-12-01,17.521453857421875,18.050291150012466,17.23209142034684,17.23209142034684,63265
BBOX,2014-12-02,17.44162940979004,18.16005016465087,16.693275725584567,17.581323391658444,51140
BBOX,2014-12-03,18.479347229003906,18.758731383346902,17.561366643673036,17.561366643673036,93195
BBOX,2014-12-04,18.758731842041016,19.137898779580603,18.040312980669704,18.13011557623635,42650
BBOX,2014-12-05,18.758731842041016,18.758731842041016,18.758731842041016,18.758731842041016,0
BBOX,2014-12-08,17.85072898864746,18.259828843942884,17.361804817761758,17.760926395713167,25370
BBOX,2014-12-09,17.780881881713867,18.38954344098341,17.321892570446906,17.321892570446906,32590
BBOX,2014-12-10,17.092397689819336,17.721015864296504,16.96268388573144,17.30193771569902,24935
BBOX,2014-12-11,16.763120651245117,17.50149791205464,16.48373651239345,17.481541358376173,22160
BBOX,2014-12-12,16.5535831451416,17.36180456670114,16.40391279346936,17.36180456670114,14865
BBOX,2014-12-15,16.074636459350586,16.66334146273325,16.004790425586826,16.563560598858587,20595
BBOX,2014-12-16,15.076831817626953,16.014768012471013,15.026942333490638,15.9648785283347,53955
BBOX,2014-12-17,16.114547729492188,16.324087734809712,14.627818751426666,15.765316607651618,31725
BBOX,2014-12-18,16.64338493347168,16.77309872448375,15.565755789017627,15.605667944309229,29705
BBOX,2014-12-19,16.67331886291504,17.341848217928998,16.4637807487217,17.142288381053692,38985
BBOX,2014-12-22,16.523649215698242,16.82299183854797,16.264219703826562,16.82299183854797,4930
BBOX,2014-12-23,16.743165969848633,17.052484938647517,16.363999063303943,16.363999063303943,12050
BBOX,2014-12-24,16.224308013916016,16.643386150923508,15.974856787201123,16.563561834501215,13970
BBOX,2014-12-26,16.064659118652344,16.314110341292405,15.934944368689804,16.164439988340725,8760
BBOX,2014-12-29,16.36400032043457,16.92277054319544,16.044703050285502,16.92277054319544,5240
BBOX,2014-12-30,16.09459114074707,16.71323097543801,15.92496519436118,16.443823213403487,5235
BBOX,2014-12-31,16.08461570739746,16.413891245855485,15.885053967596685,16.403912968549268,23285
BBOX,2015-01-01,16.234285354614258,16.234285354614258,15.705448099355365,15.705448099355365,18015
BBOX,2015-01-02,16.044702529907227,16.653364120864307,15.964878214958903,16.653364120864307,29685
BBOX,2015-01-05,16.21432876586914,16.563560842997127,15.974855830937248,16.413890496559905,42385
BBOX,2015-01-06,15.585712432861328,16.08461583473196,15.376173365676408,15.56575682967181,17185
BBOX,2015-01-07,15.485932350158691,16.11454859349185,14.587907378175368,15.306327165445847,8880
BBOX,2015-01-08,15.705448150634766,16.35402092415485,15.67551427150114,15.67551427150114,7695
BBOX,2015-01-09,15.615646362304688,16.234286239991157,15.575734204219842,16.234286239991157,33000
BBOX,2015-01-12,15.306326866149902,15.924965771687454,14.987029612086877,14.987029612086877,19820
BBOX,2015-01-13,15.306326866149902,15.765317144655942,15.126721684949013,15.126721684949013,12935
BBOX,2015-01-14,15.246458053588867,15.84514135254706,15.196567620078872,15.84514135254706,9040
BBOX,2015-01-15,15.34623908996582,15.775295490673505,15.106766148372133,15.106766148372133,27170
BBOX,2015-01-16,15.056876182556152,15.465976041729602,14.967073588770582,15.176612657076607,27750
BBOX,2015-01-19,15.17661190032959,15.396129235128484,15.12672146720518,15.26641448963736,16135
BBOX,2015-01-20,15.19656753540039,15.585711772712909,14.967072874746428,14.967072874746428,62815
BBOX,2015-01-21,15.416085243225098,15.595690426568355,14.96707323644784,14.96707323644784,4665
BBOX,2015-01-22,18.45939064025879,18.499303749755395,15.226502994344235,15.266415152259937,350860
BBOX,2015-01-23,18.189983367919922,19.337458653682535,17.222113273577207,19.337458653682535,316010
BBOX,2015-01-27,18.299741744995117,18.559171243500646,17.870685339896042,18.18000432139188,32190
BBOX,2015-01-28,17.681100845336914,18.329675505270814,17.5613653318943,17.760925155352545,42575
BBOX,2015-01-29,17.45160675048828,17.960487456810657,17.082420018535522,17.082420018535522,16980
BBOX,2015-01-30,17.22211265563965,17.94053149238016,17.182199546462055,17.45160732392542,9815
BBOX,2015-02-02,17.092397689819336,17.721015864296504,16.294154503520254,17.07244303753327,30785
BBOX,2015-02-03,17.431650161743164,18.359608982997734,17.162244296831943,17.561365858887207,13730
BBOX,2015-02-04,19.287569046020508,20.50489036445282,16.932748823544312,17.092397458644882,192110
BBOX,2015-02-05,18.160049438476562,19.866294856718934,18.090201498754485,19.866294856718934,26500
BBOX,2015-02-06,17.69108009338379,19.127919655722295,17.48154198177285,18.16004960574275,20340
BBOX,2015-02-09,17.75094985961914,17.84075054857253,16.92276997607656,16.92276997607656,22925
BBOX,2015-02-10,17.192176818847656,18.948313553615183,16.693274402260123,17.66114630846342,35225
BBOX,2015-02-11,18.070247650146484,18.75873167238144,17.361805169657178,17.361805169657178,48725
BBOX,2015-02-12,20.215526580810547,20.76431848952795,17.770903925989277,18.629016709882116,289250
BBOX,2015-02-13,21.173418045043945,21.452804085717077,19.756535094418954,20.165634927056438,217160
BBOX,2015-02-16,20.804231643676758,21.193374928793894,20.295350938359572,20.993815099342783,96545
BBOX,2015-02-18,21.283178329467773,21.552586107816406,20.46497862025649,20.953902790317823,90490
BBOX,2015-02-19,22.650171279907227,23.348633546074044,21.213331736147698,21.712234170479032,195120
BBOX,2015-02-20,22.17122459411621,23.508283336567224,21.97166475240167,22.620237568507164,103300
BBOX,2015-02-23,22.051488876342773,23.348634497178654,21.313113471834154,23.348634497178654,76790
BBOX,2015-02-24,21.422870635986328,22.939534549107968,21.35302459710709,21.89184015959576,38700
BBOX,2015-02-25,20.943923950195312,22.171223481032822,20.594691865775392,22.171223481032822,21560
BBOX,2015-02-26,19.956096649169922,21.35302303397948,19.55697509681886,20.754339753872046,27525
BBOX,2015-02-27,20.694473266601562,20.913989658073525,19.93614131902323,20.74436465318278,28850
BBOX,2015-03-02,20.12572479248047,20.85412190849994,19.75653614422904,19.75653614422904,20895
BBOX,2015-03-03,22.3907413482666,22.93953325404558,19.55697542437004,21.692277192582715,302245
BBOX,2015-03-04,22.01157569885254,24.78547402334851,21.552586355498075,22.470566945368827,232485
BBOX,2015-03-05,21.941728591918945,24.506086771640753,21.27319926114946,21.27319926114946,71340
BBOX,2015-03-09,20.225505828857422,22.729996362316633,19.956098048444584,22.290961672365544,113130
BBOX,2015-03-10,20.814210891723633,21.422870588582906,19.986032898116125,20.7742977820742,79010
BBOX,2015-03-11,20.60466957092285,20.93394509208516,20.155658534698812,20.185591461883398,24195
BBOX,2015-03-12,20.56475830078125,21.153463306898523,20.35521829535495,21.14348503014854,33250
BBOX,2015-03-13,20.115745544433594,21.41289108305445,19.69666743295949,21.41289108305445,47025
BBOX,2015-03-16,19.826383590698242,21.452804690291998,19.457194951660185,19.756535651190255,219735
BBOX,2015-03-17,19.457195281982422,20.724407944285748,19.24765716938642,20.195570669432083,34090
BBOX,2015-03-18,19.626821517944336,19.956097043027828,19.01815994912024,19.626821517944336,17580
BBOX,2015-03-19,19.207744598388672,20.035922601049865,19.058074241890736,19.437239271896292,14280
BBOX,2015-03-20,19.217721939086914,19.75653557684582,18.44941173584602,19.716624371867482,94545
BBOX,2015-03-23,18.509279251098633,20.405109993223174,18.180003725926994,19.50708410351714,27565
BBOX,2015-03-24,19.307525634765625,19.517063755013723,17.990423441315144,18.94831525358391,62800
BBOX,2015-03-25,19.187788009643555,19.71662529838001,18.758731592784407,19.71662529838001,41810
BBOX,2015-03-26,18.539215087890625,18.95829322477529,18.199961267404856,18.95829322477529,10040
BBOX,2015-03-27,18.259828567504883,18.738776356957526,18.040312178745346,18.369587713465542,163875
BBOX,2015-03-30,18.70884132385254,18.958292541503905,18.21991716563527,18.36958751559374,7375
BBOX,2015-03-31,18.2398738861084,19.157854451561597,18.060268703255982,19.157854451561597,10950
BBOX,2015-04-01,18.559171676635742,18.70884203226147,18.239874410457706,18.34963165623026,12265
BBOX,2015-04-06,18.92835807800293,19.367392762484545,18.359609595213588,18.399522704330913,14835
BBOX,2015-04-07,18.429454803466797,19.28756757924629,18.27978445733732,18.7886651567069,39405
BBOX,2015-04-08,18.698863983154297,18.94831521329749,18.59908311046465,18.878469173363293,11330
BBOX,2015-04-09,18.968271255493164,19.34743627766553,18.539214846744304,18.758731238195484,27310
BBOX,2015-04-10,21.113550186157227,21.752144672447116,18.908402411211394,18.938335338280176,95910
BBOX,2015-04-13,21.25324249267578,22.141290101192272,20.764318345729798,21.732190265928047,73215
BBOX,2015-04-15,21.911794662475586,24.20674707143936,20.953902873217594,20.953902873217594,211115
BBOX,2015-04-16,21.283178329467773,22.300939778899185,21.01377055111914,22.300939778899185,29085
BBOX,2015-04-17,20.65456199645996,21.71223464759915,20.355219387386143,21.71223464759915,22050
BBOX,2015-04-20,20.175613403320312,21.851925857609093,19.75653528974812,20.355218581017215,29765
BBOX,2015-04-21,20.12572479248047,20.78427587041065,19.38734939913941,20.554781201499605,34255
BBOX,2015-04-22,20.484935760498047,20.953903389311026,19.996011576460212,20.03592278374807,18220
BBOX,2015-04-23,20.425065994262695,20.904013801491907,20.075835795356397,20.78427637389414,8975
BBOX,2015-04-24,19.347436904907227,19.95609851874061,18.998206703358754,19.95609851874061,21170
BBOX,2015-04-27,18.808622360229492,19.916184482384676,18.180004220339736,19.177809099893963,25670
BBOX,2015-04-28,18.83855438232422,19.556975079065655,18.369586796632646,19.556975079065655,5140
BBOX,2015-04-29,19.33745765686035,19.556975947574042,18.96827091856112,19.556975947574042,23300
BBOX,2015-04-30,19.556976318359375,19.726603226598787,18.609060907051763,18.609060907051763,26415
BBOX,2015-05-04,19.576932907104492,20.355219508366176,19.35741461184664,20.355219508366176,6380
BBOX,2015-05-05,20.155658721923828,20.74436373540394,19.5769319853185,20.155658721923828,51300
BBOX,2015-05-06,20.96388053894043,21.512672455962665,20.39513206776712,20.73438587568835,58255
BBOX,2015-05-07,20.89403533935547,21.95170801061812,20.05587906306074,21.95170801061812,80900
BBOX,2015-05-08,20.684494018554688,21.512671965318244,20.395131602610697,20.95390178396447,46955
BBOX,2015-05-11,21.492717742919922,21.702255851415956,20.614648394425387,20.614648394425387,15625
BBOX,2015-05-12,20.584712982177734,21.35302316463058,20.355218326066893,21.15346333881486,18685
BBOX,2015-05-13,20.78427505493164,21.153463688697812,20.375175216606863,20.385153493536947,24070
BBOX,2015-05-14,20.814210891723633,21.053683840134763,19.95609806587905,20.554781388487786,11015
BBOX,2015-05-15,21.15346336364746,21.652365783514977,20.724406978055523,20.94392335765902,23635
BBOX,2015-05-18,20.804231643676758,21.353023553619472,20.754340258942683,20.953901991555522,6235
BBOX,2015-05-19,21.313112258911133,21.742168650002064,20.953901902990967,21.15346363476033,26080
BBOX,2015-05-20,25.57373809814453,25.57373809814453,21.54260739447752,21.54260739447752,654890
BBOX,2015-05-21,26.98064422607422,29.395330151124277,25.942926262073644,26.342047823934738,1578360
BBOX,2015-05-22,24.91518783569336,27.14029422408491,24.585912292601794,26.940732481475916,240545
BBOX,2015-05-25,24.605867385864258,26.29215811094005,24.545999627902535,24.79545083976504,66060
BBOX,2015-05-26,24.116943359375,24.955099587669675,23.61804093315968,24.945121310765963,70600
BBOX,2015-05-27,28.796649932861328,28.93634200941223,23.75773406173901,24.11694443362625,781410
BBOX,2015-05-28,26.232290267944336,31.430852592789716,24.44621868328089,29.11594565871552,2125320
BBOX,2015-05-29,24.027141571044922,25.942927027676753,23.737779143841887,25.523848899564733,441835
BBOX,2015-06-01,23.6579532623291,25.68349789419738,23.32867772149946,23.66793153970719,184645
BBOX,2015-06-02,23.348634719848633,24.94512297059936,22.829775705301323,23.947318051775387,206250
BBOX,2015-06-03,21.313112258911133,23.338654891510092,20.295350852578473,23.14907333980709,175130
BBOX,2015-06-04,21.382959365844727,21.95170785578415,20.95390295324851,20.95390295324851,96340
BBOX,2015-06-05,21.133506774902344,22.90959816864967,20.614647802345324,20.75433987066387,101505
BBOX,2015-06-08,20.34524154663086,22.151269807624065,20.205549467962904,22.071445490790683,90960
BBOX,2015-06-09,20.24546241760254,20.65456227602849,19.76651461723402,19.76651461723402,51850
BBOX,2015-06-10,20.96388053894043,22.151268866664733,19.776492211216127,19.95609739225228,99105
BBOX,2015-06-11,20.155658721923828,21.95170668982679,20.015964748838602,21.95170668982679,66845
BBOX,2015-06-12,20.13570213317871,20.704450591920782,19.966075232925665,19.966075232925665,54690
BBOX,2015-06-15,20.10576820373535,21.552586059160525,19.776492665328753,20.65456203652088,52325
BBOX,2015-06-16,20.544801712036133,20.754339813941275,19.80642636225917,19.9860315371274,58605
BBOX,2015-06-17,20.3552188873291,21.153463922087383,20.045899911730665,21.153463922087383,64955
BBOX,2015-06-18,20.574737548828125,20.933946012976723,20.085811480805983,20.35521925628877,34680
BBOX,2015-06-19,20.804231643676758,21.313112348993943,20.355218696878733,20.355218696878733,63565
BBOX,2015-06-22,20.584712982177734,21.3330666111005,20.355218326066893,21.253242300141874,73695
BBOX,2015-06-23,20.574737548828125,20.953902567418805,20.315308050566383,20.55478099438604,24170
BBOX,2015-06-24,20.60466957092285,21.053682510308587,20.55478009017408,20.65456095483332,58410
BBOX,2015-06-25,20.484935760498047,20.953903389311026,20.35522005469834,20.35522005469834,39780
BBOX,2015-06-26,20.335262298583984,20.754340417748214,20.20554850360632,20.255437985560405,43825
BBOX,2015-06-29,20.235483169555664,20.55478041904454,19.91618401690506,19.94611884773029,35145
BBOX,2015-06-30,20.734386444091797,20.953902836286066,19.99601104871637,19.99601104871637,37845
BBOX,2015-07-01,20.60466957092285,21.153463374967828,20.09578887400625,20.93394509208516,54605
BBOX,2015-07-02,20.454999923706055,20.953902360869616,20.115746114181892,20.35521905564099,112810
BBOX,2015-07-03,20.25543785095215,20.55478045017259,20.195570092372755,20.55478045017259,57095
BBOX,2015-07-06,20.923967361450195,21.93175050480597,20.055878193528265,20.055878193528265,89445
BBOX,2015-07-07,21.8918399810791,22.55039106108723,20.415087286575545,20.55478126635671,161110
BBOX,2015-07-08,23.827579498291016,25.124726973370098,21.37298042747959,21.881861140415026,602950
BBOX,2015-07-09,23.99720573425293,25.3442426541347,22.95948968625301,22.95948968625301,230080
BBOX,2015-07-10,23.588106155395508,25.264418615747584,23.318700291037423,25.264418615747584,61485
BBOX,2015-07-13,23.478349685668945,24.45619801856248,23.268809669670738,23.747755558864085,73765
BBOX,2015-07-14,22.769906997680664,23.947317057514336,21.372980549958015,23.947317057514336,111900
BBOX,2015-07-15,23.09918212890625,23.747754907289025,22.3508284838888,22.929555226575825,53345
BBOX,2015-07-16,26.09259796142578,26.900819403954124,22.769907694185,22.769907694185,913495
BBOX,2015-07-17,25.8431453704834,26.990620573394803,25.344242942855683,26.322091244247193,219350
BBOX,2015-07-20,26.58152198791504,27.91858070923262,25.8830596982112,26.880864600498242,269275
BBOX,2015-07-21,25.044902801513672,26.94073168780062,24.945121933148723,26.72121529992715,64920
BBOX,2015-07-22,25.863101959228516,26.741169395646377,24.795451067171154,25.284375218526314,98995
BBOX,2015-07-23,25.733388900756836,26.70125895418478,25.21452990373572,25.942927013114332,53115
BBOX,2015-07-24,28.547197341918945,29.395329941129216,25.603672275793155,25.603672275793155,870590
BBOX,2015-07-27,28.816604614257812,30.93195183521881,28.19796664332405,29.115947225527982,863005
BBOX,2015-07-28,28.277790069580078,29.515067875692043,28.038317129993413,28.696868189647173,121755
BBOX,2015-07-29,27.210140228271484,28.68689103157274,26.741170704688294,28.27779117259282,118080
BBOX,2015-07-30,27.619239807128906,28.986231447954882,27.240072881134424,27.27998599046513,169430
BBOX,2015-07-31,27.579326629638672,28.31770202197566,27.200161607743063,27.73897526024333,89260
BBOX,2015-08-03,27.84873390197754,28.736779631491935,27.339853187476393,27.579326129036623,145225
BBOX,2015-08-04,27.010578155517578,28.537220327313968,26.541610540832735,27.938537010737235,143105
BBOX,2015-08-05,26.920774459838867,28.13809759773817,26.611455488493412,27.92855758909906,97665
BBOX,2015-08-06,23.578128814697266,25.543805674473433,23.079226367551932,25.483937913701297,371460
BBOX,2015-08-07,23.30872344970703,24.346439572833553,22.97944790351204,23.747756242525792,111585
BBOX,2015-08-10,23.15904998779297,24.32648175519619,22.969468433844995,22.969468433844995,95090
BBOX,2015-08-11,21.991621017456055,23.887449956128723,21.67232184923296,23.87747167870033,62750
BBOX,2015-08-12,20.983837127685547,22.350828735537874,20.754340560893365,21.75214543215096,130210
BBOX,2015-08-13,21.572542190551758,21.95170720488126,20.764318873186483,21.53262908211615,65260
BBOX,2015-08-14,21.233287811279297,21.752144884876085,21.023747803943024,21.253242461799463,30465
BBOX,2015-08-17,22.20115852355957,22.949512181657084,20.854121558351693,20.864099835505737,59700
BBOX,2015-08-18,23.198963165283203,23.687887321892557,22.251047780060695,22.72999556277915,104425
BBOX,2015-08-19,23.238876342773438,23.827579465340833,22.769906835709545,22.769906835709545,37500
BBOX,2015-08-20,22.60028076171875,23.867493450300366,22.360807812430874,23.149074602436734,74745
BBOX,2015-08-21,21.782079696655273,22.470565572793845,21.392936416002115,22.151268326805436,80035
BBOX,2015-08-24,19.387348175048828,21.45280387116179,18.758730065611683,21.45280387116179,108120
BBOX,2015-08-25,18.539215087890625,21.73219155017014,16.86290254035197,19.956098131342408,87720
BBOX,2015-08-26,19.068052291870117,19.696668542924797,17.242069396796655,18.559171563320227,46470
BBOX,2015-08-27,20.724407196044922,20.923967024193978,19.696667515169356,19.696667515169356,37805
BBOX,2015-08-28,20.71442985534668,21.841948549673837,20.61464898518172,20.764319338848257,28575
BBOX,2015-08-31,20.435043334960938,21.492717870238522,19.796448825481455,20.155659188644545,50225
BBOX,2015-09-01,19.8563175201416,20.55478172515216,19.666734052525275,19.976054947889242,29390
BBOX,2015-09-02,19.47715187072754,20.29535157439042,19.217722371465346,20.11574639004261,38555
BBOX,2015-09-03,19.69666862487793,19.83636070276868,19.197766171654592,19.49710878548569,42700
BBOX,2015-09-04,18.808622360229492,19.756535853908943,18.369587680340338,19.756535853908943,28690
BBOX,2015-09-07,17.481542587280273,18.86849081168314,17.032529613758992,18.86849081168314,23980
BBOX,2015-09-08,18.569149017333984,18.858511436524566,17.38176070336845,17.641190194841023,21415
BBOX,2015-09-09,19.63680076599121,19.756536288400383,18.86849053507873,19.546998172603423,28125
BBOX,2015-09-10,19.716625213623047,19.7565364203053,18.419477691117816,18.958293255041948,18770
BBOX,2015-09-11,19.906208038330078,20.42506512746969,19.556975951082542,19.706646301856694,11890
BBOX,2015-09-14,20.445022583007812,20.60467121795945,19.556976813194098,19.556976813194098,18400
BBOX,2015-09-15,19.97605323791504,20.325285310525633,19.75653495636237,19.996009791358315,19685
BBOX,2015-09-16,20.25543785095215,20.51486734234517,19.786470252950377,20.335262163445254,12560
BBOX,2015-09-18,20.395132064819336,21.353023825991357,20.355218956522958,21.353023825991357,19580
BBOX,2015-09-21,20.185592651367188,20.37517611507523,19.97605453608078,20.355219560335055,5290
BBOX,2015-09-22,19.63680076599121,20.75434118989862,19.556976449997826,20.025944068563742,20035
BBOX,2015-09-23,19.63680076599121,20.10576838455713,18.758731386902145,19.357414708433453,12775
BBOX,2015-09-24,19.926162719726562,20.15565928796821,19.636800294878405,19.656756849188422,17680
BBOX,2015-09-28,19.347436904907227,19.766515049927254,19.227701379565424,19.75653677228846,10175
BBOX,2015-09-29,19.596887588500977,19.956097960807288,18.858512192330522,18.958293062766923,14000
BBOX,2015-09-30,19.646778106689453,20.275394327271712,19.606864999014782,19.966075355439916,9135
BBOX,2015-10-01,19.127920150756836,20.544803195374445,18.96827151782768,20.544803195374445,26675
BBOX,2015-10-05,19.676712036132812,20.27539535960304,18.47934729235418,19.038117506117544,46655
BBOX,2015-10-06,19.626821517944336,20.445021192202603,19.457194616952133,20.445021192202603,23505
BBOX,2015-10-07,19.42725944519043,19.916183585781805,19.287567377353376,19.397326518174882,39805
BBOX,2015-10-08,19.42725944519043,20.39513135280912,19.29754565407912,19.956096692684785,15265
BBOX,2015-10-09,19.307525634765625,20.035922771573563,19.008183016060244,19.008183016060244,22210
BBOX,2015-10-12,19.996009826660156,20.295350516191025,19.38734826769747,19.59688636973674,25035
BBOX,2015-10-13,19.48712921142578,20.25543749186577,19.317502312489847,19.996009908233585,27840
BBOX,2015-10-14,19.60686492919922,19.816404937421666,19.377370270372218,19.776491829889117,13725
BBOX,2015-10-15,19.556976318359375,20.05587876575037,19.397327687447202,20.05587876575037,51360
BBOX,2015-10-16,19.48712921142578,19.746558698219662,19.157853690333873,19.397326623567835,22445
BBOX,2015-10-19,19.51706314086914,19.656757119800634,19.377371065099442,19.45719538027667,9570
BBOX,2015-10-20,19.497108459472656,19.666733463696925,19.367392758032956,19.417282241256352,15245
BBOX,2015-10-21,20.884056091308594,21.552585425779917,19.37737051949526,19.37737051949526,100360
BBOX,2015-10-23,20.295351028442383,21.532628827913268,20.00598670518557,21.363001925387966,30105
BBOX,2015-10-26,19.716625213623047,20.70445184432213,19.58690950979161,20.28537370676841,23570
BBOX,2015-10-27,19.806427001953125,20.31530771279468,19.706646134563492,19.706646134563492,10530
BBOX,2015-10-28,19.746559143066406,20.135702430442926,19.70664603504741,20.135702430442926,14000
BBOX,2015-10-29,20.115745544433594,20.425064513828712,19.91618381395575,20.285372444391246,5760
BBOX,2015-10-30,19.497108459472656,20.435043685572712,19.357414480755917,20.435043685572712,17735
BBOX,2015-11-02,19.47715187072754,19.746559647249256,19.157854611070004,19.37737100129411,11775
BBOX,2015-11-03,19.576932907104492,20.055878800675035,19.55697635241527,19.686690151571614,11070
BBOX,2015-11-04,19.656757354736328,19.926163232203262,19.556976483781774,19.556976483781774,11690
BBOX,2015-11-05,18.948314666748047,19.8862517979177,18.75873120442229,19.8862517979177,30630
BBOX,2015-11-06,17.152265548706055,18.359608478652273,16.962682098252085,18.359608478652273,106050
BBOX,2015-11-09,17.56136703491211,17.60127824220949,16.50369434884649,17.361805288939642,22505
BBOX,2015-11-10,17.142288208007812,17.701058410044578,16.962683024419835,17.701058410044578,25865
BBOX,2015-11-13,17.351825714111328,17.61125520321598,17.022550190086523,17.61125520321598,8150
BBOX,2015-11-16,17.192176818847656,18.14009217162865,16.9826387173985,17.132309061742426,56205
BBOX,2015-11-17,16.86290168762207,17.82079533913151,16.753144447599976,17.162244286352028,32745
BBOX,2015-11-18,17.16224479675293,17.391739463724466,16.683297005173557,16.783077874384336,21970
BBOX,2015-11-19,17.17222023010254,17.341847127519852,16.78307695497646,16.982638682465655,24325
BBOX,2015-11-20,17.56136703491211,17.661147907898343,16.982640255386183,16.982640255386183,40010
BBOX,2015-11-23,18.758731842041016,19.157855334853604,17.561367073088828,17.561367073088828,761605
BBOX,2015-11-24,18.419477462768555,19.1279199284237,17.96048812422275,18.75873127959015,53410
BBOX,2015-11-26,17.910598754882812,18.828579340988597,17.90062047748188,17.960488238725656,33670
BBOX,2015-11-27,18.479347229003906,18.758731383346902,17.641190959651293,17.950509946171817,18225
BBOX,2015-11-30,18.09020233154297,18.77868825806119,18.09020233154297,18.758731702936178,13085
BBOX,2015-12-01,18.39952278137207,18.63899572759335,18.16004983515079,18.16004983515079,21925
BBOX,2015-12-02,18.758731842041016,18.758731842041016,18.39952336293629,18.439434570320433,12065
BBOX,2015-12-03,18.778688430786133,19.11794225838442,18.529237198914558,18.958293622239562,27170
BBOX,2015-12-04,18.57912826538086,18.938336738904084,18.05029097783473,18.05029097783473,11760
BBOX,2015-12-07,18.79864501953125,19.237679721291435,18.35961031777106,18.89842589308973,26190
BBOX,2015-12-08,18.519258499145508,19.06805233865127,18.40950125377381,19.06805233865127,8635
BBOX,2015-12-09,17.541410446166992,18.858512638215554,17.32189404854618,18.858512638215554,27695
BBOX,2015-12-10,17.621234893798828,18.05029131777258,17.4017184945582,17.611256616129452,5370
BBOX,2015-12-11,18.479347229003906,18.65895241574544,17.681102166059514,18.549193267589654,20045
BBOX,2015-12-14,18.64897346496582,18.738776055093947,17.980444129101848,18.738776055093947,4970
BBOX,2015-12-15,18.748754501342773,18.908403128975518,18.658951910404134,18.748754501342773,4085
BBOX,2015-12-16,18.688884735107422,19.08800630197889,18.62901697586714,19.08800630197889,1360
BBOX,2015-12-17,18.938335418701172,18.9582919722729,18.58910334384275,18.9582919722729,1935
BBOX,2015-12-18,18.52923583984375,19.217721722195982,18.479346358393446,19.19776516835117,4480
BBOX,2015-12-21,18.748754501342773,18.95829261142509,18.489325005649125,18.539214488098697,4815
BBOX,2015-12-22,19.457195281982422,20.34524102173805,18.55917126498482,19.137898022886546,84290
BBOX,2015-12-23,19.566953659057617,19.886250905597876,19.157853824032696,19.477151070572955,11855
BBOX,2015-12-24,19.656757354736328,19.9361415096149,19.25763387091811,19.756536322529062,31230
BBOX,2015-12-28,19.746559143066406,20.33526226105269,19.00818187000888,19.00818187000888,29820
BBOX,2015-12-29,18.938335418701172,19.95609681291884,18.57912697021859,19.95609681291884,10945
BBOX,2015-12-30,18.888446807861328,19.497108397699662,18.778687661323456,18.828579047550573,21200
BBOX,2015-12-31,18.92835807800293,19.716624854613976,18.83855548565074,19.257633615573695,50210
BBOX,2016-01-01,18.978248596191406,19.307524118698627,18.868489454301763,18.958292042545708,13020
BBOX,2016-01-04,18.45939064025879,19.83636056414095,18.359609769679082,19.83636056414095,42270
BBOX,2016-01-05,18.86849021911621,19.357414384283643,18.758731072777596,19.147876271995507,56190
BBOX,2016-01-06,18.888446807861328,19.497108397699662,18.778687661323456,18.89842508510675,24495
BBOX,2016-01-07,18.479347229003906,18.958293124873453,18.359609803455612,18.898425363680214,7390
BBOX,2016-01-08,18.419477462768555,19.247657353309712,17.96048812422275,18.84853387246421,18660
BBOX,2016-01-11,18.569149017333984,18.65895160681148,18.020355203509098,18.030333480469015,6920
BBOX,2016-01-12,18.359609603881836,19.09798499444484,18.259828734203204,18.489325305412596,15200
BBOX,2016-01-13,17.910598754882812,18.7986445087858,17.37178319420337,18.59908276709079,39075
BBOX,2016-01-14,17.88066291809082,18.06026809489321,17.431649976084845,17.960487229651694,24825
BBOX,2016-01-15,17.20215606689453,18.110158364102105,16.97266139906444,18.110158364102105,7375
BBOX,2016-01-18,15.57573413848877,16.962683291350686,15.166634281950316,16.962683291350686,71220
BBOX,2016-01-19,15.715426445007324,16.08461507824945,15.106765826849166,15.106765826849166,16775
BBOX,2016-01-20,15.555778503417969,15.855120162967602,15.246458566514471,15.855120162967602,7600
BBOX,2016-01-21,15.57573413848877,16.363999971023595,15.535821980572356,16.25424272622959,10120
BBOX,2016-01-22,15.735383033752441,15.954899416904556,14.288565231483265,15.57573345748609,63685
BBOX,2016-01-25,15.465975761413574,16.35402150257329,15.166634104747455,15.465975761413574,45350
BBOX,2016-01-27,15.665536880493164,16.324088919740504,15.38615177242457,15.565756960544837,6865
BBOX,2016-01-28,15.635602951049805,15.934944613125847,15.525844753973653,15.525844753973653,9315
BBOX,2016-01-29,15.82518482208252,15.954899568769369,15.645580593392237,15.645580593392237,2110
BBOX,2016-02-01,15.865097045898438,16.27419689017868,15.76531712988765,16.27419689017868,2345
BBOX,2016-02-02,15.865097045898438,16.63340725224397,15.76531712988765,15.865097045898438,3190
BBOX,2016-02-03,15.565756797790527,15.934944496059057,15.366195056818647,15.465975927304587,6420
BBOX,2016-02-04,15.106766700744629,15.944922026969328,14.977051948076529,15.56575699803909,870
BBOX,2016-02-05,15.356217384338379,16.324088380509174,15.086809611057287,16.324088380509174,11410
BBOX,2016-02-08,15.116743087768555,16.05468017908927,14.987029294737788,15.166633520554695,12350
BBOX,2016-02-09,15.20654582977295,15.426063165296533,14.787467712673777,15.426063165296533,7435
BBOX,2016-02-10,14.438237190246582,15.366195101508652,14.18878596488715,15.216524746925357,8955
BBOX,2016-02-11,14.408302307128906,15.116743822708445,13.999202451238634,14.567951890122512,14760
BBOX,2016-02-12,13.620036125183105,14.947116529110449,12.692078241092656,14.458192370101614,31970
BBOX,2016-02-15,13.370585441589355,14.328478195274446,12.672122193431269,13.769707977380346,42950
BBOX,2016-02-16,12.652166366577148,13.570146945629926,12.61225420886098,13.081221824130735,41495
BBOX,2016-02-17,12.033527374267578,12.68210017117434,11.784076152137148,12.68210017117434,40770
BBOX,2016-02-18,11.943724632263184,12.372780081871795,11.863900318308982,12.193175851265284,55285
BBOX,2016-02-19,11.774097442626953,12.332867626800489,11.634404420793139,12.322890301483035,15930
BBOX,2016-02-22,11.784075736999512,12.272999886771581,11.54460184898917,11.993614794270522,15750
BBOX,2016-02-23,11.035722732543945,12.023549365892361,10.876073147482185,11.574537346332255,14910
BBOX,2016-02-24,11.57453727722168,11.863900661573176,11.075634824782485,11.075634824782485,6245
BBOX,2016-02-25,11.634405136108398,12.163241473682167,11.574537374199402,11.774098166530925,15420
BBOX,2016-02-26,12.003592491149902,12.173219397599793,11.325085816931232,11.963680333842921,12320
BBOX,2016-02-29,11.464777946472168,12.372780243228357,11.195371121258557,11.784076158033905,5740
BBOX,2016-03-01,13.580123901367188,13.749750804934449,12.173219190728858,12.45260428712987,54335
BBOX,2016-03-02,13.400519371032715,13.94931127444337,13.181002038719942,13.94931127444337,26930
BBOX,2016-03-03,13.270805358886719,13.580124344968093,12.971463698602781,13.400520110062455,8560
BBOX,2016-03-04,15.924965858459473,15.924965858459473,13.769707478628712,13.769707478628712,954395
BBOX,2016-03-08,15.97485637664795,17.122331609414022,15.475953936039938,16.44382398568124,418565
BBOX,2016-03-09,15.356217384338379,15.845141545203083,14.967073140125986,15.845141545203083,74445
BBOX,2016-03-10,15.006985664367676,15.825185378212407,14.587907530061615,15.825185378212407,12930
BBOX,2016-03-11,15.126721382141113,15.725404673105675,14.96707275830546,15.356216992590511,25530
BBOX,2016-03-14,14.168828964233398,14.977051327660334,13.989224734701429,14.977051327660334,109890
BBOX,2016-03-15,13.729795455932617,14.108961426697194,13.590102429362227,13.979246677363452,29125
BBOX,2016-03-16,13.729795455932617,14.178807464191943,13.290760773329046,13.390541642533737,16915
BBOX,2016-03-17,13.849532127380371,14.268610261542872,13.66992694085904,13.76970781149998,17165
BBOX,2016-03-18,13.330673217773438,13.699860919251897,13.26082717877454,13.570147118705636,39840
BBOX,2016-03-21,13.600080490112305,14.118938527607177,13.530234453729367,14.118938527607177,17410
BBOX,2016-03-22,13.530234336853027,13.969268057094707,13.390541313712967,13.76970727516667,20450
BBOX,2016-03-23,13.49032211303711,13.81959763946773,13.440431679909256,13.470365559153624,14350
BBOX,2016-03-28,13.220914840698242,13.669926852518984,12.97146361728884,13.370585194111522,37375
BBOX,2016-03-29,13.2308931350708,13.879465936138999,13.011375791744884,13.011375791744884,25625
BBOX,2016-03-30,13.48034381866455,13.969267969207403,13.340650796403366,13.340650796403366,56250
BBOX,2016-03-31,13.031332015991211,13.769707391133911,12.592297340471152,13.769707391133911,72115
BBOX,2016-04-01,13.141090393066406,13.55019024308722,13.081221681355144,13.171024273131593,13620
BBOX,2016-04-04,13.560168266296387,13.769707325989431,12.632209437429918,13.1211335928534,46520
BBOX,2016-04-05,13.380563735961914,13.749751439716984,13.17102466609218,13.669927122774315,50385
BBOX,2016-04-06,13.560168266296387,13.570146543324835,13.171024026414766,13.190980580471663,46880
BBOX,2016-04-07,13.550189971923828,13.72979515188251,13.370584791965147,13.370584791965147,6225
BBOX,2016-04-08,13.620036125183105,13.969268211092777,13.300738870578295,13.300738870578295,33895
BBOX,2016-04-11,13.769707679748535,13.769707679748535,13.570146891956998,13.669926810062318,7400
BBOX,2016-04-12,13.769707679748535,13.96926846754007,13.570146891956998,13.570146891956998,27710
BBOX,2016-04-13,13.87946605682373,14.108961679473815,13.7996417406622,13.96926865040068,29910
BBOX,2016-04-18,13.919378280639648,14.538017209603531,13.540212301291286,14.538017209603531,13480
BBOX,2016-04-20,14.049092292785645,14.168828761285532,13.77968547655611,13.77968547655611,13090
BBOX,2016-04-21,14.019158363342285,14.368389490654206,14.009180086441152,14.069048796267092,25685
BBOX,2016-04-22,13.829575538635254,14.148873752953081,13.829575538635254,14.01915900207098,1945
BBOX,2016-04-25,13.969268798828125,13.969268798828125,13.769708006303906,13.769708006303906,2925
BBOX,2016-04-26,13.67990493774414,13.969268314772624,13.590102346324803,13.969268314772624,6910
BBOX,2016-04-27,13.779685974121094,13.889444169647321,13.590102511798365,13.590102511798365,7870
BBOX,2016-04-28,13.949312210083008,14.029137478480752,13.669927101224111,13.669927101224111,5820
BBOX,2016-04-29,13.699860572814941,13.9093996360938,13.60008065556556,13.60008065556556,6520
BBOX,2016-05-02,13.590102195739746,13.659948232033797,13.470365725700997,13.470365725700997,7805
BBOX,2016-05-03,13.649971008300781,13.95928998697809,13.649971008300781,13.95928998697809,3665
BBOX,2016-05-04,13.410496711730957,13.659947923234427,13.320695074917626,13.649970597975738,12145
BBOX,2016-05-05,13.550189971923828,13.57014652595518,13.190980563587337,13.370584791965147,3285
BBOX,2016-05-06,13.799641609191895,13.869487647272578,13.17102441172304,13.17102441172304,9100
BBOX,2016-05-09,13.550189971923828,13.869487223778487,13.370584791965147,13.799641187830497,6750
BBOX,2016-05-10,13.889444351196289,13.969268667455275,13.470366215046157,13.470366215046157,11480
BBOX,2016-05-11,13.639992713928223,13.929356089541836,13.600080557001547,13.929356089541836,1415
BBOX,2016-05-12,13.659948348999023,13.76970749449336,13.620036191977686,13.76970749449336,3585
BBOX,2016-05-13,13.530234336853027,13.759728998175051,13.4803439034758,13.50029950587817,7070
BBOX,2016-05-16,13.759729385375977,13.929356292683352,13.510278163051117,13.510278163051117,1120
BBOX,2016-05-17,13.550189971923828,13.76970730836434,13.550189971923828,13.76970730836434,7045
BBOX,2016-05-18,13.610058784484863,14.228697690382237,13.380563169307923,13.380563169307923,15670
BBOX,2016-05-19,13.639992713928223,13.96926824646851,13.51027796602131,13.96926824646851,23595
BBOX,2016-05-20,13.24087142944336,13.769707757991121,13.171024439633763,13.400520060583748,41935
BBOX,2016-05-23,13.181002616882324,13.340651246810385,13.031332264219992,13.200958219832884,15465
BBOX,2016-05-24,12.572341918945312,13.111156518238346,12.492517604352336,12.901617454536561,15940
BBOX,2016-05-25,12.183197975158691,13.310717636352322,11.754141559845998,13.310717636352322,43545
BBOX,2016-05-26,12.263021469116211,12.562363112007958,11.893833791796036,12.562363112007958,16050
BBOX,2016-05-27,12.27299976348877,12.472560541842071,12.073438985135466,12.292955365533674,10125
BBOX,2016-05-30,12.113351821899414,12.731990745369078,12.013570951321991,12.273000453558565,8065
BBOX,2016-05-31,12.143285751342773,12.472561293361032,11.973658841626591,12.093395315853147,9215
BBOX,2016-06-01,12.282978057861328,12.352824092489623,11.814009514374993,11.814009514374993,5110
BBOX,2016-06-02,11.784075736999512,12.272999886771581,11.724207027101711,12.272999886771581,13985
BBOX,2016-06-03,12.083416938781738,13.330673057831167,11.644383203571936,11.833965714971852,46270
BBOX,2016-06-06,11.87387752532959,12.073439259803733,11.574536826780122,12.073439259803733,15795
BBOX,2016-06-07,11.863900184631348,11.87387751007754,11.195370849111969,11.195370849111969,4120
BBOX,2016-06-08,11.694272994995117,11.873877219177773,11.414886954567256,11.584513853548154,9550
BBOX,2016-06-09,11.814009666442871,11.973658291408714,11.664338366851743,11.963680014453134,9020
BBOX,2016-06-10,11.903812408447266,12.17321922863478,11.644382913762342,11.654361190845812,10650
BBOX,2016-06-13,11.774097442626953,12.15326340053514,11.674316576805536,11.953701668892302,2690
BBOX,2016-06-14,12.203153610229492,12.273000601105757,11.774098145382604,11.973658937355681,13725
BBOX,2016-06-15,12.033527374267578,12.572341976006074,11.87387779277615,12.263022041868746,45550
BBOX,2016-06-16,12.47256088256836,12.502494762243877,12.143285351395026,12.362802689370874,17810
BBOX,2016-06-17,12.382758140563965,12.731990221638366,12.223109515471963,12.27299994870843,4620
BBOX,2016-06-20,12.532429695129395,12.771902637637252,12.173219329786722,12.372780115209938,26135
BBOX,2016-06-21,12.66214370727539,12.851727170336778,12.39273688026829,12.472561195794905,7645
BBOX,2016-06-22,12.731990814208984,12.921573327434043,12.522451746128176,12.871682891875583,9180
BBOX,2016-06-23,12.143285751342773,12.761924677303771,12.073439712605841,12.741969074056467,11285
BBOX,2016-06-24,11.863900184631348,12.143285280323054,11.335062921167385,12.143285280323054,14525
BBOX,2016-06-27,11.794053077697754,12.073439122143675,11.195370735844056,12.073439122143675,20875
BBOX,2016-06-28,11.774097442626953,12.163240725852594,11.674316576805536,11.97365822268893,13670
BBOX,2016-06-29,12.163241386413574,12.173219663853788,11.784076359494565,12.073439744194385,8790
BBOX,2016-06-30,12.233088493347168,12.253044096836618,11.97365898691786,11.97365898691786,6525
BBOX,2016-07-01,12.392736434936523,12.572341614207765,12.14328521998463,12.27299996594932,22785
BBOX,2016-07-04,13.011375427246094,13.330672680171118,12.243066174500036,12.392736523913424,34350
BBOX,2016-07-05,12.771903038024902,12.971463829704168,12.672122166394812,12.971463829704168,16725
BBOX,2016-07-07,12.422670364379883,12.871682362787663,12.292955617892147,12.761924170335366,41065
BBOX,2016-07-08,12.422670364379883,12.90161719384082,12.392736484907598,12.90161719384082,14255
BBOX,2016-07-11,12.542407035827637,12.672121784404245,12.332867972985559,12.472560998740573,15495
BBOX,2016-07-12,12.362802505493164,13.1011778703796,12.312912072388759,12.87168225873168,13985
BBOX,2016-07-13,12.183197975158691,12.761924746166974,11.504690332632741,12.761924746166974,45970
BBOX,2016-07-14,12.731990814208984,12.971463762992505,12.173219648799861,12.871682891875583,69745
BBOX,2016-07-15,12.67212200164795,12.861705464964214,12.30293430394579,12.332868184413288,14530
BBOX,2016-07-18,12.402714729309082,12.851726726536066,12.34284601894108,12.851726726536066,24825
BBOX,2016-07-19,12.263021469116211,12.632209146436386,11.973658103023055,12.632209146436386,28520
BBOX,2016-07-20,12.382758140563965,12.612253752819365,12.093394769689494,12.093394769689494,22240
BBOX,2016-07-21,12.582319259643555,13.490322504492006,12.572341933993158,12.572341933993158,20455
BBOX,2016-07-22,12.21313190460205,12.931551708278912,12.02354938986085,12.931551708278912,42880
BBOX,2016-07-25,12.372779846191406,12.672121493608154,11.94372440475557,11.94372440475557,30470
BBOX,2016-07-26,12.731990814208984,12.771902972339571,12.402715271736417,12.712034259353237,51960
BBOX,2016-07-27,12.61225414276123,12.851727087803186,12.243066447926328,12.851727087803186,22880
BBOX,2016-07-28,12.19317626953125,12.741969160477442,12.1632414370859,12.622231733857872,16975
BBOX,2016-07-29,12.27299976348877,12.57234140680915,12.173218898521691,12.173218898521691,32750
BBOX,2016-08-01,12.253044128417969,12.57234234930044,12.203153692194372,12.57234234930044,15935
BBOX,2016-08-02,12.253044128417969,12.712034428829405,12.063461612665407,12.143285929990792,7735
BBOX,2016-08-03,12.282978057861328,12.452604006018493,12.173218915924462,12.173218915924462,5645
BBOX,2016-08-04,12.452604293823242,12.462582570881002,12.17321919727206,12.17321919727206,10465
BBOX,2016-08-05,12.27299976348877,12.771902185162451,12.223109331005231,12.552384853183392,4335
BBOX,2016-08-08,12.21313190460205,12.662143925057245,11.424866061533313,11.424866061533313,17150
BBOX,2016-08-09,12.29295539855957,12.771902219475074,12.243065917522852,12.6920779079193,7955
BBOX,2016-08-10,14.74755573272705,14.74755573272705,12.542406928888104,12.542406928888104,859485
BBOX,2016-08-11,16.713232040405273,17.461585713856255,14.747556125031373,15.306327286570372,1808835
BBOX,2016-08-12,17.29195785522461,17.561365619627086,15.465975068432874,16.663341641447197,657285
BBOX,2016-08-16,15.97485637664795,17.561366290034368,15.76531731352935,17.561366290034368,172365
BBOX,2016-08-17,15.835163116455078,16.563561163789462,15.585711899841266,15.974856140327926,59045
BBOX,2016-08-18,15.735383033752441,16.473758398713255,15.475953542848092,15.765316912985755,81515
BBOX,2016-08-19,15.37617301940918,16.363999620357834,15.18659051126403,15.974856326907029,75120
BBOX,2016-08-22,15.09678840637207,15.964878564105602,14.987030208812973,15.964878564105602,46485
BBOX,2016-08-23,14.807424545288086,15.20654611595048,14.37836814314035,14.977051450714825,19170
BBOX,2016-08-24,14.94711685180664,15.086809879502544,14.368390089550736,14.957095129123683,26255
BBOX,2016-08-25,14.887248992919922,15.446019196857968,14.68768820579919,15.156655817637684,29345
BBOX,2016-08-26,15.166633605957031,15.446018698919422,14.767512044582187,14.767512044582187,41205
BBOX,2016-08-29,15.136699676513672,15.446018647657397,14.76751199557198,14.86729190979411,21945
BBOX,2016-08-30,16.14448356628418,16.423867719910678,14.97705175861997,15.136700390167057,106990
BBOX,2016-08-31,16.104570388793945,16.75314509277157,15.855120116740927,16.75314509277157,19700
BBOX,2016-09-01,16.2043514251709,16.533626967620265,15.865097605294363,16.364000057681995,40485
BBOX,2016-09-02,15.97485637664795,16.36399967131043,15.116743569790401,15.76531731352935,30560
BBOX,2016-09-06,15.905009269714355,16.164439716863267,15.565756411949486,15.974856257955521,22170
BBOX,2016-09-07,15.695469856262207,16.25424194334041,15.665535977161895,15.984834176695031,11375
BBOX,2016-09-08,18.82857894897461,18.82857894897461,14.967073220654553,15.366194792572985,784420
BBOX,2016-09-09,17.780881881713867,20.0359210405566,17.41169515798378,19.55697517580107,635965
BBOX,2016-09-12,16.95270538330078,17.760926836610928,16.71323243058525,17.760926836610928,89985
BBOX,2016-09-14,16.91279411315918,17.32189397708775,16.78307840811148,17.142288787428992,9405
BBOX,2016-09-15,16.783077239990234,17.29195794088409,16.583517412273753,16.763120686270074,14580
BBOX,2016-09-16,16.533626556396484,17.341847976277084,16.373977927856163,16.583517942291444,30175
BBOX,2016-09-19,16.663341522216797,17.262022901278538,16.383955483002744,17.202155144004703,22580
BBOX,2016-09-20,16.33406639099121,16.942726061269823,16.274196729131624,16.932747784293223,12745
BBOX,2016-09-21,16.942726135253906,17.152266146354002,16.16443955929804,16.16443955929804,31175
BBOX,2016-09-22,16.73318862915039,17.21213452437414,16.37397825615167,16.57353999740914,22450
BBOX,2016-09-23,16.82299041748047,17.341847494233182,16.433845230963787,17.291958012886752,34785
BBOX,2016-09-26,16.39393424987793,16.962682718887695,16.214329069525004,16.862901851673655,29260
BBOX,2016-09-27,16.493715286254883,16.88285857890286,16.074637162187155,16.763121156385605,19925
BBOX,2016-09-28,16.633407592773438,16.763121391084955,16.393934647547855,16.663342424612306,6965
BBOX,2016-09-29,15.54580020904541,16.90281547709658,14.38834668152946,16.90281547709658,42065
BBOX,2016-09-30,15.485932350158691,16.3240886100441,15.166634138271313,15.166634138271313,23460
BBOX,2016-10-03,15.805229187011719,16.3639993775775,15.61564573009839,15.954899535875192,36595
BBOX,2016-10-04,15.585712432861328,16.04470272519111,15.306327327141735,15.964878409271229,44540
BBOX,2016-10-05,16.33406639099121,17.05248520485067,15.675514384248743,15.685492661225341,148540
BBOX,2016-10-06,15.934944152832031,16.94272635544479,15.366194725842067,16.363999602885862,18690
BBOX,2016-10-07,15.934944152832031,16.473758748372443,15.5956903423842,15.71542681343975,22825
BBOX,2016-10-10,16.68329620361328,17.361803797853064,15.78527223018603,16.164439134337293,34925
BBOX,2016-10-13,15.845141410827637,16.982639302399726,15.785272700079263,16.763121013515985,46395
BBOX,2016-10-14,16.48373794555664,16.803035219526244,16.074638075387853,16.35402223853032,54955
BBOX,2016-10-17,16.693275451660156,17.541409993808127,16.314110428609077,16.623429413452996,119275
BBOX,2016-10-18,17.431650161743164,18.16004915355097,16.224307198630772,16.363999269559685,174635
BBOX,2016-10-19,17.621234893798828,18.160050468973825,16.493716161425695,17.162245539978823,77460
BBOX,2016-10-20,17.591299057006836,17.910598214721553,17.561366128868595,17.561366128868595,36225
BBOX,2016-10-21,17.301937103271484,17.66114747597223,17.0425076011167,17.36180486433434,24885
BBOX,2016-10-24,17.57134437561035,17.730993002611005,16.184394311694767,17.730993002611005,32165
BBOX,2016-10-25,16.832969665527344,17.52145368300506,16.503694121423532,17.062464338019915,38760
BBOX,2016-10-26,16.27419662475586,16.9626825064316,15.9948124838499,16.76312077450301,42300
BBOX,2016-10-27,16.36400032043457,16.92277054319544,16.004791843097795,16.92277054319544,17415
BBOX,2016-10-28,16.27419662475586,16.76312077450301,15.984834206937299,16.74316612383953,42055
BBOX,2016-11-01,17.780881881713867,18.88844585922751,15.206545479700777,16.004790490788352,257455
BBOX,2016-11-02,17.311914443969727,17.96048721268432,17.112352713675218,17.56136565525701,88350
BBOX,2016-11-03,20.764318466186523,20.774296743099843,17.202155444085655,17.26202320240385,1609355
BBOX,2016-11-04,19.81640625,22.670127016938885,19.257634126503262,21.243267585050365,1176145
BBOX,2016-11-07,20.265417098999023,21.532629785816606,19.88625207227816,20.075835537219504,348295
BBOX,2016-11-08,19.996009826660156,20.425064307477953,19.457194301710558,20.265415685973263,64015
BBOX,2016-11-09,20.764318466186523,21.572541767709872,16.48373663478218,18.918379106780378,872145
BBOX,2016-11-10,18.978248596191406,20.7244070737943,18.579127039085943,20.7244070737943,182370
BBOX,2016-11-11,17.81081771850586,18.958292964683277,17.760926331964875,18.958292964683277,35790
BBOX,2016-11-15,16.264219284057617,18.45939084898549,15.715427344406566,18.45939084898549,73750
BBOX,2016-11-16,16.373977661132812,16.563561118121896,16.224307312209532,16.563561118121896,39905
BBOX,2016-11-17,15.505887985229492,16.74316677463966,15.046897696798519,16.164440013345942,60895
BBOX,2016-11-18,15.645581245422363,16.02474627267072,15.36619518633917,16.02474627267072,20115
BBOX,2016-11-21,14.887248992919922,16.733188414843692,14.68768820579919,16.244264248502677,23000
BBOX,2016-11-22,15.186590194702148,15.366194421942975,14.797445957782104,15.356217096571333,20025
BBOX,2016-11-23,16.284175872802734,16.324088982833427,15.016964128336703,15.765317812955665,50795
BBOX,2016-11-24,16.114547729492188,16.962682221183712,15.68549229685487,16.463779802913603,43370
BBOX,2016-11-25,16.234285354614258,16.673318118022912,15.964877588548687,15.964877588548687,31580
BBOX,2016-11-28,16.902814865112305,17.272001597625323,15.785272584268114,16.164439496924533,44225
BBOX,2016-11-29,17.26202392578125,17.461585666086965,16.793056310173164,17.451607388755498,31905
BBOX,2016-11-30,18.070247650146484,18.329677156863568,16.962683583616222,17.012573068185652,33050
BBOX,2016-12-01,18.359609603881836,18.69886341889211,18.08022545257582,18.08022545257582,35890
BBOX,2016-12-02,18.070247650146484,18.209939729470356,17.381761724749687,17.98044505539204,12285
BBOX,2016-12-05,18.46936798095703,18.559170569608238,18.070246422041507,18.070246422041507,37900
BBOX,2016-12-06,18.938335418701172,19.157853701666767,18.539213863075133,18.75873024287903,42935
BBOX,2016-12-07,19.147876739501953,19.387349689318885,18.958293273877864,18.97824982881973,35835
BBOX,2016-12-08,19.447216033935547,19.556975174956246,19.187786548080418,19.337456892914844,53810
BBOX,2016-12-09,19.147876739501953,19.69666867827053,18.798644640666573,19.556976600001107,35740
BBOX,2016-12-12,19.197765350341797,19.55697571030676,18.758730677402593,19.54699743328976,54230
BBOX,2016-12-13,18.86849021911621,19.337457829829027,18.489325200287393,18.958292811000206,8580
BBOX,2016-12-14,19.8563175201416,21.572543199940625,18.75873172790866,18.848534322928927,336805
BBOX,2016-12-15,19.69666862487793,20.554781453433854,19.40730619165254,19.856317257656453,37065
BBOX,2016-12-16,19.397327423095703,19.67671157180359,19.028138779666566,19.59688725743537,24880
BBOX,2016-12-19,19.317502975463867,19.95609748600424,18.748754501618627,19.95609748600424,34770
BBOX,2016-12-20,18.229896545410156,19.596888235055616,17.98044531266999,19.566955305150394,24840
BBOX,2016-12-21,18.61903953552246,19.347436665691596,18.2498527832611,18.549193496076356,18110
BBOX,2016-12-22,17.671123504638672,18.69886321579052,17.561366262029942,18.279785090221605,28275
BBOX,2016-12-23,18.050291061401367,18.16005021104369,17.561366881517507,18.16005021104369,23205
BBOX,2016-12-26,17.70105743408203,17.93055208794139,17.281979329870232,17.281979329870232,54325
BBOX,2016-12-27,17.56136703491211,17.94053206846557,17.411696677013687,17.92057551323595,8035
BBOX,2016-12-28,18.080224990844727,18.239873616988728,17.63121204033863,17.63121204033863,16525
BBOX,2016-12-29,17.960487365722656,18.359608926550816,17.7409709830576,18.160049097717597,5550
BBOX,2016-12-30,17.890642166137695,18.279785468226663,17.780883018097498,17.960488204649888,18400
BBOX,2017-01-02,18.46936798095703,18.958292128523766,17.870684691002886,17.870684691002886,10700
BBOX,2017-01-03,18.189983367919922,18.409501669949513,18.160050438124514,18.20993992322477,4110
BBOX,2017-01-04,18.130115509033203,18.958293518174344,17.84075116813285,18.199961549067947,25535
BBOX,2017-01-05,18.170026779174805,18.55917199425568,17.990423491247316,18.309720762889775,15225
BBOX,2017-01-06,18.259828567504883,18.559171173808007,18.259828567504883,18.559171173808007,12660
BBOX,2017-01-09,17.800838470458984,18.549192099307334,17.721014159508297,18.539213822543285,10870
BBOX,2017-01-10,17.88066291809082,18.10017929909279,17.56136567184733,17.621233429727557,5530
BBOX,2017-01-11,17.99042320251465,18.160050113247554,17.860707498515573,17.930553537671155,10770
BBOX,2017-01-12,18.429454803466797,18.758730326216323,17.98044376507837,17.98044376507837,29200
BBOX,2017-01-13,18.24985122680664,19.1578534684899,18.160048639988588,19.1578534684899,22615
BBOX,2017-01-16,18.429454803466797,18.928357226006185,18.19996014585749,18.559170499097593,15925
BBOX,2017-01-17,18.359609603881836,18.638995658349646,18.010377511587524,18.579127897807187,18030
BBOX,2017-01-18,18.519258499145508,18.838555764157388,18.18000467927993,18.838555764157388,1320
BBOX,2017-01-19,18.479347229003906,18.928358292695926,18.00040133313436,18.928358292695926,15185
BBOX,2017-01-20,18.010377883911133,18.51925861694649,17.96048839962136,18.219917904884202,8225
BBOX,2017-01-23,17.960487365722656,18.559170658545757,17.61125528631237,18.559170658545757,18795
BBOX,2017-01-24,17.800838470458984,18.110157437497694,17.760925363402794,17.960487092360363,13320
BBOX,2017-01-25,18.15007209777832,18.439434536051635,17.930553796506988,18.160050375396278,17715
BBOX,2017-01-27,17.97046661376953,18.55917166149056,17.820796258265943,18.55917166149056,17265
BBOX,2017-01-30,17.661148071289062,18.16005053767393,17.38176200497526,17.960488789855233,29710
BBOX,2017-01-31,17.272001266479492,17.96048713972073,16.653363330770773,17.96048713972073,42410
BBOX,2017-02-01,17.152265548706055,17.85072778732531,16.962682098252085,17.85072778732531,11800
BBOX,2017-02-02,17.22211265563965,17.631212508900997,17.12233178585746,17.12233178585746,10470
BBOX,2017-02-03,17.431650161743164,17.760925688333973,17.331871198600645,17.730992760655912,20070
BBOX,2017-02-06,18.549192428588867,18.678906222500753,17.56136584935275,17.56136584935275,51810
BBOX,2017-02-07,18.48932456970215,18.7188192286179,18.180003695690427,18.7188192286179,15755
BBOX,2017-02-08,18.429454803466797,18.758730326216323,17.960487211417984,18.259827903676936,60245
BBOX,2017-02-09,19.008182525634766,20.534824703106676,18.559171463904303,18.748754927210125,156475
BBOX,2017-02-10,18.299741744995117,19.427260427767436,18.090201729479897,19.427260427767436,50885
BBOX,2017-02-13,17.70105743408203,18.66892743285519,17.561365367065324,18.66892743285519,26695
BBOX,2017-02-14,17.63121223449707,17.98044432171854,17.49152016087319,17.49152016087319,19800
BBOX,2017-02-15,17.341848373413086,17.95050997313779,17.07244249605789,17.95050997313779,11595
BBOX,2017-02-16,17.351825714111328,17.551387445164664,17.022550190086523,17.361803990980164,8085
BBOX,2017-02-17,17.740970611572266,18.499302512847613,17.162243884699198,17.162243884699198,39560
BBOX,2017-02-20,17.76092529296875,18.409499957927974,17.44162805043222,18.409499957927974,16270
BBOX,2017-02-21,18.319698333740234,18.559171278233087,17.69108018917993,17.92057485642369,43135
BBOX,2017-02-22,17.960487365722656,18.359608926550816,17.361804072899556,18.279784614385182,18435
BBOX,2017-02-23,17.97046661376953,18.359609918711225,17.850729187469565,18.349631641256074,17010
BBOX,2017-02-27,18.120136260986328,18.269806610639545,17.76092589928921,17.76092589928921,4865
BBOX,2017-02-28,18.020355224609375,18.559170762105254,17.860706599387278,18.12013609116362,9720
BBOX,2017-03-01,17.830774307250977,18.130115014422625,17.770904643287206,17.84075068141647,9365
BBOX,2017-03-02,17.56136703491211,18.160050369667655,17.361805288939642,18.160050369667655,18650
BBOX,2017-03-03,17.770904541015625,17.960488002819577,17.571344705103595,17.850728856012797,13365
BBOX,2017-03-06,17.132308959960938,18.060267753806706,15.475953098983515,17.361803613468993,123000
BBOX,2017-03-07,17.002595901489258,17.49152005950105,16.96268279316417,17.162244528466097,7185
BBOX,2017-03-08,16.91279411315918,17.33187225464233,16.80303496322064,17.062464470154197,16875
BBOX,2017-03-09,16.79305648803711,17.15226686312726,16.763121655725655,17.15226686312726,6235
BBOX,2017-03-10,16.842945098876953,16.96268251875343,16.663341823804824,16.96268251875343,18810
BBOX,2017-03-14,16.773099899291992,17.311915460839156,16.713232137951803,16.713232137951803,4040
BBOX,2017-03-15,16.503694534301758,16.962683890769586,16.383957104740393,16.603473505247372,24145
BBOX,2017-03-16,17.07244300842285,17.35182717157021,16.543605708925263,16.64338658283298,32620
BBOX,2017-03-17,17.0125732421875,17.55138881622509,16.97266203475612,17.55138881622509,8890
BBOX,2017-03-20,17.082420349121094,17.29195845998798,16.852923780773178,17.012572409003695,7025
BBOX,2017-03-21,17.092397689819336,17.36180547888098,16.972662163455414,16.99261871890336,24760
BBOX,2017-03-22,17.142288208007812,17.551388058108525,16.753144912341714,17.262023728291943,6730
BBOX,2017-03-23,16.92276954650879,17.361804218687215,16.783077474836364,16.822990582835192,10925
BBOX,2017-03-24,16.892837524414062,17.032529603576354,16.573540255950636,16.763121819624644,13790
BBOX,2017-03-27,16.79305648803711,16.892837359246798,16.66334268767779,16.79305648803711,10725
BBOX,2017-03-28,16.962682723999023,17.16224445848724,16.763120989510806,16.952704446958435,26775
BBOX,2017-03-29,16.962682723999023,17.052485314202546,16.962682723999023,16.962682723999023,10975
BBOX,2017-03-30,16.962682723999023,17.541409470220756,16.862901856754913,17.541409470220756,8205
BBOX,2017-03-31,18.419477462768555,18.75873127959015,16.78307804268448,16.78307804268448,145700
BBOX,2017-04-03,18.82857894897461,18.958292746162435,17.01257246621263,18.170025976356975,38010
BBOX,2017-04-05,21.532629013061523,22.590301642110397,17.960487655485814,18.758730790020483,998030
BBOX,2017-04-06,21.063661575317383,21.3430457230241,20.57473741366886,21.3430457230241,296525
BBOX,2017-04-07,20.395132064819336,21.123529162772446,20.195570329660956,21.09359433155016,75880
BBOX,2017-04-10,20.983837127685547,21.353023864280274,19.996010533519932,20.54480245144691,65380
BBOX,2017-04-11,20.794254302978516,21.353024515026334,20.774297748186356,20.95390293499218,20610
BBOX,2017-04-12,20.205549240112305,21.303135011565583,20.145681478952834,21.05368378637901,44340
BBOX,2017-04-13,20.205549240112305,20.60467081977846,19.956098014925733,20.085811814631555,32740
BBOX,2017-04-17,19.716625213623047,19.996011273046133,19.556976580570375,19.996011273046133,34495
BBOX,2017-04-18,19.846338272094727,20.23548346587426,19.407305499199403,19.407305499199403,9505
BBOX,2017-04-19,19.69666862487793,20.345241433435902,18.81860114459606,20.245462465320696,18235
BBOX,2017-04-20,19.94611930847168,20.17561397394776,19.487129977519523,20.17561397394776,25590
BBOX,2017-04-21,19.956096649169922,20.345239924816998,19.75653492141355,20.175613027172584,45315
BBOX,2017-04-24,19.956096649169922,20.634604239747567,19.826382858341457,20.355218201520984,34680
BBOX,2017-04-25,19.986032485961914,20.25543835789258,19.477151767396776,19.95609765434216,80770
BBOX,2017-04-26,19.596887588500977,19.89623019981017,19.02813910112386,19.75653621993449,134400
BBOX,2017-04-27,19.47715187072754,19.48713014798706,19.437238761689454,19.447217038948974,10030
BBOX,2017-04-28,19.746559143066406,19.856316383795168,19.287567916656638,19.357413952528145,12090
BBOX,2017-05-02,21.103572845458984,22.909599146579612,19.357414304293034,19.357414304293034,75125
BBOX,2017-05-03,22.001596450805664,22.50049888191837,20.51486743446921,21.353023670991494,185320
BBOX,2017-05-04,21.203353881835938,22.131312732699822,21.123529566877853,22.131312732699822,31430
BBOX,2017-05-05,20.78427505493164,21.293155759395525,20.4549995288858,20.953901956419603,31600
BBOX,2017-05-08,21.48274040222168,21.891840263159825,19.546998343505347,20.355219787899998,146845
BBOX,2017-05-09,21.652366638183594,21.782080435078104,20.99381557021688,21.782080435078104,26935
BBOX,2017-05-10,21.662343978881836,21.871884002492095,21.073640824838385,21.552586731430612,39960
BBOX,2017-05-11,21.662343978881836,21.692278811729544,21.353024985436253,21.353024985436253,19075
BBOX,2017-05-12,21.193374633789062,21.55258498622739,20.953901699884078,21.55258498622739,13695
BBOX,2017-05-15,21.602476119995117,21.821994420242167,20.554781716102404,21.193376255377057,26605
BBOX,2017-05-16,20.804231643676758,21.542607009285497,20.754340258942683,21.183396651847076,7120
BBOX,2017-05-17,20.60466957092285,21.313111997157936,20.55478009017408,21.133506821403643,14000
BBOX,2017-05-18,24.725605010986328,24.725605010986328,20.774296792514203,21.05368283726653,1145070
BBOX,2017-05-19,29.564958572387695,29.664739443771932,26.102576228436085,26.960689057913946,5052305
BBOX,2017-05-22,29.97406005859375,31.81001932056571,27.429656426019434,29.095990682314916,2379290
BBOX,2017-05-23,26.531631469726562,30.91199421098593,25.673518678201557,29.535024336902346,1198050
BBOX,2017-05-24,25.014968872070312,28.337659157252126,24.765517643743863,26.741170915330493,367405
BBOX,2017-05-25,24.865297317504883,27.140293095353496,24.067054186590497,25.942926495820174,379505
BBOX,2017-05-26,24.63580322265625,25.633608110860823,24.007185077316766,25.53382724140801,134640
BBOX,2017-05-29,23.238876342773438,25.14468349279094,22.919577185621993,25.14468349279094,127295
BBOX,2017-05-30,22.700061798095703,23.348634611694642,22.08142191389925,23.348634611694642,32350
BBOX,2017-05-31,22.91957664489746,23.378567864050318,22.15126835929655,22.15126835929655,5965
BBOX,2017-06-01,22.29096031188965,23.14907308461167,22.15126824308809,22.749949625472876,28875
BBOX,2017-06-02,22.340850830078125,22.65017171558989,21.183397312418418,22.290961346950056,34855
BBOX,2017-06-05,22.91957664489746,23.049292340746582,21.233287824152548,22.350828186751166,19160
BBOX,2017-06-06,23.348634719848633,23.548196464878167,22.600281030730653,22.849732260436646,11640
BBOX,2017-06-07,24.51606559753418,24.51606559753418,22.181202026039326,23.328677257427568,36775
BBOX,2017-06-08,25.733388900756836,25.733388900756836,24.546000554578995,24.925165573533327,30080
BBOX,2017-06-09,27.010578155517578,27.010578155517578,25.344243907679278,25.932948946944183,28475
BBOX,2017-06-12,27.02055549621582,27.519457925542675,25.80323425379653,26.441828754323144,34190
BBOX,2017-06-13,25.982839584350586,26.920774786677164,25.673518706088025,25.673518706088025,17505
BBOX,2017-06-14,25.96288299560547,26.54160974009895,25.34424314306884,25.942926441583896,2790
BBOX,2017-06-15,25.8431453704834,26.541609530426893,25.8431453704834,25.942926236641288,14790
BBOX,2017-06-16,25.972862243652344,26.302137784671842,25.014968549583557,25.843146540824225,8570
BBOX,2017-06-19,25.543806076049805,26.242268371136777,24.99501223366522,24.99501223366522,8590
BBOX,2017-06-20,25.94292640686035,25.94292640686035,25.74336467323519,25.75334295023262,10935
BBOX,2017-06-21,25.643587112426758,25.942927826078307,25.543806240155625,25.543806240155625,9405
BBOX,2017-06-22,25.94292640686035,26.88086350983982,24.386351355334018,26.88086350983982,12510
BBOX,2017-06-23,25.912992477416992,25.922970754761582,25.643586601760283,25.643586601760283,2485
BBOX,2017-06-27,24.835363388061523,25.922970882894216,24.625825272274838,25.922970882894216,14750
BBOX,2017-06-28,24.565956115722656,25.703453029753067,24.54599956206837,24.795450773261827,6220
BBOX,2017-06-29,24.845340728759766,25.73338835171935,24.047097598959656,24.346438296844262,6450
BBOX,2017-06-30,25.31431007385254,25.31431007385254,24.346438143989552,24.845340572772788,2985
BBOX,2017-07-03,24.665735244750977,25.543804579870347,24.16683281898461,24.16683281898461,6095
BBOX,2017-07-04,24.785472869873047,24.785472869873047,24.366394752627397,24.366394752627397,1010
BBOX,2017-07-05,24.94512176513672,25.344243332746554,24.546000197526883,24.785473138092783,895
BBOX,2017-07-06,25.334264755249023,25.743364595093244,25.144683202358493,25.29435355054218,16830
BBOX,2017-07-07,24.795452117919922,25.463981476299217,24.446220022677878,25.463981476299217,8555
BBOX,2017-07-10,23.568151473999023,23.578127847750412,23.568151473999023,23.578127847750412,100
BBOX,2017-07-11,24.146879196166992,24.73558423588243,22.849731692064417,22.849731692064417,13455
BBOX,2017-07-12,24.466176986694336,25.284376712961162,24.146879718215754,24.146879718215754,15270
BBOX,2017-07-13,24.3863525390625,25.034925350083782,23.408502280627854,23.408502280627854,7010
BBOX,2017-07-14,24.396329879760742,24.40630625369762,24.38635160266211,24.38635160266211,1135
BBOX,2017-07-17,24.935144424438477,25.613652066436014,24.346439376420722,24.346439376420722,8540
BBOX,2017-07-18,24.366395950317383,24.54600113841682,24.156855929814096,24.166834207282047,2800
BBOX,2017-07-19,24.08700942993164,24.34643892965013,23.997206837599787,23.997206837599787,3185
BBOX,2017-07-20,24.05707550048828,24.945121206425274,23.987229465616164,23.987229465616164,2630
BBOX,2017-07-21,23.887449264526367,24.74556016374359,23.308722512567968,24.74556016374359,19105
BBOX,2017-07-24,23.947317123413086,24.536022154949933,23.548195551988556,23.548195551988556,8560
BBOX,2017-07-25,23.548194885253906,24.87527526214213,23.03931418241022,23.94731644537786,19755
BBOX,2017-07-26,23.548194885253906,23.94731644537786,23.08920366374007,23.08920366374007,4250
BBOX,2017-07-27,24.146879196166992,24.146879196166992,23.0692499867689,23.947317456101427,5935
BBOX,2017-07-28,23.348634719848633,25.11474988292591,23.079226935007316,25.08481505022293,3565
BBOX,2017-07-31,23.64797592163086,23.64797592163086,23.348633322007665,23.358611598977944,4775
BBOX,2017-08-01,22.989425659179688,23.86749312804642,22.949512549923025,22.949512549923025,22970
BBOX,2017-08-02,22.749950408935547,22.949512145377447,22.749950408935547,22.949512145377447,2295
BBOX,2017-08-03,22.749950408935547,22.749950408935547,22.749950408935547,22.749950408935547,2125
BBOX,2017-08-04,22.300939559936523,22.63021509585347,22.161245581889304,22.161245581889304,1695
BBOX,2017-08-07,22.350828170776367,23.18898439370713,21.552585055205025,21.752144882517005,9035
BBOX,2017-08-08,22.530433654785156,23.46837075574205,21.692277420425672,23.428457647838393,13830
BBOX,2017-08-09,22.8497314453125,22.8497314453125,21.951707431038727,22.151269168949245,16400
BBOX,2017-08-10,21.901817321777344,23.32867666533257,21.901817321777344,21.951706803247305,21820
BBOX,2017-08-11,20.96388053894043,22.929555446939048,20.864099671346818,20.864099671346818,6605
BBOX,2017-08-14,21.752145767211914,21.991620614784857,20.754340880584547,21.15346435776492,3365
BBOX,2017-08-16,20.75434112548828,21.542607908743204,20.664538532379193,21.153464607378364,20905
BBOX,2017-08-17,20.724407196044922,20.804231507936887,20.355218564068505,20.355218564068505,20385
BBOX,2017-08-18,21.30313491821289,21.752145979684016,19.976054482162215,20.15565966801539,148270
BBOX,2017-08-21,22.33087158203125,22.36080641250381,20.963880010866653,21.13350691055442,22920
BBOX,2017-08-22,21.233287811279297,23.00937921940858,21.223309534438357,21.372979880729005,3060
BBOX,2017-08-23,21.02374839782715,21.3430456531099,20.63460510584651,20.76431890211947,10060
BBOX,2017-08-24,21.712234497070312,21.851926571772545,20.814210482398355,20.95390255710059,14315
BBOX,2017-08-28,22.091400146484375,22.640193990076277,21.55258648355545,21.95170806779203,5815
BBOX,2017-08-29,21.602476119995117,22.490523792231013,21.28317885035779,21.552586635299978,8730
BBOX,2017-08-30,21.77210235595703,21.93175098581564,21.223310428713287,21.762124078695646,10700
BBOX,2017-08-31,21.782079696655273,22.829774022949948,21.23328779300791,21.23328779300791,12210
BBOX,2017-09-01,21.991621017456055,22.350829489069074,21.462783732722187,21.462783732722187,15380
BBOX,2017-09-04,21.622432708740234,21.95170825646067,21.47276235126037,21.95170825646067,3370
BBOX,2017-09-05,21.652366638183594,22.470566334556672,21.353024032550326,21.592496975159875,9440
BBOX,2017-09-06,21.652366638183594,22.031531654858274,21.353024032550326,21.363002309720944,8755
BBOX,2017-09-07,22.520456314086914,22.729996332969183,21.61245400630798,22.520456314086914,35655
BBOX,2017-09-08,23.637998580932617,23.637998580932617,22.749950927020574,22.9495126680071,33110
BBOX,2017-09-11,24.81540870666504,24.81540870666504,23.94731760605437,23.94731760605437,22625
BBOX,2017-09-12,25.803234100341797,26.05268531352171,24.356416302633622,26.012772205895295,52285
BBOX,2017-09-13,26.272201538085938,26.980643968903244,24.655756849003783,26.14248774540312,32620
BBOX,2017-09-14,25.32428741455078,27.030534775779664,25.14468413198725,27.030534775779664,11005
BBOX,2017-09-15,25.50389289855957,25.932949313218877,24.62582541749727,25.30433305898996,5090
BBOX,2017-09-18,24.735584259033203,26.302137639580135,24.23668181156415,25.24446308066925,19580
BBOX,2017-09-19,24.406307220458984,25.424068686893058,24.14687961826536,24.14687961826536,6330
BBOX,2017-09-20,25.583717346191406,25.623630456207064,23.40850233254577,23.40850233254577,20035
BBOX,2017-09-21,25.543806076049805,26.142489402668517,24.54600116607256,25.743365916148154,29475
BBOX,2017-09-22,24.615846633911133,24.965078724929572,24.266614542892693,24.745560431806204,5445
BBOX,2017-09-25,23.52823829650879,24.33645969245449,23.38854622646333,24.057075552363575,7710
BBOX,2017-09-26,22.620237350463867,23.74775605960999,22.57034786630659,22.65017218285533,3740
BBOX,2017-09-27,21.64238929748535,22.73997509264331,21.572543257430528,22.23109435389293,7595
BBOX,2017-09-28,22.490522384643555,22.640192732523584,20.983836822572925,21.931750294587584,4195
BBOX,2017-09-29,23.288766860961914,23.548196367159,22.949513037716635,23.508283257053982,6870
BBOX,2017-10-03,22.8497314453125,23.268809572395167,22.570347296031912,23.268809572395167,2715
BBOX,2017-10-04,22.360807418823242,22.899622972607798,22.091399641930966,22.570347435237835,1820
BBOX,2017-10-05,23.139095306396484,23.458392558058073,21.66234266271902,22.091399058324935,6930
BBOX,2017-10-06,23.548194885253906,24.28657024727365,23.149073325129955,24.22670248904549,11065
BBOX,2017-10-09,24.286571502685547,25.82319006438348,23.947317683253182,25.82319006438348,21610
BBOX,2017-10-10,23.538217544555664,24.885254528817047,22.610258690883114,24.346438973847775,19020
BBOX,2017-10-11,23.14907455444336,24.346439298400334,22.33087293378715,22.33087293378715,1905
BBOX,2017-10-12,23.847536087036133,24.346438523598234,22.749950345967157,22.749950345967157,17220
BBOX,2017-10-13,23.488327026367188,23.647975649732597,23.059270637387,23.558173061194342,1955
BBOX,2017-10-16,23.05927085876465,24.336459857949436,22.969468269364253,23.149073448165044,8810
BBOX,2017-10-17,22.829774856567383,23.14907401737654,22.370785524489715,23.14907401737654,5485
BBOX,2017-10-18,23.169029235839844,23.947317747780982,22.151269677962137,22.151269677962137,935
BBOX,2017-10-19,22.96946907043457,24.346438983993533,22.3508292000078,22.550390939671093,8980
BBOX,2017-10-23,22.530433654785156,22.949511771964897,21.02374808833327,21.093594124002937,17540
BBOX,2017-10-24,22.161245346069336,23.438436270391332,21.02374839830806,21.02374839830806,65345
BBOX,2017-10-25,22.440631866455078,23.139096054415404,21.831970271322845,21.831970271322845,57075
BBOX,2017-10-26,22.66014862060547,22.949512958380996,21.642389057549824,21.642389057549824,61030
BBOX,2017-10-27,22.440631866455078,22.809820515099663,21.93175114148315,21.96168597347978,104000
BBOX,2017-10-30,22.8497314453125,23.248853017971758,22.450609872653242,22.59030194729354,56750
BBOX,2017-10-31,23.198963165283203,23.278787478542654,22.550390382154948,22.550390382154948,54850
BBOX,2017-11-01,22.700061798095703,23.518261523235456,22.650172313650337,23.518261523235456,55075
BBOX,2017-11-02,22.690082550048828,23.33865533590629,22.36080701857278,22.749950309454903,57890
BBOX,2017-11-03,23.129117965698242,23.548196101259606,22.340851178481607,22.749951036629387,70965
BBOX,2017-11-06,23.079225540161133,23.64797590817301,22.949511745944783,23.059270889393662,84310
BBOX,2017-11-07,22.430652618408203,24.146878182040567,22.360806583267205,24.146878182040567,54280
BBOX,2017-11-08,22.181201934814453,23.647976320431898,21.951707270113005,22.749950409579682,68885
BBOX,2017-11-09,22.500499725341797,23.548196011848056,22.191180739342492,23.548196011848056,18790
BBOX,2017-11-10,21.821992874145508,22.630214268547427,20.704450606431312,22.44063081444663,31215
BBOX,2017-11-13,21.462783813476562,21.951707990336455,21.00379256585265,21.153464824679862,11085
BBOX,2017-11-14,21.422870635986328,21.592497546048115,21.013770776983517,21.592497546048115,10905
BBOX,2017-11-15,21.15346336364746,21.951706474170813,20.554780079174098,21.752144744959125,5155
BBOX,2017-11-16,20.923967361450195,21.353023758470766,20.75434045805048,20.99381530074799,7145
BBOX,2017-11-17,21.382959365844727,22.151269597556006,21.153464695020364,21.153464695020364,12050
BBOX,2017-11-20,22.17122459411621,22.34085150631259,21.01377104142158,21.01377104142158,11825
BBOX,2017-11-21,22.57034683227539,23.747754971637363,21.45280454863001,22.151268713803592,21115
BBOX,2017-11-22,22.27100372314453,23.139094771290868,22.151268208121262,23.12911649451198,11785
BBOX,2017-11-23,21.73219108581543,23.528239117995113,21.58251883049897,23.51826084076323,9650
BBOX,2017-11-24,22.051488876342773,22.89962342988708,21.69227849998005,22.89962342988708,10145
BBOX,2017-11-27,22.51047706604004,23.24885243266084,21.213331511763823,22.340850164035142,66100
BBOX,2017-11-28,22.340850830078125,22.749950681846034,22.161245645758207,22.749950681846034,28100
BBOX,2017-11-29,22.151269912719727,22.330873199075576,21.871883850896445,21.95170816810855,8775
BBOX,2017-11-30,21.95170783996582,22.510478052097824,21.78208093053052,21.821994040120856,12670
BBOX,2017-12-01,22.111356735229492,22.490523668204244,22.111356735229492,22.490523668204244,7150
BBOX,2017-12-04,21.812015533447266,22.680104723132235,21.422870331679228,21.911794500050654,5980
BBOX,2017-12-05,21.61245346069336,22.34085056337363,21.50269431532776,22.34085056337363,6755
BBOX,2017-12-06,23.27878761291504,23.767711772346615,22.151268943721693,22.151268943721693,234015
BBOX,2017-12-07,26.761127471923828,27.928559296686498,23.169029403180087,23.34863459209155,1580005
BBOX,2017-12-08,29.505090713500977,30.253444391671593,25.304332980220916,26.721216020350425,1595625
BBOX,2017-12-11,30.981840133666992,33.39652987352636,28.337657635987938,29.554980782894432,3231665
BBOX,2017-12-12,31.37098503112793,32.328878677206916,30.732388632688036,31.131512095398612,519290
BBOX,2017-12-13,31.790063858032227,34.11494723248592,29.63480548492785,31.690282990114813,1490740
BBOX,2017-12-14,31.91977882385254,33.3266854970386,31.35103032999106,32.15925177373307,543725
BBOX,2017-12-15,29.97406005859375,32.53841834273119,29.475157609441354,32.12931848667917,317175
BBOX,2017-12-18,30.722414016723633,31.131513876562746,28.33765899354916,30.732390391016644,192195
BBOX,2017-12-19,30.552785873413086,31.370985560074352,29.53502445203172,30.363202415745167,227960
BBOX,2017-12-20,29.225706100463867,30.732389807459874,28.9562983237844,30.732389807459874,183910
BBOX,2017-12-21,27.81879997253418,30.333268795182974,27.76891048844395,30.333268795182974,105815
BBOX,2017-12-22,26.691280364990234,28.89642822181384,26.43185086951185,28.89642822181384,88875
BBOX,2017-12-26,26.332069396972656,27.91857926159828,25.40411058145634,26.74116923344475,43410
BBOX,2017-12-27,26.292158126831055,27.619238498615182,25.44402362535359,27.619238498615182,38930
BBOX,2017-12-28,25.743364334106445,27.090401260426813,25.364199329007636,25.364199329007636,21175
BBOX,2017-12-29,25.563762664794922,25.9429276936962,24.456198604244566,25.354222643778606,84830
BBOX,2018-01-01,25.46398162841797,26.441829978407796,24.36639585245547,25.2045521247787,41585
BBOX,2018-01-02,25.50389289855957,25.942927590671633,24.55597937848982,24.745560940606673,45765
BBOX,2018-01-03,24.91518783569336,25.942927574754588,24.765517480317524,25.394135637322584,32760
BBOX,2018-01-04,25.004989624023438,25.40411119322203,24.546000295235498,24.92516531018372,38485
BBOX,2018-01-05,25.234485626220703,25.823188738123104,25.004989063806658,25.004989063806658,27885
BBOX,2018-01-08,25.62363052368164,25.942927792000365,25.54380620660196,25.54380620660196,32670
BBOX,2018-01-09,25.543806076049805,25.743365916148154,24.955101026910285,25.623630392721513,27515
BBOX,2018-01-10,25.66353988647461,26.54160921441543,24.965077638008918,26.54160921441543,26725
BBOX,2018-01-11,25.35422134399414,26.13250982004432,25.194572718624116,25.6435856669534,3260
BBOX,2018-01-12,25.743364334106445,25.743364334106445,24.74555948544865,25.154659321145406,64940
BBOX,2018-01-15,25.154659271240234,25.873079978872045,25.144682897555757,25.74336428303332,31530
BBOX,2018-01-16,24.416284561157227,25.344243397704577,24.366395078763787,24.94512182907178,49190
BBOX,2018-01-17,24.955101013183594,25.144684478860302,23.947317826281495,23.947317826281495,27630
BBOX,2018-01-18,24.665735244750977,25.523848026080877,24.19676764966881,24.955099565213096,43300
BBOX,2018-01-19,24.565956115722656,24.945121119345558,23.967272828226022,24.346437831848924,6345
BBOX,2018-01-22,24.136899948120117,24.74555961483386,23.947316492998596,23.947316492998596,10480
BBOX,2018-01-23,24.346439361572266,24.9052095768687,23.967274334125857,24.14687952197588,21410
BBOX,2018-01-24,24.615846633911133,24.935143893186805,23.64797657883652,24.34643885771161,33005
BBOX,2018-01-25,24.745559692382812,24.945121425047887,23.747754835380896,23.76771138927975,28765
BBOX,2018-01-29,24.027141571044922,24.346438829956597,23.608063442932902,23.987230365261855,60455
BBOX,2018-01-30,25.16463851928711,25.224508182674835,23.74775550619458,23.74775550619458,29675
BBOX,2018-01-31,24.32648277282715,24.426263644067465,23.967274300788567,24.246658456467262,16960
BBOX,2018-02-01,23.74775505065918,24.166833170525482,23.558173496386665,24.047097652370393,17755
BBOX,2018-02-02,22.56036949157715,23.74775595722513,22.56036949157715,23.74775595722513,21550
BBOX,2018-02-05,22.121334075927734,22.151268907209136,21.432848181749574,21.951707171656643,23680
BBOX,2018-02-06,21.103572845458984,21.752145637259698,21.023748531132153,21.023748531132153,19270
BBOX,2018-02-07,21.68229866027832,22.151268151887052,21.063660726851307,22.151268151887052,24280
BBOX,2018-02-08,22.550390243530273,22.759928350862577,21.752145212681093,21.752145212681093,8680
BBOX,2018-02-09,22.580324172973633,23.04929369655935,21.552586338382273,22.350829501478653,84425
BBOX,2018-02-12,23.418479919433594,23.49830423394904,22.350828999103864,22.36080727631352,19705
BBOX,2018-02-14,24.58591079711914,24.58591079711914,23.8475354394378,23.927359750993574,12865
BBOX,2018-02-15,25.813213348388672,25.813213348388672,25.813213348388672,25.813213348388672,46890
BBOX,2018-02-16,25.6934757232666,26.940731826337796,24.975056893035834,26.721215437335506,49440
BBOX,2018-02-19,24.54599952697754,26.132509380152786,24.416283831571825,26.132509380152786,18820
BBOX,2018-02-20,23.947317123413086,25.21452977795252,23.947317123413086,23.947317123413086,18730
BBOX,2018-02-21,23.967273712158203,24.59588995015843,23.218920050977957,23.218920050977957,10475
BBOX,2018-02-22,23.947317123413086,24.446219563484192,23.947317123413086,23.947317123413086,8735
BBOX,2018-02-23,24.346439361572266,25.124727874535097,24.05707692805087,24.27659332255544,18975
BBOX,2018-02-26,23.977251052856445,24.516064678217262,23.747754492655165,24.146877952225196,22390
BBOX,2018-02-27,24.346439361572266,24.63580369825549,23.94731777921767,23.94731777921767,21380
BBOX,2018-02-28,23.947317123413086,24.326482140475946,23.947317123413086,24.057076269240497,16800
BBOX,2018-03-01,24.067054748535156,24.506087529208227,23.947317324521364,23.947317324521364,8325
BBOX,2018-03-05,23.947317123413086,24.486132672207532,23.947317123413086,23.947317123413086,21990
BBOX,2018-03-06,23.258831024169922,23.947316918460967,23.019358083364722,23.947316918460967,7035
BBOX,2018-03-07,23.019357681274414,23.598084420568515,22.350828352851767,23.598084420568515,16890
BBOX,2018-03-08,23.119138717651367,23.448414245828015,22.66014749170595,23.149073548635332,15770
BBOX,2018-03-09,23.18898582458496,23.63799879427628,22.59030249938381,23.63799879427628,8285
BBOX,2018-03-12,23.109161376953125,23.149074486548873,22.550391164745367,22.550391164745367,7975
BBOX,2018-03-13,22.81979751586914,23.149073036764875,22.600279233164187,23.149073036764875,10400
BBOX,2018-03-14,22.610258102416992,22.899622426960857,22.350828608979587,22.55039034336582,10450
BBOX,2018-03-15,22.690082550048828,23.11913894930951,22.420674777978853,22.829774623050255,18570
BBOX,2018-03-16,22.26102638244629,22.630215026142835,21.951707401940606,22.560368988915272,34655
BBOX,2018-03-19,21.323091506958008,22.300939850207385,21.203354081810705,21.6822999760763,26140
BBOX,2018-03-20,21.14348602294922,21.87188313144507,20.634605303775437,20.634605303775437,7605
BBOX,2018-03-21,20.943923950195312,21.552585528665414,20.764318769455826,20.953902227254368,21305
BBOX,2018-03-22,20.824188232421875,21.353023589356024,20.754340293677274,21.34304531239251,23160
BBOX,2018-03-23,20.3552188873291,20.973858741687728,19.81640524929188,19.82638352633205,10350
BBOX,2018-03-26,20.34524154663086,20.953903151961526,19.976054794962163,20.75434140829716,36965
BBOX,2018-03-27,20.46497917175293,20.75434160939196,20.05587930612274,20.554781766955834,23540
BBOX,2018-03-28,20.01596450805664,20.94392331146959,19.97605330419934,20.19556968331872,17830
BBOX,2018-04-02,21.013771057128906,21.013771057128906,20.55478170799671,20.634606025374563,7910
BBOX,2018-04-03,21.821992874145508,22.06146580940675,20.584713187219833,21.722212008662893,12230
BBOX,2018-04-04,21.58251953125,22.90959999559014,20.96388154808131,22.90959999559014,21395
BBOX,2018-04-05,21.37298011779785,21.901817377263143,21.073639421896278,21.073639421896278,8355
BBOX,2018-04-06,21.662343978881836,22.0914004005564,20.973859951841206,22.0914004005564,10290
BBOX,2018-04-09,21.52265167236328,22.610259179961034,20.604671076129268,21.153464920264575,9325
BBOX,2018-04-10,22.161245346069336,22.35082880508347,21.36300220784419,21.36300220784419,10070
BBOX,2018-04-11,21.77210235595703,22.05148840979049,21.472761650762585,21.55258596569189,2935
BBOX,2018-04-12,21.55258560180664,21.951707169714552,21.55258560180664,21.951707169714552,11645
BBOX,2018-04-13,22.490522384643555,22.749949972616015,22.161244954881074,22.510477035375626,19300
BBOX,2018-04-16,24.027141571044922,24.346438829956597,22.550390796997537,22.550390796997537,30485
BBOX,2018-04-17,23.83755874633789,24.34643948000104,22.74995123965501,23.947317895704995,10440
BBOX,2018-04-18,23.378568649291992,24.04709799520108,23.368590372109853,24.04709799520108,45890
BBOX,2018-04-19,23.21891975402832,23.98722995977285,22.829774561041408,23.34863354958279,23645
BBOX,2018-04-20,23.238876342773438,23.54819531968073,22.949512016869186,23.54819531968073,2785
BBOX,2018-04-23,24.007184982299805,24.645781402373277,21.572542434993093,23.24885304188628,32515
BBOX,2018-04-24,23.548194885253906,25.13470475201313,23.358611430509384,23.94731644537786,15105
BBOX,2018-04-25,23.348634719848633,24.14687979680492,23.15905125238676,23.647977337392934,9460
BBOX,2018-04-26,25.683496475219727,25.683496475219727,23.737778169874392,23.737778169874392,610125
BBOX,2018-04-27,26.34204864501953,27.858712530528013,26.042707940083655,26.242267775653644,350485
BBOX,2018-04-30,26.042707443237305,27.140293178998597,25.543805009087784,26.14248831069956,250130
BBOX,2018-05-02,26.322092056274414,26.74117018453658,25.05488129740992,25.95290531421119,250900
BBOX,2018-05-03,25.82318878173828,26.28218000417989,25.044902213713833,25.054880490632318,14175
BBOX,2018-05-04,25.374177932739258,25.942926399294844,25.344243101755694,25.942926399294844,13525
BBOX,2018-05-07,25.424068450927734,25.733389340881747,25.344244134879368,25.733389340881747,5260
BBOX,2018-05-08,24.396329879760742,25.244462498365145,24.06705434815291,25.244462498365145,34550
BBOX,2018-05-09,23.897428512573242,24.546001327696636,23.74775625256167,24.146879741710073,9470
BBOX,2018-05-10,22.729995727539062,23.74775525318392,22.55039054561298,23.74775525318392,25565
BBOX,2018-05-11,23.448413848876953,23.548194713972602,22.55038986933954,22.55038986933954,2470
BBOX,2018-05-14,22.340850830078125,23.548195734027694,22.23109358656401,23.548195734027694,16390
BBOX,2018-05-15,22.57034683227539,22.969468396733834,22.151268713803592,22.161245087648528,6625
BBOX,2018-05-16,22.350828170776367,22.929554905356017,21.971663166670407,22.929554905356017,1570
BBOX,2018-05-17,22.45060920715332,22.92955508014711,22.35082834115585,22.92955508014711,1840
BBOX,2018-05-18,22.0415096282959,22.440631193811907,21.971663592225816,22.151268772498454,22325
BBOX,2018-05-21,21.223310470581055,22.939534196527635,21.003792176721078,22.939534196527635,7505
BBOX,2018-05-22,22.001596450805664,22.93953355418284,21.153463840443457,21.223309876293357,13230
BBOX,2018-05-23,21.73219108581543,22.889644600448875,21.25324329449397,21.273199848957734,4495
BBOX,2018-05-24,21.39293670654297,22.600279672228965,21.283177563058157,21.372980152607234,12625
BBOX,2018-05-25,21.712234497070312,22.280982976257157,21.45280499893632,21.45280499893632,9760
BBOX,2018-05-28,22.66014862060547,22.74995121486947,21.4927187014971,21.4927187014971,5915
BBOX,2018-05-29,24.805429458618164,24.925164976192434,22.979446638735794,23.03931439752293,107565
BBOX,2018-05-30,27.279985427856445,27.279985427856445,24.935143591566877,24.945121868693768,354445
BBOX,2018-05-31,24.655757904052734,27.8886474205562,24.55597893764016,27.339853589478075,146695
BBOX,2018-06-01,24.246658325195312,25.463981522045263,23.847536745556727,24.86529820100648,25180
BBOX,2018-06-04,23.09918212890625,24.516065106265756,22.96946833449439,23.947316640558373,53945
BBOX,2018-06-05,21.991621017456055,22.94951281263987,21.382959416456867,22.94951281263987,26690
BBOX,2018-06-06,21.961685180664062,22.799841414694335,21.22330981319201,21.293155848834243,11480
BBOX,2018-06-07,24.81540870666504,25.543805827090356,22.849731835144517,22.849731835144517,111670
BBOX,2018-06-08,24.017162322998047,25.14468286401079,23.797645942159907,24.945121133676693,69635
BBOX,2018-06-11,23.757734298706055,24.14687950651929,23.398525826397766,23.74775602125835,16755
BBOX,2018-06-12,23.917383193969727,24.605869120120982,23.62802075745864,23.647977312573015,16895
BBOX,2018-06-13,23.348634719848633,24.326483083537283,23.009380895195534,23.997207536451846,21820
BBOX,2018-06-14,23.198963165283203,23.72780043010316,23.1490736831817,23.169028334125255,11560
BBOX,2018-06-15,22.979446411132812,23.528238318096392,22.94951158045487,23.268808828372716,3235
BBOX,2018-06-18,23.887449264526367,24.126922206388972,23.129117330380573,23.149073884659565,9335
BBOX,2018-06-19,23.198963165283203,24.14687855050571,22.9495119484522,23.448414382114205,41080
BBOX,2018-06-20,23.05927085876465,23.338655000755455,22.749949982758068,22.869687403012506,12730
BBOX,2018-06-21,22.60028076171875,23.149074602436734,22.550391277636127,22.889645098251076,18415
BBOX,2018-06-22,21.55258560180664,22.74995030553038,21.23328834748031,22.450609605389886,146970
BBOX,2018-06-25,20.49491310119629,22.41069663931888,20.415086883946078,22.41069663931888,24705
BBOX,2018-06-26,21.083616256713867,21.921772507360007,20.69447296290022,21.313112825295903,13290
BBOX,2018-06-27,20.574737548828125,21.73219106220403,20.55478099438604,20.764319106542573,138785
BBOX,2018-06-28,20.943923950195312,22.15126883007646,20.365197202902376,20.454999793272123,17040
BBOX,2018-06-29,20.25543785095215,21.532628754003554,20.20554836932961,20.754340279824486,40960
BBOX,2018-07-02,20.764318466186523,21.043704510274292,19.796448443535237,20.55478036049199,10095
BBOX,2018-07-03,20.365198135375977,20.894035424749582,19.556976688203505,20.235484333992478,18020
BBOX,2018-07-04,20.34524154663086,20.554781567794628,20.1955711904635,20.554781567794628,10080
BBOX,2018-07-05,20.474956512451172,20.654561694638566,20.28537305312428,20.28537305312428,8155
BBOX,2018-07-06,20.37517547607422,20.554780656779442,20.365197199017068,20.47495634348398,4250
BBOX,2018-07-09,21.173418045043945,21.652365815220985,20.195569757430533,20.654560974024843,18685
BBOX,2018-07-10,21.812015533447266,22.9195776686716,20.464978549521774,20.464978549521774,23645
BBOX,2018-07-11,21.21333122253418,23.149073153757193,20.973858288232627,22.69008193564127,21550
BBOX,2018-07-12,21.103572845458984,21.73219098604932,20.864099902478497,20.864099902478497,19920
BBOX,2018-07-13,21.492717742919922,22.350828634159253,20.6545615026123,21.123529104838,22980
BBOX,2018-07-16,20.50489044189453,20.99381652979366,20.355220083817713,20.95390341928685,8810
BBOX,2018-07-17,20.554780960083008,21.233288584687262,20.16563576175893,20.16563576175893,10240
BBOX,2018-07-18,20.025943756103516,21.92177265873762,19.95609771859432,20.085811516373997,42990
BBOX,2018-07-19,20.953903198242188,21.392937893376384,20.235484345155,20.245462622676442,59830
BBOX,2018-07-20,20.96388053894043,21.333067274926513,20.375175513616046,20.93394570771382,10235
BBOX,2018-07-23,21.193374633789062,21.492717228541572,20.953901699884078,21.48273895173365,48825
BBOX,2018-07-24,22.350828170776367,22.450609036013212,21.76212315935686,21.92177178247113,25780
BBOX,2018-07-25,23.79764747619629,24.90520963177689,22.201159240096324,22.93953464487067,46085
BBOX,2018-07-26,23.169029235839844,23.88744998629684,23.04929371287156,23.44841529470221,22615
BBOX,2018-07-27,23.119138717651367,23.31870045122098,22.520455420104263,23.31870045122098,9750
BBOX,2018-07-30,22.42067527770996,23.318701204625842,22.191180608903366,22.749950816525185,38245
BBOX,2018-07-31,23.608062744140625,24.64578070804918,22.680103923419786,22.889643932854362,72220
BBOX,2018-08-01,22.690082550048828,24.20674641152229,22.171223560098156,22.36080701857278,102500
BBOX,2018-08-02,22.869688034057617,23.12911753246592,22.37078559169437,22.869688034057617,11240
BBOX,2018-08-03,22.360807418823242,23.149074194953585,22.221115343321376,22.99940193901668,9370
BBOX,2018-08-06,21.77210235595703,23.14907416743977,21.602475448837033,23.14907416743977,57435
BBOX,2018-08-07,22.280982971191406,22.35082900852664,21.353024125082044,21.353024125082044,7120
BBOX,2018-08-08,21.64238929748535,22.450610751659784,21.63241101988297,22.450610751659784,20595
BBOX,2018-08-09,21.532629013061523,22.350828701749997,21.392936940308395,21.95170713448266,58745
BBOX,2018-08-10,21.033727645874023,21.871883931261717,20.764319860607582,21.163441448134613,37030
BBOX,2018-08-13,20.983837127685547,21.36300214137226,20.554780728538898,21.033726609983724,5795
BBOX,2018-08-14,21.013771057128906,21.522651794098415,20.634606025374563,20.634606025374563,2435
BBOX,2018-08-16,21.1235294342041,21.40291548638352,20.794253899174898,21.40291548638352,16880
BBOX,2018-08-17,21.00379180908203,21.732190812556375,20.8541214588093,21.72221253544996,12490
BBOX,2018-08-20,21.033727645874023,21.55258666124009,20.754341583024175,20.754341583024175,21130
BBOX,2018-08-21,21.1235294342041,21.532629283690028,20.983837359695283,21.25324323151061,7315
BBOX,2018-08-23,20.854122161865234,21.742169822657516,20.604670935280335,21.742169822657516,28880
BBOX,2018-08-24,20.834165573120117,21.1534647412858,20.55478141782265,20.594692624367223,21875
BBOX,2018-08-27,21.00379180908203,21.552585630964394,20.375175576671854,21.34304561805316,31170
BBOX,2018-08-28,20.694473266601562,21.05368363733914,20.554781190497746,21.05368363733914,30630
BBOX,2018-08-29,20.52484703063965,20.894035690782637,20.355220117032633,20.604671348621665,26040
BBOX,2018-08-30,20.365198135375977,20.854122314685835,20.335263302828167,20.844144037169897,30440
BBOX,2018-08-31,20.71442985534668,21.123529710177387,20.35521948401755,21.123529710177387,15225
BBOX,2018-09-03,20.824188232421875,21.752145152087945,20.604669945548018,21.243266349080827,33820
BBOX,2018-09-04,20.574737548828125,21.303134657508142,20.544802717165,20.80423221542674,25600
BBOX,2018-09-05,20.235483169555664,20.405110071241847,19.75653539216062,20.405110071241847,37210
BBOX,2018-09-06,20.275394439697266,21.1434855048176,20.15565892233278,21.1434855048176,19780
BBOX,2018-09-07,19.896230697631836,20.405111436744495,19.8164063799178,20.355220048697063,42650
BBOX,2018-09-10,19.836360931396484,20.464979095473772,19.45719589996781,20.464979095473772,27635
BBOX,2018-09-11,19.81640625,20.494913897701867,19.786471417367796,20.4849356201578,10975
BBOX,2018-09-12,19.776493072509766,20.43504416288196,19.55697667677298,20.43504416288196,2605
BBOX,2018-09-14,19.666732788085938,20.155658842055765,19.576932102001102,19.95609710969413,7630
BBOX,2018-09-17,18.160049438476562,19.926162616176097,17.850728557764068,19.676711398082528,158285
BBOX,2018-09-18,17.830774307250977,19.147876463865117,17.7808829206145,18.269807090681155,65385
BBOX,2018-09-19,17.76092529296875,18.539213749022803,17.561365467964265,17.83077323004009,25120
BBOX,2018-09-21,16.523649215698242,17.571345540929475,16.184395385032346,17.571345540929475,32020
BBOX,2018-09-24,16.743165969848633,17.551387360718746,15.02694137148097,16.96268235042176,15850
BBOX,2018-09-25,15.565756797790527,17.242069331836525,15.465975927304587,17.142288461350585,13890
BBOX,2018-09-26,14.877270698547363,15.595690482936105,14.777490780892276,15.565756602797668,48835
BBOX,2018-09-27,13.759729385375977,15.366194914578944,13.669926793086084,14.96707333949153,36165
BBOX,2018-09-28,13.390542030334473,14.567952134092634,12.77190309745943,13.570147219472068,23675
BBOX,2018-10-01,13.659948348999023,14.827380131349212,13.101178150700317,13.101178150700317,17185
BBOX,2018-10-03,13.610058784484863,14.069049063257866,13.540211796432292,13.969268195514697,17950
BBOX,2018-10-04,13.600080490112305,13.649970923920492,13.171024091575116,13.280783236269306,25030
BBOX,2018-10-05,13.7098388671875,13.829575338985277,12.87168261302217,13.171024268307058,18085
BBOX,2018-10-08,13.410496711730957,13.769707065307701,13.001396877118204,13.769707065307701,13680
BBOX,2018-10-09,13.829575538635254,14.268610226479428,13.470366118056212,13.470366118056212,26815
BBOX,2018-10-10,13.929356575012207,14.168829524918443,13.560168872678199,13.570147150152854,26100
BBOX,2018-10-11,12.27299976348877,13.96926780686312,11.79405294385999,13.949311253237363,141705
BBOX,2018-10-12,11.973658561706543,12.77190265613649,11.794053378775061,12.761924378955655,183580
BBOX,2018-10-15,12.91159439086914,12.961484823880696,11.97365824689155,12.35282420556615,17985
BBOX,2018-10-16,14.228697776794434,14.847336686448859,13.370584973418229,13.749750940931756,106380
BBOX,2018-10-17,13.280783653259277,14.887249201572759,13.181002782509982,14.887249201572759,31195
BBOX,2018-10-19,11.953701972961426,13.769707496671723,11.734185585099791,13.769707496671723,141690
BBOX,2018-10-22,10.985832214355469,12.512473450051175,10.876073065974262,12.512473450051175,73025
BBOX,2018-10-23,10.277390480041504,11.734185646551241,10.12771917671833,11.734185646551241,71325
BBOX,2018-10-24,10.17760944366455,10.856117057102479,10.097785130504898,10.277390310904554,82365
BBOX,2018-10-25,10.037917137145996,10.377169984366107,9.98802670469041,10.177609206124615,35225
BBOX,2018-10-26,10.337258338928223,10.935941654782436,9.79844373529179,9.978048920364234,43905
BBOX,2018-10-29,10.676511764526367,10.876072545328746,10.177609336729986,10.297345805211416,32015
BBOX,2018-10-30,10.925963401794434,11.27519549541663,10.676512178230265,11.27519549541663,50975
BBOX,2018-10-31,12.412692070007324,12.652165960193408,10.975853486795176,11.175414268966186,56910
BBOX,2018-11-01,12.47256088256836,12.971463317871093,11.98363672435109,12.961485040785629,61940
BBOX,2018-11-02,12.312911987304688,12.971463035305733,11.973658186436062,12.95150648156953,55810
BBOX,2018-11-05,11.943724632263184,12.572341818338181,11.873877643867596,12.193175851265284,3395
BBOX,2018-11-06,12.632209777832031,12.951507038699539,11.973658701502346,12.372780277586731,27410
BBOX,2018-11-07,12.352824211120605,13.370584667741975,12.173219032830596,13.370584667741975,16650
BBOX,2018-11-09,12.791858673095703,12.971463861842492,12.382758811244386,12.382758811244386,8290
BBOX,2018-11-12,13.919378280639648,14.927161466414436,13.061266402060246,13.151068996061294,107230
BBOX,2018-11-13,13.669926643371582,14.118938648322523,13.390541543870247,13.969268297199172,18700
BBOX,2018-11-14,13.530234336853027,14.128916682637136,13.370584759729729,13.450409072500944,27875
BBOX,2018-11-15,13.799641609191895,13.97924679463468,13.400520032186702,13.969268517314326,18645
BBOX,2018-11-16,14.218719482421875,14.567951569640028,13.639992730491876,13.739773598720172,42475
BBOX,2018-11-19,13.739773750305176,14.069049286878071,13.669926761142422,13.779685907720651,9075
BBOX,2018-11-20,13.749751091003418,13.94931187829894,13.390541673871482,13.769707645523418,13920
BBOX,2018-11-21,13.430453300476074,13.969267880667143,13.300738555965891,13.610058477733382,9400
BBOX,2018-11-22,13.390542030334473,14.06904967678235,13.37058547528322,13.37058547528322,2920
BBOX,2018-11-26,13.739773750305176,13.919377982884368,13.171024317658532,13.300739067154051,10955
BBOX,2018-11-27,13.520256042480469,13.929355882802243,13.200957840225215,13.390541296498782,11625
BBOX,2018-11-28,13.250848770141602,13.470366113997548,13.041309703638404,13.440432233520207,20470
BBOX,2018-11-29,13.370585441589355,13.709839263958376,13.131112491063313,13.709839263958376,5430
BBOX,2018-11-30,13.719817161560059,13.849531910731788,13.151068681914,13.210936442097326,6430
BBOX,2018-12-03,13.630014419555664,14.019158662784031,13.17102413968921,13.719817010422279,28590
BBOX,2018-12-04,13.699860572814941,14.02913705932248,13.270805120638911,13.440432026701838,24830
BBOX,2018-12-05,13.370585441589355,13.749751422379383,13.370585441589355,13.749751422379383,5910
BBOX,2018-12-06,13.161046028137207,13.520256396122429,13.001397398624173,13.220914739995042,18275
BBOX,2018-12-07,12.791858673095703,13.450409763059374,12.402715366252215,13.450409763059374,11180
BBOX,2018-12-10,12.173219680786133,12.592297818048916,11.804031979212903,12.592297818048916,11530
BBOX,2018-12-11,12.352824211120605,12.921572673597815,12.173219032830596,12.911594396674845,1430
BBOX,2018-12-12,12.89163875579834,13.061265656657334,12.422670209212837,12.532429351875043,4125
BBOX,2018-12-13,13.849532127380371,14.158851113521656,12.582319447512592,12.582319447512592,20585
BBOX,2018-12-14,14.288565635681152,14.547995133924298,13.90939966553676,14.15885088655958,45865
BBOX,2018-12-17,14.178807258605957,14.348434162845887,13.520256195830171,14.178807258605957,19310
BBOX,2018-12-18,13.90939998626709,14.358412955726456,13.390541929397587,13.979246976839054,4595
BBOX,2018-12-19,14.049092292785645,14.168828761285532,13.969267980452384,13.969267980452384,5495
BBOX,2018-12-20,14.029136657714844,14.368389508548125,13.86948708184047,14.039113983047542,10355
BBOX,2018-12-21,14.118938446044922,14.468170529103917,13.87946550704606,13.88944378406623,19665
BBOX,2018-12-24,14.059070587158203,14.368389559937974,13.869487131445949,14.158850501908088,4205
BBOX,2018-12-26,14.368390083312988,14.737578731236109,14.0291372189089,14.039114544640713,10990
BBOX,2018-12-27,14.428258895874023,14.927161346005795,14.368390183162614,14.75753443683452,7750
BBOX,2018-12-28,14.75753402709961,14.867292220512095,14.059070806623764,14.577928845532922,11610
BBOX,2018-12-31,14.867292404174805,16.064659027303183,14.029137100198188,15.266414929077893,43755
BBOX,2019-01-01,14.567951202392578,14.657752839637151,14.43823645759816,14.607863358361564,3420
BBOX,2019-01-02,14.717621803283691,15.126721646918636,14.567951453713157,15.126721646918636,12350
BBOX,2019-01-03,16.92276954650879,17.561365952357882,14.57792869168714,14.57792869168714,218335
BBOX,2019-01-04,20.305330276489258,20.305330276489258,16.463780996640722,17.760926616929503,1073075
BBOX,2019-01-07,24.04709815979004,24.366395419156785,20.904013146051163,20.904013146051163,2241730
BBOX,2019-01-08,21.672321319580078,23.428458137660424,21.64238839118826,23.428458137660424,596070
BBOX,2019-01-09,21.193374633789062,22.94951138558732,19.816404788044974,21.642387574336976,374285
BBOX,2019-01-10,23.30872344970703,23.30872344970703,21.343046546915918,21.343046546915918,326300
BBOX,2019-01-11,23.92736053466797,25.63360786690341,23.348633781143583,24.206746585844552,1104320
BBOX,2019-01-14,23.787668228149414,24.486132397682887,23.5282387338416,23.947316854929337,137075
BBOX,2019-01-15,24.44622039794922,25.104771489069595,23.877471901359968,23.877471901359968,92300
BBOX,2019-01-16,23.977251052856445,24.855318476954768,23.707843288595186,24.54599950863353,73425
BBOX,2019-01-17,23.568151473999023,24.466175461400002,23.388546295886485,24.28657028328746,45670
BBOX,2019-01-18,22.3907413482666,23.787667756472665,21.54260684583951,23.74775464898823,49395
BBOX,2019-01-21,22.929555892944336,23.448414891994098,22.350829133438612,22.550390872507535,26500
BBOX,2019-01-22,22.67012596130371,23.129117191148673,22.350828707409,22.650171310306607,36710
BBOX,2019-01-23,22.949512481689453,23.208941981601008,22.380763998605644,22.380763998605644,39785
BBOX,2019-01-24,22.90959930419922,23.149074151989087,22.550390838837995,22.809820337975527,49855
BBOX,2019-01-25,22.38076400756836,23.288766306041534,22.33087262112589,22.690082990864482,53720
BBOX,2019-01-28,22.799842834472656,22.949513192049306,21.951708270655857,22.729996794481014,49410
BBOX,2019-01-29,22.749950408935547,23.049293013598398,22.410696598881373,22.45060970743446,44360
BBOX,2019-01-30,23.298744201660156,23.468371106462204,22.650171413827067,22.650171413827067,44770
BBOX,2019-01-31,23.14907455444336,23.33865611609374,22.79984245710356,23.308723186970955,81740
BBOX,2019-02-01,23.009380340576172,23.74775573432865,22.74995083955582,23.149074319994394,71420
BBOX,2019-02-04,22.400720596313477,23.169028917081448,22.370785764402335,22.710039580081407,67685
BBOX,2019-02-05,21.77210235595703,22.829775004560762,21.353024226787735,22.510477744843545,16035
BBOX,2019-02-06,20.704450607299805,22.749949785551486,19.926162140296825,22.051487533467313,23345
BBOX,2019-02-07,21.68229866027832,22.530433152713766,19.018159668252675,21.08361537719673,31505
BBOX,2019-02-08,20.953903198242188,21.54260824987432,20.77429800917993,21.54260824987432,7185
BBOX,2019-02-11,20.01596450805664,21.931749872249334,19.946118473935098,21.50269348760363,15875
BBOX,2019-02-12,20.145681381225586,20.554781236294065,19.357414599942253,20.45500036607111,7880
BBOX,2019-02-14,17.551387786865234,18.878468185669654,17.1821991481775,18.199960570672793,26600
BBOX,2019-02-15,17.331871032714844,17.66114655615411,16.443823424584565,17.56136569080488,44555
BBOX,2019-02-18,17.182199478149414,17.76092623679105,16.403912883898606,16.96268308803079,7985
BBOX,2019-02-19,16.523649215698242,16.98264047613641,15.64558170896184,16.98264047613641,16305
BBOX,2019-02-20,17.351825714111328,17.5613657220335,16.383955695774596,16.383955695774596,18105
BBOX,2019-02-21,19.07802963256836,19.07802963256836,17.351825789949103,17.351825789949103,46180
BBOX,2019-02-22,19.94611930847168,20.554780893845585,19.07803012926676,19.07803012926676,20020
BBOX,2019-02-25,21.193374633789062,21.752144812900696,19.177808394469977,20.355218413540765,97515
BBOX,2019-02-26,21.00379180908203,22.949512072112825,20.035921767700724,21.921772368093016,27130
BBOX,2019-02-27,20.87407875061035,21.143486532517883,20.59469269124382,20.784276156641173,16175
BBOX,2019-02-28,20.953903198242188,21.153464942347323,20.175614680026356,20.175614680026356,15480
BBOX,2019-03-01,20.724407196044922,20.93394530107569,20.614648053507825,20.614648053507825,5995
BBOX,2019-03-05,20.674516677856445,21.552586048619105,20.56475943388246,20.734386341655124,14415
BBOX,2019-03-06,20.724407196044922,21.692277215630224,20.554780295379278,20.554780295379278,33705
BBOX,2019-03-07,21.532629013061523,21.752145399268116,20.794253637826515,20.814210191980322,56945
BBOX,2019-03-08,21.971664428710938,22.35082945459593,21.552586293173935,21.552586293173935,46695
BBOX,2019-03-11,21.95170783996582,22.151269581593873,21.58251918890247,21.642388853287972,11945
BBOX,2019-03-12,22.56036949157715,23.049293666225463,21.39293767760895,21.39293767760895,35040
BBOX,2019-03-13,22.001596450805664,22.550390266926687,21.95170696895909,22.550390266926687,15180
BBOX,2019-03-14,21.652366638183594,22.939533942605156,21.55258576963917,22.939533942605156,4960
BBOX,2019-03-15,21.871883392333984,22.550391025992298,21.602475613705806,21.602475613705806,10205
BBOX,2019-03-18,22.700061798095703,22.889645264679398,21.35302478329062,21.35302478329062,40110
BBOX,2019-03-19,22.57034683227539,22.899622360848824,21.9517069799935,22.899622360848824,12145
BBOX,2019-03-20,22.949512481689453,23.288766296715195,22.15126933054758,22.15126933054758,16325
BBOX,2019-03-22,23.119138717651367,24.057075820369775,22.749950081496102,23.608062871419012,24285
BBOX,2019-03-25,22.939533233642578,23.71782170044139,22.550389951824027,23.099181857114893,83990
BBOX,2019-03-26,22.949512481689453,22.95949075897395,21.951707591181215,21.951707591181215,18365
BBOX,2019-03-27,22.300939559936523,23.228898407473856,22.151269207821873,22.9495123545412,21840
BBOX,2019-03-28,22.17122459411621,22.819799313383555,22.15126994215805,22.290962021674414,9125
BBOX,2019-04-01,22.949512481689453,23.61804183445644,22.25104829706897,22.25104829706897,21585
BBOX,2019-04-02,23.328678131103516,23.727801620587563,22.23109424450792,22.251048896452644,45370
BBOX,2019-04-03,23.458393096923828,24.426263151151304,23.28876619018687,23.927360708179283,25590
BBOX,2019-04-04,23.139095306396484,24.546000011006452,23.049292716471445,23.448414281048432,51815
BBOX,2019-04-05,23.448413848876953,23.93733799436775,23.348632983781307,23.538216437146865,4930
BBOX,2019-04-08,23.717823028564453,24.286571519427902,23.448415247683297,23.448415247683297,5415
BBOX,2019-04-09,23.348634719848633,24.18679100391372,23.149074877980947,23.149074877980947,6000
BBOX,2019-04-10,23.49830436706543,23.89742784506544,23.448414883896326,23.468371438428683,11280
BBOX,2019-04-11,23.43843650817871,23.458393062627245,23.348633916322097,23.458393062627245,32175
BBOX,2019-04-12,23.448413848876953,23.947316271193486,23.448413848876953,23.917381440716277,13015
BBOX,2019-04-15,24.166833877563477,24.276593025051604,22.94951259050948,23.54819590828557,56420
BBOX,2019-04-16,23.52823829650879,24.106965033619318,23.248852253256157,23.41847915395209,71650
BBOX,2019-04-18,22.8098201751709,24.0770309268879,22.749950512069855,22.989425358150473,24375
BBOX,2019-04-22,23.74775505065918,24.33646007387998,23.059271063363052,23.43843607506983,45290
BBOX,2019-04-23,22.60028076171875,23.92736121183188,22.550391277636127,23.747756024075514,18590
BBOX,2019-04-24,22.690082550048828,22.909598936645608,22.510477368668845,22.600279959358836,16750
BBOX,2019-04-25,22.360807418823242,23.52823921552799,22.151269305570445,23.52823921552799,22840
BBOX,2019-04-26,21.961685180664062,23.83755747867931,21.51267223273294,21.51267223273294,18790
BBOX,2019-04-30,21.742168426513672,22.710038438374365,21.402914627889984,21.78207963056026,13300
BBOX,2019-05-02,21.293155670166016,21.71223378366472,21.173418250668508,21.532628605999314,26995
BBOX,2019-05-03,20.834165573120117,21.432848896583266,20.834165573120117,21.29315681893453,7760
BBOX,2019-05-06,19.97605323791504,20.494912208470108,19.477150820803246,19.97605323791504,21245
BBOX,2019-05-07,20.50489044189453,20.65456270313321,19.5669551829268,19.59688811264505,7735
BBOX,2019-05-08,19.127920150756836,20.55478147282775,18.758731497632027,20.55478147282775,19685
BBOX,2019-05-09,18.98822784423828,19.816405831278022,18.978249566905053,19.816405831278022,150
BBOX,2019-05-10,19.956096649169922,20.554779929277355,19.147875267763812,19.147875267763812,20695
BBOX,2019-05-13,18.998205184936523,19.247656396483517,18.858511212320245,19.147875531232376,1545
BBOX,2019-05-14,19.527040481567383,20.71442877814337,19.05807289028994,20.71442877814337,5955
BBOX,2019-05-15,19.956096649169922,20.74436338032974,19.207743024826048,19.207743024826048,23690
BBOX,2019-05-16,19.10796356201172,20.514868326684525,18.56914990262047,19.487130491918357,3155
BBOX,2019-05-17,20.674516677856445,20.95390273276489,19.956097840728468,20.52484632468334,9970
BBOX,2019-05-20,20.3552188873291,21.243266512287214,20.11574594785014,20.674516139967714,18840
BBOX,2019-05-21,20.25543785095215,20.524845619302024,19.97605370880715,20.02594319042969,2115
BBOX,2019-05-22,20.24546241760254,20.34524138548257,19.946119804476986,20.305330178962922,5560
BBOX,2019-05-23,19.716625213623047,20.72440839924417,19.566954858031398,20.335263190911686,48905
BBOX,2019-05-24,21.402915954589844,21.672321832298646,19.75653634026615,19.75653634026615,27475
BBOX,2019-05-27,22.949512481689453,23.488328036081562,21.951707591181215,23.228898536170004,30840
BBOX,2019-05-28,22.101377487182617,23.029336320675764,21.951707137333152,22.58032336796561,38370
BBOX,2019-05-29,22.340850830078125,23.258831403031873,21.951707532826163,22.061466679502065,4820
BBOX,2019-05-30,22.38076400756836,24.52604414238782,21.951707599972107,22.370785730279866,66035
BBOX,2019-05-31,21.961685180664062,22.819797968638326,21.951706903692067,22.360806743735207,16390
BBOX,2019-06-03,21.95170783996582,22.44063201347655,21.752146098337768,21.961686117363403,5745
BBOX,2019-06-04,22.91957664489746,23.328676479815382,21.95170662868023,21.95170662868023,30080
BBOX,2019-06-06,22.02155303955078,23.019357903350357,21.772101823600888,23.019357903350357,6610
BBOX,2019-06-07,22.051488876342773,22.74995117096139,21.95170800477959,21.95170800477959,4065
BBOX,2019-06-10,21.95170783996582,22.749951000154397,21.95170783996582,21.98164267215857,9660
BBOX,2019-06-11,22.26102638244629,22.749950546201006,21.29315633213533,21.921772570345173,17860
BBOX,2019-06-12,21.961685180664062,22.55039019987965,21.951706903692067,21.961685180664062,6000
BBOX,2019-06-13,21.95170783996582,22.32089649102917,21.95170783996582,21.98164267215857,13535
BBOX,2019-06-14,21.95170783996582,22.071445265575015,21.95170783996582,21.98164267215857,6895
BBOX,2019-06-17,21.961685180664062,22.131312082864515,21.901817421993822,21.99162001158005,28190
BBOX,2019-06-18,21.353023529052734,21.961685099976073,20.774296788935402,21.961685099976073,33330
BBOX,2019-06-19,21.95170783996582,22.251048549246082,21.95170783996582,21.961686117363403,16125
BBOX,2019-06-20,22.181201934814453,22.20115848909156,21.951707270113005,21.96168554725156,15705
BBOX,2019-06-21,22.370784759521484,22.700060283106,21.951706647399213,21.951706647399213,17160
BBOX,2019-06-24,21.86190414428711,22.729995202490215,21.61245293141011,22.729995202490215,6745
BBOX,2019-06-25,21.95170783996582,22.201159065419976,21.95170783996582,21.961686117363403,1385
BBOX,2019-06-26,21.961685180664062,22.53043364593566,21.951706903692067,22.53043364593566,5905
BBOX,2019-06-27,21.762123107910156,23.149073134783897,21.75214483109389,21.97166311472834,33685
BBOX,2019-06-28,21.95170783996582,22.23109389761273,21.95170783996582,21.991620949556157,4770
BBOX,2019-07-01,22.33087158203125,22.979446253471455,21.57254157501011,22.28098210107202,68735
BBOX,2019-07-02,21.95170783996582,22.72001807112346,21.95170783996582,22.72001807112346,7680
BBOX,2019-07-03,21.961685180664062,22.3807632976792,21.951706903692067,21.99162001158005,36410
BBOX,2019-07-04,23.069250106811523,23.278788222125094,21.95170778232038,22.02155382075824,20935
BBOX,2019-07-05,22.520456314086914,23.897428143422353,22.201159050229947,23.897428143422353,12680
BBOX,2019-07-08,22.251047134399414,22.809819214163362,22.15126817309171,22.15126817309171,3515
BBOX,2019-07-09,20.75434112548828,22.041510357944,19.556976389303465,21.95170776483491,31565
BBOX,2019-07-10,20.96388053894043,21.87188281803497,19.45719495744597,20.864099671346818,22795
BBOX,2019-07-11,20.175613403320312,20.913988764726234,19.976053575005093,20.365196857907232,2860
BBOX,2019-07-12,20.045900344848633,21.01377040071675,19.986032584475808,21.01377040071675,1880
BBOX,2019-07-15,20.78427505493164,21.921771980696953,19.78647019986404,21.153463688697812,12910
BBOX,2019-07-16,20.953903198242188,21.153464942347323,20.814211119265693,20.814211119265693,3830
BBOX,2019-07-17,21.73219108581543,21.921772643735853,19.586909060005198,20.225505480713217,6850
BBOX,2019-07-18,20.953903198242188,21.921773279879872,20.77429800917993,21.91179500235843,14630
BBOX,2019-07-19,20.3552188873291,20.624626657928587,20.025943357650313,20.31530768233015,22680
BBOX,2019-07-22,19.058073043823242,20.75434014943535,18.758730446483423,20.035921341510875,20180
BBOX,2019-07-23,18.638996124267578,18.95829339269122,18.60906129166717,18.95829339269122,1885
BBOX,2019-07-24,18.259828567504883,19.956097627070594,18.0303339015524,19.956097627070594,10300
BBOX,2019-07-25,17.41169548034668,18.898424485860232,16.563560972996875,18.269806361463782,20145
BBOX,2019-07-26,17.75094985961914,17.910598489343503,17.16224482382489,17.411696045664428,1690
BBOX,2019-07-29,17.0125732421875,19.11794224693444,16.37397869799053,18.93833705558858,4785
BBOX,2019-07-30,16.962682723999023,17.960487590116614,16.962682723999023,17.36180428981371,3705
BBOX,2019-07-31,17.182199478149414,17.461585531796402,16.45380236701045,16.96268308803079,5175
BBOX,2019-08-01,16.254241943359375,16.9626824743591,16.064658488701845,16.9626824743591,3040
BBOX,2019-08-02,15.725404739379883,16.74316614799279,15.186590155873304,15.186590155873304,31265
BBOX,2019-08-05,15.96487808227539,16.443823967984827,15.406106930700162,16.443823967984827,5275
BBOX,2019-08-06,15.755338668823242,15.964877727054061,15.485931852001254,15.575733489888007,7025
BBOX,2019-08-07,15.705448150634766,16.16443937244827,15.42606305836559,15.455996937499217,4470
BBOX,2019-08-08,16.2043514251709,17.162245123399302,15.705448972783266,15.705448972783266,2230
BBOX,2019-08-09,16.67331886291504,17.242069251072245,15.386151539477297,15.56575672487833,10945
BBOX,2019-08-13,15.645581245422363,16.803034785227013,15.226503108378484,16.76312167543149,5170
BBOX,2019-08-14,14.967073440551758,16.76312149215325,14.358412796538445,16.75314511797527,2290
BBOX,2019-08-16,17.960487365722656,17.960487365722656,15.96487765842014,15.96487765842014,33020
BBOX,2019-08-19,21.55258560180664,21.55258560180664,20.554780730455978,21.353023866271805,55940
BBOX,2019-08-20,25.833168029785156,25.863102861665922,22.949512502600594,22.949512502600594,1491755
BBOX,2019-08-21,25.553783416748047,26.102575335852535,23.27878762026117,25.43404599454905,609440
BBOX,2019-08-22,25.35422134399414,25.883058605008436,23.747754910151304,24.336459929888925,182710
BBOX,2019-08-23,24.995012283325195,25.434046977472768,23.488328541048496,25.33426610564443,84600
BBOX,2019-08-26,24.027141571044922,25.34424371563647,23.747755517916314,25.14468388039757,162460
BBOX,2019-08-27,25.264419555664062,25.54380561050403,23.408501847919425,24.87527625687701,227335
BBOX,2019-08-28,23.418479919433594,24.945122075598462,23.019358346856375,24.945122075598462,86435
BBOX,2019-08-29,22.470565795898438,23.139095125009966,22.251047509730583,22.251047509730583,28765
BBOX,2019-08-30,21.881860733032227,23.318700254384353,21.63240951975673,21.63240951975673,11770
BBOX,2019-09-03,21.80203628540039,22.929554925006396,21.752144901158356,22.929554925006396,13760
BBOX,2019-09-04,21.941728591918945,22.550390164113146,21.752145136075193,21.752145136075193,12535
BBOX,2019-09-05,22.400720596313477,22.81979872726046,21.752145893704675,21.991620742670207,11515
BBOX,2019-09-06,22.0415096282959,22.749950169191592,21.95170703815958,22.749950169191592,6710
BBOX,2019-09-09,22.360807418823242,23.12911764040709,21.75214582728775,21.75214582728775,81915
BBOX,2019-09-11,22.8098201751709,23.448414689621153,21.97166392337405,22.839753103559644,70300
BBOX,2019-09-12,23.86749267578125,23.94731698962018,22.151268976663374,22.949512115052674,26890
BBOX,2019-09-13,24.595890045166016,25.05488128210699,22.749950626491998,22.749950626491998,9185
BBOX,2019-09-16,24.05707550048828,24.595889128902975,23.39852445289159,24.595889128902975,5135
BBOX,2019-09-17,23.448413848876953,24.54599955860566,22.869687115116246,22.869687115116246,8540
BBOX,2019-09-18,24.096986770629883,24.14687815507611,22.360806558297227,23.448413998122664,10265
BBOX,2019-09-19,23.947317123413086,23.947317123413086,22.949512243270874,22.949512243270874,7545
BBOX,2019-09-20,23.258831024169922,24.945121790063506,23.05927119174647,23.05927119174647,9320
BBOX,2019-09-23,23.947317123413086,24.406306454760852,22.26102634308745,22.26102634308745,7845
BBOX,2019-09-24,23.947317123413086,24.146878860706238,23.04929311191745,23.947317123413086,7850
BBOX,2019-09-25,23.6579532623291,24.745560755437086,22.74995095570307,23.947317596808205,5690
BBOX,2019-09-26,23.947317123413086,24.146878860706238,22.510477563123004,22.510477563123004,2915
BBOX,2019-09-27,23.957294464111328,24.166832567232767,23.34863290200519,23.34863290200519,261920
BBOX,2019-09-30,22.989425659179688,24.72560594544662,22.79984219653415,22.809820473848315,5605
BBOX,2019-10-01,23.258831024169922,24.13690037695074,22.171223561870214,22.171223561870214,12405
BBOX,2019-10-03,23.6180419921875,23.747755791428666,22.620237095015508,23.737779417239334,6645
BBOX,2019-10-04,23.119138717651367,23.847535809805507,22.949511815065716,22.949511815065716,3070
BBOX,2019-10-07,22.57034683227539,23.119138745510533,22.560368555268713,23.119138745510533,920
BBOX,2019-10-09,22.061466217041016,22.550390373461894,22.061466217041016,22.550390373461894,2620
BBOX,2019-10-10,22.949512481689453,22.949512481689453,22.949512481689453,22.949512481689453,3150
BBOX,2019-10-11,22.939533233642578,22.939533233642578,21.85192579676137,22.350828220902777,6035
BBOX,2019-10-14,22.400720596313477,23.628020157243284,21.81201555752696,21.81201555752696,13970
BBOX,2019-10-15,22.470565795898438,22.93953339270496,21.442826109902587,21.442826109902587,1155
BBOX,2019-10-16,21.752145767211914,22.729996002509694,21.55258593178351,21.55258593178351,2820
BBOX,2019-10-17,21.821992874145508,22.82977409635094,21.772101489823342,21.772101489823342,560
BBOX,2019-10-18,22.78986358642578,22.82977479193783,21.75214559884772,22.82977479193783,1140
BBOX,2019-10-22,23.139095306396484,23.139095306396484,22.40071993613862,22.949511849536762,995
BBOX,2019-10-23,22.580324172973633,23.458393555541473,22.061467068541898,22.061467068541898,5185
BBOX,2019-10-24,23.019357681274414,23.14907337808752,21.452804364728056,22.749949913888784,15555
BBOX,2019-10-25,23.119138717651367,23.71782201519847,22.151268687110733,23.71782201519847,1040
BBOX,2019-10-27,23.139095306396484,23.139095306396484,22.131312166363504,22.151268720382788,1050
BBOX,2019-10-29,22.949512481689453,23.62802011174094,22.350829166752153,22.350829166752153,8075
BBOX,2019-10-30,22.360807418823242,23.33865575365989,22.350829141549998,22.350829141549998,5480
BBOX,2019-10-31,22.63021469116211,23.139095401781145,22.001596559095525,22.1512688116954,13705
BBOX,2019-11-01,22.939533233642578,23.099181857114893,21.97166321594646,21.97166321594646,5800
BBOX,2019-11-04,22.460588455200195,23.74775578241962,22.360807584888487,23.72780113088672,4950
BBOX,2019-11-05,22.45060920715332,23.23887595505544,22.45060920715332,23.14907336597389,1115
BBOX,2019-11-06,22.221115112304688,23.548195525261107,21.951707338213247,21.951707338213247,12585
BBOX,2019-11-07,23.30872344970703,23.328678101626544,22.280983700959347,22.280983700959347,21440
BBOX,2019-11-08,23.937339782714844,24.446220519875343,22.38076464168157,22.38076464168157,13655
BBOX,2019-11-11,24.865297317504883,25.124726810842493,23.348633465605808,23.947316765372467,19905
BBOX,2019-11-13,24.23668098449707,25.344243085933222,23.628019410343384,23.628019410343384,35400
BBOX,2019-11-14,24.05707550048828,24.386351024286625,23.947316358168262,23.947316358168262,12355
BBOX,2019-11-15,25.254440307617188,25.254440307617188,25.144683067889037,25.144683067889037,32950
BBOX,2019-11-18,24.725605010986328,26.511674713160957,24.685691903238112,26.511674713160957,31060
BBOX,2019-11-19,25.53382682800293,25.942926673290337,23.558173638103487,23.558173638103487,17465
BBOX,2019-11-20,24.685691833496094,25.922969622769298,24.545999763095452,25.922969622769298,9025
BBOX,2019-11-21,24.555978775024414,24.945122070309473,24.546000497816877,24.546000497816877,4050
BBOX,2019-11-22,23.68788719177246,25.663540361462704,23.44841425330956,24.047097551047685,14295
BBOX,2019-11-25,23.977251052856445,24.845340200149348,22.969467933449348,24.526042955022685,9970
BBOX,2019-11-26,23.55817413330078,24.965078880211223,23.22889859472944,24.795451972270726,74370
BBOX,2019-11-27,24.735584259033203,24.735584259033203,23.15905069799567,23.15905069799567,6760
BBOX,2019-11-28,24.94512176513672,24.94512176513672,23.957295171616714,23.957295171616714,4750
BBOX,2019-11-29,25.13470458984375,25.144682866677684,24.545999578773603,24.94512113632242,5985
BBOX,2019-12-02,24.146879196166992,26.33207054375975,24.007185216856378,26.33207054375975,5185
BBOX,2019-12-03,24.146879196166992,24.22670351156086,23.548195879132095,24.16683384764411,4590
BBOX,2019-12-04,24.196767807006836,24.94512145052251,22.969468288399945,22.969468288399945,2505
BBOX,2019-12-05,24.965078353881836,25.34424336784585,23.568151913731924,24.426262809491032,2610090
BBOX,2019-12-06,24.745559692382812,25.543804719881383,24.745559692382812,24.945121425047887,28935
BBOX,2019-12-09,24.54599952697754,25.543804370324903,24.54599952697754,24.74555935374999,3805
BBOX,2019-12-10,24.94512176513672,25.54380506813235,24.546000197526883,24.546000197526883,10345
BBOX,2019-12-11,24.955101013183594,25.932949367664584,24.94512273570989,25.024947052337687,25735
BBOX,2019-12-12,25.833168029785156,25.942927176852844,24.945122285435428,24.945122285435428,20205
BBOX,2019-12-13,25.603673934936523,25.942927757869302,25.034925438596822,25.034925438596822,25280
BBOX,2019-12-16,25.93294906616211,26.142489084350064,25.743365602689543,26.10257597491929,18175
BBOX,2019-12-17,25.96288299560547,26.112553344443796,25.454002287025762,25.46398056403655,4140
BBOX,2019-12-18,25.992816925048828,26.042708312025212,25.344244119650334,25.364200674440887,15805
BBOX,2019-12-19,26.042707443237305,26.24226727500006,25.573737937113233,26.222312624037013,2580
BBOX,2019-12-20,25.96288299560547,26.332069729195897,25.593694358853302,25.92296988756232,34115
BBOX,2019-12-23,26.262224197387695,26.342048511844485,25.643586236138,26.202356437335546,14760
BBOX,2019-12-24,26.86090660095215,27.10037953624132,26.192377276250895,26.28217986487955,34840
BBOX,2019-12-26,28.197965621948242,28.197965621948242,26.252245380235593,27.01057730355882,39925
BBOX,2019-12-27,29.305530548095703,29.604871254764635,27.988426490531726,27.988426490531726,169455
BBOX,2019-12-30,30.433048248291016,30.762323776162447,29.33546252099899,29.33546252099899,226445
BBOX,2019-12-31,28.916385650634766,30.931952012739877,28.916385650634766,30.33326868992545,38810
BBOX,2020-01-01,28.946319580078125,29.964081006803603,27.97844953887552,29.964081006803603,23275
BBOX,2020-01-02,28.89642906188965,29.934147073971673,28.23787797851522,29.934147073971673,8645
BBOX,2020-01-03,28.986230850219727,29.92416796536992,28.487328412844782,29.92416796536992,19520
BBOX,2020-01-06,29.1458797454834,29.20574940879446,28.46737402308073,29.1458797454834,11005
BBOX,2020-01-07,29.445222854614258,29.714630634622278,28.846539533428153,29.325485429112312,17790
BBOX,2020-01-08,29.934146881103516,30.213532937132065,28.617044722840852,29.65476082507497,44155
BBOX,2020-01-09,30.133708953857422,30.732390375551656,28.956298859044928,30.732390375551656,38800
BBOX,2020-01-10,31.640392303466797,31.640392303466797,30.14368496113073,30.153663238459053,62865
BBOX,2020-01-13,33.21692657470703,33.21692657470703,31.07164448228999,32.87767275093698,96365
BBOX,2020-01-14,34.8732795715332,34.8732795715332,33.955297148598504,34.8732795715332,73605
BBOX,2020-01-15,36.609458923339844,36.609458923339844,36.609458923339844,36.609458923339844,31775
BBOX,2020-01-16,38.43544387817383,38.43544387817383,34.78347822247301,38.43544387817383,208380
BBOX,2020-01-17,40.351226806640625,40.351226806640625,39.70265593724488,39.71263231097318,158990
BBOX,2020-01-20,42.36679458618164,42.36679458618164,42.36679458618164,42.36679458618164,12230
BBOX,2020-01-21,44.48214340209961,44.48214340209961,44.48214340209961,44.48214340209961,19795
BBOX,2020-01-22,46.697269439697266,46.697269439697266,46.697269439697266,46.697269439697266,35960
BBOX,2020-01-23,44.442230224609375,49.032131145524545,44.362404007253296,46.86689638510881,543925
BBOX,2020-01-24,42.22710037231445,45.300341095488776,42.22710037231445,45.300341095488776,45295
BBOX,2020-01-27,40.121734619140625,41.76811424733749,40.121734619140625,40.171624103502175,141725
BBOX,2020-01-28,42.127323150634766,42.127323150634766,38.914390226713365,38.914390226713365,67040
BBOX,2020-01-29,44.23269271850586,44.23269271850586,44.23269271850586,44.23269271850586,56505
BBOX,2020-01-30,46.43783950805664,46.43783950805664,43.55418404619995,45.89902396538019,133050
BBOX,2020-01-31,48.13410949707031,48.75274746218318,44.17282287161552,48.75274746218318,130140
BBOX,2020-02-03,50.66852951049805,52.773898371522016,48.38355927671242,50.08980467169758,256025
BBOX,2020-02-04,51.42686462402344,53.1929797250895,50.50888215164893,52.67412072876019,234485
BBOX,2020-02-05,52.36479949951172,53.99122251514361,50.68848700128376,51.875877241217296,203670
BBOX,2020-02-06,52.02554702758789,54.8193999944106,50.908006602123535,53.08322159492607,391265
BBOX,2020-02-07,52.85372543334961,53.88146323631506,51.09758672225446,51.606469339916394,77855
BBOX,2020-02-10,55.48793029785156,55.48793029785156,52.883658937394515,52.89363531146826,60495
BBOX,2020-02-11,58.26182556152344,58.26182556152344,58.26182556152344,58.26182556152344,40455
BBOX,2020-02-12,61.16543960571289,61.16543960571289,58.27180767965005,61.16543960571289,346275
BBOX,2020-02-13,64.21871948242188,64.21871948242188,64.21871948242188,64.21871948242188,46500
BBOX,2020-02-14,67.42167663574219,67.42167663574219,66.05468118528627,67.42167663574219,415260
BBOX,2020-02-17,69.13790130615234,70.78428088681206,64.05907048946484,64.05907048946484,543730
BBOX,2020-02-18,71.40291595458984,72.59030621742369,69.44721927104703,71.60248150147007,224515
BBOX,2020-02-19,74.96508026123047,74.96508026123047,73.23888202739981,73.23888202739981,50935
BBOX,2020-02-20,78.70684814453125,78.70684814453125,78.70684814453125,78.70684814453125,46825
BBOX,2020-02-24,82.63819885253906,82.63819885253906,82.63819885253906,82.63819885253906,31405
BBOX,2020-02-25,86.76911163330078,86.76911163330078,86.76911163330078,86.76911163330078,22915
BBOX,2020-02-26,83.84554290771484,91.09958865353099,82.43864198449566,91.09958865353099,709485
BBOX,2020-02-27,88.03633117675781,88.03633117675781,84.0151709666111,84.80343776456131,404515
BBOX,2020-02-28,84.24466705322266,90.19158327605881,83.6360054621344,90.19158327605881,354280
BBOX,2020-03-02,82.11934661865234,88.19597482804683,80.62263926311905,87.60727358894108,139500
BBOX,2020-03-03,78.01836395263672,84.40430892667285,78.01836395263672,82.81780286324269,86965
BBOX,2020-03-04,74.12692260742188,74.23668174902656,74.12692260742188,74.23668174902656,7915
BBOX,2020-03-05,70.4250717163086,70.4250717163086,70.4250717163086,70.4250717163086,2010
BBOX,2020-03-06,66.91279602050781,66.91279602050781,66.91279602050781,66.91279602050781,11040
BBOX,2020-03-09,63.57014846801758,66.45380398383138,63.57014846801758,63.57014846801758,169455
BBOX,2020-03-11,60.46697235107422,63.5701460417181,60.39712631612213,60.39712631612213,70315
BBOX,2020-03-12,57.443626403808594,57.87268280497202,57.443626403808594,57.87268280497202,320
BBOX,2020-03-13,54.57992935180664,57.44362837844653,54.57992935180664,54.57992935180664,165460
BBOX,2020-03-16,51.85592269897461,54.48014688732095,51.85592269897461,54.48014688732095,31430
BBOX,2020-03-17,49.2716064453125,50.07982596871111,49.2716064453125,49.29156299983542,12920
BBOX,2020-03-18,46.81700134277344,46.84693807632259,46.81700134277344,46.84693807632259,855
BBOX,2020-03-19,44.48214340209961,44.48214340209961,44.48214340209961,44.48214340209961,280
BBOX,2020-03-20,46.008785247802734,46.697269268998035,42.267016815890656,42.267016815890656,265175
BBOX,2020-03-23,43.71383285522461,43.80363544604512,43.71383285522461,43.71383285522461,50060
BBOX,2020-03-24,45.86909103393555,45.89902396197419,41.52863757112867,41.52863757112867,55695
BBOX,2020-03-25,47.48553466796875,48.15406211442639,43.58411771670312,45.86909181872654,210310
BBOX,2020-03-26,48.89244079589844,49.690683965995305,45.68948793482767,48.49331730768816,66070
BBOX,2020-03-27,47.33586120605469,50.898024253098185,46.44781548933005,48.94232764027498,172000
BBOX,2020-03-30,44.971065521240234,49.29156246754513,44.971065521240234,45.12073777538407,17155
BBOX,2020-03-31,45.250450134277344,45.889048459711674,42.726004986441545,42.90561017073189,17705
BBOX,2020-04-01,44.90121841430664,47.495509511270534,42.99541129608568,43.10517043899907,49415
BBOX,2020-04-03,45.1207389831543,47.14628172053134,42.66613602616829,47.09639223658915,8690
BBOX,2020-04-07,44.77150344848633,47.19616958694907,42.86569629915178,45.12073743675982,19625
BBOX,2020-04-08,46.83695983886719,47.006588648269506,42.5563797835004,44.77150403551352,12620
BBOX,2020-04-09,48.94232940673828,49.09200166372645,45.89902523400893,45.89902523400893,14765
BBOX,2020-04-13,50.468971252441406,51.28717092675785,46.49770459103185,51.28717092675785,7765
BBOX,2020-04-15,49.44123077392578,52.2849769502586,48.064258981241714,49.29156232653365,4155
BBOX,2020-04-16,51.90581130981445,51.90581130981445,49.880268582591896,49.880268582591896,24580
BBOX,2020-04-17,54.4601936340332,54.50010293749473,49.890245334369595,53.881464961119164,27125
BBOX,2020-04-20,56.68529510498047,57.1742173517179,54.46019073814502,56.85492010306227,15905
BBOX,2020-04-21,54.67970657348633,57.27400154104602,53.85153050372634,57.27400154104602,12025
BBOX,2020-04-22,52.49451446533203,54.67970574560378,51.94572255180151,54.67970574560378,6125
BBOX,2020-04-23,53.14308547973633,54.6797058866441,52.6840961549686,53.4823392863741,14015
BBOX,2020-04-24,51.00778579711914,54.66973178632148,50.49890696916145,53.083221831408224,4125
BBOX,2020-04-27,50.8880500793457,51.88585498286229,48.862507343230604,48.862507343230604,7285
BBOX,2020-04-28,48.86250686645508,50.888049582805955,48.34364786493038,48.99221876209355,41560
BBOX,2020-04-29,50.538818359375,50.68848680658832,47.49551045049823,48.89243879576375,5495
BBOX,2020-04-30,50.089805603027344,50.88804874362339,49.092000725701396,49.092000725701396,7165
BBOX,2020-05-04,47.58531188964844,50.25942919009892,47.58531188964844,48.89243761242019,7670
BBOX,2020-05-05,49.67072677612305,49.96009111106102,45.2105414549447,48.89244017101615,15835
BBOX,2020-05-06,49.740570068359375,51.885852010555965,47.29595123984384,47.29595123984384,2945
BBOX,2020-05-07,49.99002456665039,49.99002456665039,48.094197517721206,48.094197517721206,8505
BBOX,2020-05-08,50.87807083129883,51.865895498442775,48.09419439421421,48.09419439421421,2495
BBOX,2020-05-11,49.750553131103516,50.87807373859021,48.89244030450251,50.87807373859021,9595
BBOX,2020-05-12,48.992218017578125,50.88804880948034,48.30373402160869,49.89024393086308,4940
BBOX,2020-05-13,49.10197830200195,49.89024508790858,49.092001927766766,49.89024508790858,4120
BBOX,2020-05-14,49.80044174194336,50.888049220677445,47.8946345606376,50.888049220677445,14110
BBOX,2020-05-15,49.69068145751953,49.69068145751953,48.892438327719425,48.892438327719425,1465
BBOX,2020-05-18,48.35362243652344,49.6906810965984,47.29595172459184,49.6906810965984,10185
BBOX,2020-05-19,49.8503303527832,49.8503303527832,46.717223672439786,48.892438591848304,1365
BBOX,2020-05-20,48.183998107910156,50.888048393332326,47.39573134673109,49.89024352287483,4810
BBOX,2020-05-21,47.95450210571289,49.690680400298696,47.59529175336454,48.29375590445039,6875
BBOX,2020-05-22,47.65515899658203,49.59090288368534,45.899024097210244,45.899024097210244,11395
BBOX,2020-05-26,47.63520812988281,48.89244064306492,45.28038793071524,47.64518450421123,2215
BBOX,2020-05-27,47.794857025146484,48.373581897455615,46.09858790575129,46.09858790575129,11420
BBOX,2020-05-28,49.60087966918945,50.17960832660034,46.09858621531959,48.084215794894625,21200
BBOX,2020-05-29,49.231693267822266,49.89024434086879,47.325886086254016,49.600880010174095,10120
BBOX,2020-06-01,50.63859939575195,51.48673205029419,48.12413055520405,50.88805062430245,26955
BBOX,2020-06-02,51.83596420288086,53.023350638100496,49.89024392840823,51.28717228093308,16370
BBOX,2020-06-03,50.36919021606445,52.88365898691826,49.89024432728138,50.88804921382701,26100
BBOX,2020-06-04,52.88365936279297,52.88365936279297,49.890244681880155,49.890244681880155,9265
BBOX,2020-06-05,58.17202377319336,58.17202377319336,53.901420102580865,55.078830166103224,17920
BBOX,2020-06-08,63.98922348022461,63.98922348022461,60.26741558357669,62.85173034540103,22990
BBOX,2020-06-09,67.73099517822266,70.38515991750177,66.88286251938857,70.3651995560342,123925
BBOX,2020-06-10,64.7176284790039,70.8241974015544,64.65776261914917,67.73099602316975,45445
BBOX,2020-06-11,61.484737396240234,63.620039291426814,61.484737396240234,61.863904327242345,32560
BBOX,2020-06-12,61.444828033447266,62.82179606530165,58.471366059408474,58.87048954495458,18165
BBOX,2020-06-15,61.0257453918457,63.44043514446156,60.26741536921936,61.84394507664919,17500
BBOX,2020-06-16,60.86609649658203,63.83955452441034,58.371584345082766,62.74197070028005,25375
BBOX,2020-06-17,61.175418853759766,62.64218944602931,58.29175953954589,58.29175953954589,14945
BBOX,2020-06-18,59.84833526611328,64.22870181493232,58.47136348847936,62.62223156908984,50365
BBOX,2020-06-19,60.9459228515625,61.76412253461576,60.06785350646016,60.0778298803066,3840
BBOX,2020-06-22,60.935943603515625,61.66434070779914,59.21971799509096,61.57453811651358,13925
BBOX,2020-06-23,61.943729400634766,62.841751517875394,59.87826977643706,59.87826977643706,26750
BBOX,2020-06-24,60.09778594970703,63.649972603181524,58.930356096590124,61.265219609147394,11780
BBOX,2020-06-25,59.30952072143555,60.66653596780816,57.61325546979334,58.072244801265384,10275
BBOX,2020-06-26,58.950313568115234,60.766318127671056,58.17202318093165,60.766318127671056,23315
BBOX,2020-06-29,56.306129455566406,60.86609743424937,56.006788754039725,60.86609743424937,35585
BBOX,2020-06-30,58.401519775390625,58.670927556055524,55.1287209104072,58.670927556055524,12990
BBOX,2020-07-01,61.31510925292969,61.31510925292969,55.48792873303926,61.26521977132077,90825
BBOX,2020-07-02,62.24306869506836,63.15107097216234,58.9802463218651,61.06565864701372,52395
BBOX,2020-07-03,62.2929573059082,63.10118060748587,59.329475673113514,62.05348246629589,35305
BBOX,2020-07-06,61.24526596069336,64.85731864076212,60.66653729040198,63.430457326159456,58365
BBOX,2020-07-07,59.92816162109375,62.65216844846299,59.389346079946385,62.65216844846299,49225
BBOX,2020-07-08,58.01237487792969,60.766318467055285,57.47355933140639,59.92816221901578,42170
BBOX,2020-07-09,59.898223876953125,60.746360282531796,56.87487640202678,58.48134281818349,36515
BBOX,2020-07-10,58.02235412597656,60.46697298768383,57.8726818744615,58.93035639623673,34330
BBOX,2020-07-13,57.09439468383789,60.526841994484236,56.77509743663002,56.77509743663002,38775
BBOX,2020-07-14,58.54121017456055,59.86829248501364,57.89263928976702,57.89263928976702,17790
BBOX,2020-07-15,60.5268440246582,61.46477924400086,57.27400178225082,58.81061840860817,352660
BBOX,2020-07-16,62.482540130615234,63.260830520467145,60.526843491515244,62.64218875816781,22320
BBOX,2020-07-17,63.87946319580078,64.29854701872969,60.147675185516434,62.851729223869576,133510
BBOX,2020-07-20,62.751949310302734,64.65776031603329,62.522454640945455,64.59788684566377,102225
BBOX,2020-07-21,65.86510467529297,65.88505742405982,61.86390482824732,62.6721281809574,129160
BBOX,2020-07-22,64.82738494873047,68.74875847259419,64.2586364656959,68.74875847259419,83525
BBOX,2020-07-23,67.92057800292969,68.06027007737673,63.46038896304282,63.47036914340249,93100
BBOX,2020-07-24,68.23987579345703,71.31311668058306,67.29196419335806,68.84853738514911,107070
BBOX,2020-07-27,67.7110366821289,70.12572255472445,64.83736149915421,69.81640549205838,355025
BBOX,2020-07-28,66.92277526855469,68.45939574942757,64.51806938471181,68.45939574942757,128330
BBOX,2020-07-29,67.83078002929688,68.23987607717356,66.25424647007596,68.23987607717356,11365
BBOX,2020-07-30,65.34623718261719,67.85072947568734,64.85731493999525,67.84074929569393,7810
BBOX,2020-07-31,64.52803802490234,67.65117208729424,63.859510600340286,65.34623769996332,7540
BBOX,2020-08-03,64.83736419677734,66.25424529376546,63.07124530304608,64.45819347177554,22595
BBOX,2020-08-04,64.95709991455078,65.655567938452,63.849539631138335,63.86949618664897,9460
BBOX,2020-08-05,63.62003707885742,66.15446617815664,62.86170704954996,65.09678783532613,25455
BBOX,2020-08-06,62.442630767822266,63.859511860184824,60.92596690438405,63.62003701592678,39955
BBOX,2020-08-07,64.74755859375,67.71104033006915,62.86170796384638,63.86949303258576,44225
BBOX,2020-08-10,65.18659210205078,68.05028712417533,63.85950983623137,63.85950983623137,45575
BBOX,2020-08-11,62.143287658691406,68.43943411172701,59.33945833906142,68.43943411172701,40120
BBOX,2020-08-12,63.85951232910156,65.2763934318682,62.86170744895935,62.87168382297841,23725
BBOX,2020-08-13,64.65776062011719,67.01258079513417,62.073441968339985,67.01258079513417,39415
BBOX,2020-08-14,64.50808715820312,66.83297436081646,61.52464888557599,66.83297436081646,29905
BBOX,2020-08-17,67.57135009765625,69.84634408703909,65.84514424422602,66.45380585171057,83695
BBOX,2020-08-18,69.50709533691406,70.66454510145103,66.85293055915157,67.76093670290638,85290
BBOX,2020-08-19,74.46617889404297,75.73339541326834,69.84634482676837,69.84634482676837,159255
BBOX,2020-08-20,76.89083862304688,79.80443454481927,74.43623962733311,74.83536308632286,350610
BBOX,2020-08-21,79.11595153808594,79.82439210449567,71.98164497121718,77.65915729569656,228100
BBOX,2020-08-24,73.62802124023438,74.2366828114266,71.21333531566842,72.06146792076756,430885
BBOX,2020-08-25,72.5503921508789,75.9628830247133,71.84195159725694,74.83536624714264,81070
BBOX,2020-08-26,71.66234588623047,73.22889923696624,70.86409894041157,72.56037179711497,53350
BBOX,2020-08-27,71.8519287109375,73.59808718217683,71.34304611063523,73.22889665056195,24550
BBOX,2020-08-28,70.93394470214844,74.82538522579269,70.84414591773175,71.84195078981247,44745
BBOX,2020-08-31,64.28856658935547,71.05368223321743,63.8894431280718,71.05368223321743,209145
BBOX,2020-09-01,62.26302719116211,64.86729858535227,60.26741739409055,64.65776047017742,43090
BBOX,2020-09-02,65.05687713623047,65.25644268597006,62.26302795370215,62.26302795370215,39780
BBOX,2020-09-03,65.61565399169922,67.85073489189081,63.89942830288074,64.85732011724858,31530
BBOX,2020-09-04,66.02474975585938,66.85292966682708,64.65776188700515,64.66773445510303,35830
BBOX,2020-09-07,65.64558410644531,67.85073198235416,63.739776933899776,66.85292710026073,98190
BBOX,2020-09-08,65.29635620117188,66.85292943556473,64.85731960166727,65.85512451861601,21825
BBOX,2020-09-09,63.769710540771484,64.85731802607711,61.92377301178949,64.25863661298122,30125
BBOX,2020-09-10,67.47156524658203,67.84074816104878,63.161044885461884,63.4603855727599,65190
BBOX,2020-09-11,66.7830810546875,67.87068472196304,64.08901091843019,67.47156885929314,75885
BBOX,2020-09-14,65.50588989257812,67.54141269908736,64.2686140107322,64.39832590061506,35435
BBOX,2020-09-15,68.32968139648438,68.54919207502559,65.05687500194996,65.53582469296505,42850
BBOX,2020-09-16,71.41289520263672,71.82199885891396,67.85073207329464,69.37737232692022,116645
BBOX,2020-09-17,70.29534912109375,72.57035058936978,69.22769822875387,70.84414483742837,41050
BBOX,2020-09-18,71.27320098876953,74.23668262163642,70.49491442107659,71.8519296308247,154295
BBOX,2020-09-21,69.36739349365234,73.8375628077973,68.82858554526558,71.84195300218116,79905
BBOX,2020-09-22,69.60687255859375,73.01936351912319,65.07683735982926,73.01936351912319,46780
BBOX,2020-09-23,69.36739349365234,71.84195300218116,67.25205197179348,71.15346518319646,272935
BBOX,2020-09-24,67.33187866210938,69.36739397894877,67.05248689274478,68.06027198317265,33375
BBOX,2020-09-25,68.95829772949219,70.02594867544084,67.56136933720911,69.31750810501205,193850
BBOX,2020-09-28,70.62462615966797,71.2432679080503,68.58910334942118,69.83635941359346,144230
BBOX,2020-09-29,69.33745574951172,71.36299834352647,68.85851369250604,71.33306541654446,168780
BBOX,2020-09-30,69.7465591430664,71.2432663881423,66.05467670429115,66.06465688413273,101420
BBOX,2020-10-01,69.8862533569336,70.8441451096878,69.45719696232679,70.83416492953965,83285
BBOX,2020-10-05,69.66673278808594,72.98942469243897,68.36958346659688,71.87188054449999,68265
BBOX,2020-10-06,69.37737274169922,70.84414714713529,68.4494138900548,70.84414714713529,27375
BBOX,2020-10-07,69.80642700195312,70.78427911305525,68.44941178509346,68.45939196522171,26300
BBOX,2020-10-08,69.93614196777344,71.83197280520521,69.84634318061191,71.83197280520521,14295
BBOX,2020-10-09,71.06366729736328,71.84195391340155,70.06586238189938,70.85412917863354,32665
BBOX,2020-10-12,71.68229675292969,72.8397540327257,68.46937153131502,71.05368243813164,56835
BBOX,2020-10-13,71.8519287109375,72.44062991288487,70.14568334684412,70.45500041141669,50355
BBOX,2020-10-14,73.33866119384766,73.82758347026538,70.50489889158467,72.81980598802744,64450
BBOX,2020-10-15,74.32648468017578,75.69348013024755,71.97166451316089,73.42845874993328,83090
BBOX,2020-10-16,78.6868896484375,81.29116086856897,65.46597562646957,74.3564127196468,112410
BBOX,2020-10-19,93.58412170410156,94.42227415904138,79.01617180811597,79.02614437592679,1308535
BBOX,2020-10-20,98.86251068115234,103.56217081631142,94.19278347477658,96.18839326190046,1409140
BBOX,2020-10-21,93.72381591796875,99.5809335062917,89.94213437871888,99.21174294739541,328030
BBOX,2020-10-22,104.37039184570312,105.76732023931791,91.41888840400875,91.41888840400875,653150
BBOX,2020-10-23,106.59549713134766,112.75195141240565,104.01117853420364,104.76951237435924,1123010
BBOX,2020-10-26,121.29315948486328,122.92955888860483,107.7230145601701,107.7230145601701,1366740
BBOX,2020-10-27,123.06925201416016,126.32209810125863,109.5589804438893,119.67672146351268,906985
BBOX,2020-10-28,129.3654022216797,131.7002773135332,120.75434847375753,122.73000557154731,663735
BBOX,2020-10-29,130.23348999023438,133.60605994471015,124.72560309449915,125.70345517232455,402460
BBOX,2020-10-30,125.78327941894531,132.6980750820533,121.64239530044625,130.23349583625068,315775
BBOX,2020-11-02,117.24207305908203,127.71902426861702,115.99481696270881,126.62144042633801,140355
BBOX,2020-11-03,120.97386169433594,127.69907207635255,117.74097601000909,119.33746229778487,205285
BBOX,2020-11-04,118.44941711425781,124.72561076128325,115.18659848630739,122.49052994798225,111535
BBOX,2020-11-05,116.5835189819336,119.53702813743564,115.54580860179702,119.53702813743564,103080
BBOX,2020-11-06,124.32648468017578,126.52165995118253,115.03692382130158,116.54361129928002,285130
BBOX,2020-11-09,126.07264709472656,130.6825084550795,125.12473548852789,128.51727365766334,165565
BBOX,2020-11-10,119.77649688720703,131.51068422909964,119.77649688720703,130.7124372921802,64150
BBOX,2020-11-11,123.90740966796875,125.52385630583858,113.78966884562674,123.12912308358045,46885
BBOX,2020-11-12,125.25444793701172,127.71902725917721,121.11355607756363,127.71902725917721,53175
BBOX,2020-11-13,122.93953704833984,125.1247321484277,119.53702640217695,121.0536864541383,15030
BBOX,2020-11-14,124.00718688964844,126.72121732921096,122.72999788577124,122.92955581288444,40820
BBOX,2020-11-17,123.6878890991211,124.00718634869754,117.9405309940982,122.72999735039177,60950
BBOX,2020-11-18,120.97386169433594,123.72780529865362,119.73658577289059,123.68789218987833,28525
BBOX,2020-11-19,120.74436950683594,123.72780393799316,119.73658445612242,119.73658445612242,27595
BBOX,2020-11-20,122.7300033569336,122.7499561054756,119.73658864091081,121.73219845159267,46950
BBOX,2020-11-23,120.38516235351562,125.7234170302881,120.13571112924919,124.72561213322233,14760
BBOX,2020-11-24,120.73439025878906,122.33087654133453,119.73658538061724,122.33087654133453,14320
BBOX,2020-11-25,121.53263854980469,122.73000137178765,119.73658670418308,120.7343915933846,49645
BBOX,2020-11-26,120.54480743408203,122.33087911713477,117.74097810342884,117.74097810342884,25165
BBOX,2020-11-27,120.45500946044922,122.73000342791877,117.74097889832858,119.33746522526799,37545
BBOX,2020-12-01,121.0536880493164,123.7278054391194,120.5348328599429,120.5348328599429,39100
BBOX,2020-12-02,123.32868194580078,123.72780542130214,116.75315142465864,118.73878100915286,91550
BBOX,2020-12-03,123.46837615966797,126.52166432940774,121.97166881008971,125.40412010116964,9330
BBOX,2020-12-04,121.1933822631836,124.32648904075869,119.73658802242838,122.92956065796757,24885
BBOX,2020-12-07,121.10358428955078,124.32648987571656,117.74097901278516,122.73000354722521,19305
BBOX,2020-12-08,119.22769927978516,125.69347805110385,117.34184872411863,125.69347805110385,36440
BBOX,2020-12-09,121.33306884765625,121.73219231219281,118.2398753196299,119.83636156512928,52155
BBOX,2020-12-10,123.30873107910156,123.92736524355274,119.73658771846534,119.73658771846534,27195
BBOX,2020-12-11,121.9616928100586,123.5282461540267,121.73219434001682,122.33087574047111,13495
BBOX,2020-12-14,122.89962768554688,123.92736551435257,121.13351636240508,121.13351636240508,36700
BBOX,2020-12-15,122.71004486083984,123.72780246705256,121.03373239387712,123.32867900108107,19450
BBOX,2020-12-16,123.53822326660156,124.06705865000279,121.13351739605787,121.53264088192681,25235
BBOX,2020-12-17,129.6348114013672,129.71463762078457,121.33307489814287,121.33307489814287,47905
BBOX,2020-12-18,136.11056518554688,136.11056518554688,131.51068415237188,135.70146153713642,107890
BBOX,2020-12-21,140.98983764648438,142.91559382582167,137.69707837931148,142.91559382582167,169945
BBOX,2020-12-22,147.7349853515625,148.03432985505896,133.94533008335287,139.89223853148354,127090
BBOX,2020-12-23,154.98902893066406,155.11874843305142,150.66853211001063,151.66633695842128,91280
BBOX,2020-12-24,160.27740478515625,162.52246579371248,151.666343689133,154.9790632410106,91485
BBOX,2020-12-28,157.29396057128906,163.56017399556626,152.66414654012956,161.6344178865673,29575
BBOX,2020-12-29,152.04551696777344,161.0457062884267,149.9301602066269,160.8461483516039,1292370
BBOX,2020-12-30,147.54541015625,155.65756911085228,144.4522240078139,155.65756911085228,82840
BBOX,2020-12-31,144.77149963378906,149.67072502018695,140.89003944061062,147.5453958528064,28650
BBOX,2021-01-01,146.70724487304688,147.67511678894385,137.53741592828104,145.69946746255238,36200
BBOX,2021-01-04,151.27719116210938,153.9612885957675,146.87686819968752,146.87686819968752,31620
BBOX,2021-01-05,155.03892517089844,158.4514159904194,151.27719655766492,151.27719655766492,38010
BBOX,2021-01-06,150.7184295654297,158.6310149239985,149.6707314005669,152.26503016829437,20035
BBOX,2021-01-07,149.70066833496094,155.2384885900383,144.69168346029426,153.80164709409448,22370
BBOX,2021-01-08,149.70066833496094,153.64199465559082,145.7194212920579,152.06546108227997,6410
BBOX,2021-01-11,148.5930938720703,152.66413941688924,143.68389592177812,146.6773104201485,18520
BBOX,2021-01-12,147.68508911132812,152.6641407515869,144.08301302445216,144.08301302445216,18450
BBOX,2021-01-13,148.6829071044922,149.67073946607445,145.08083069899686,149.67073946607445,13755
BBOX,2021-01-14,148.1740264892578,148.47337100197174,144.68170936661537,146.68729171879835,23330
BBOX,2021-01-15,144.71163940429688,148.4733680357592,143.6839016039036,145.0908101278457,13540
BBOX,2021-01-18,144.39234924316406,151.6663400365785,142.75594986757062,142.75594986757062,13835
BBOX,2021-01-19,147.06646728515625,147.47557095847262,143.28479331857667,143.28479331857667,2925
BBOX,2021-01-20,147.6751251220703,147.6751251220703,143.33466771924301,147.06646352437974,16640
BBOX,2021-01-21,149.7206268310547,150.76832501090394,145.67951398037582,145.67951398037582,46810
BBOX,2021-01-22,151.72621154785156,152.06546156177063,149.670735877843,149.670735877843,16920
BBOX,2021-01-25,151.6663360595703,152.06545190645176,148.6729215320788,151.72620191407316,26250
BBOX,2021-01-27,151.6663360595703,153.66194574456466,151.6663360595703,151.6663360595703,22065
BBOX,2021-01-28,151.5266571044922,154.8593219127874,146.6972849029188,150.6685442566676,8510
BBOX,2021-01-29,150.28936767578125,154.06106894236115,148.67292862590253,154.06106894236115,15125
BBOX,2021-02-01,154.40032958984375,155.25844237885755,144.68170476778468,154.06106436606146,12050
BBOX,2021-02-02,161.03573608398438,162.11336722899756,147.67512875991966,147.67512875991966,94455
BBOX,2021-02-03,169.07803344726562,169.07803344726562,161.24527429406945,162.46259746264263,88715
BBOX,2021-02-04,177.46957397460938,177.5294398304882,170.0259429793631,171.42287892614317,91545
BBOX,2021-02-05,169.357421875,181.5805319332779,168.6290285590994,179.20576661801277,53640
BBOX,2021-02-08,169.79644775390625,171.61245987039948,165.64557596645906,165.6555637590445,39770
BBOX,2021-02-09,169.06805419921875,169.9560998960924,166.92276466218462,169.7964474679302,29360
BBOX,2021-02-10,172.17123413085938,175.00499632021777,168.25984085006309,175.00499632021777,18185
BBOX,2021-02-11,180.29336547851562,180.77230755590804,167.67112466207718,174.38636243969552,40260
BBOX,2021-02-12,181.00180053710938,183.59609933522484,175.60368766592237,179.6048797844591,69990
BBOX,2021-02-15,182.9275665283203,183.79565188308558,175.563761800799,179.9940178084039,31730
BBOX,2021-02-16,181.26124572753906,184.59391051189937,177.2101601815413,184.59391051189937,46515
BBOX,2021-02-17,185.22251892089844,186.19039084208057,181.50069587334494,181.51068366601908,32215
BBOX,2021-02-18,189.8623046875,194.36239905731878,186.58950601394204,186.58950601394204,61260
BBOX,2021-02-19,194.6517791748047,196.56756273072878,189.5929010897863,193.15507184436768,67835
BBOX,2021-02-22,198.29376220703125,199.56097868476192,192.89564930483218,199.32150002923422,41145
BBOX,2021-02-23,201.386962890625,202.55439278555568,194.6418073114829,199.36142018079298,57680
BBOX,2021-02-24,201.845947265625,203.55220035004172,199.36142279965858,201.81601433653827,53150
BBOX,2021-02-25,199.61087036132812,209.7385838576145,194.38236728093574,205.34824845214817,95275
BBOX,2021-02-26,199.42127990722656,202.75394448519864,194.591908039415,202.75394448519864,64510
BBOX,2021-03-01,199.38137817382812,202.773908671356,198.02436292975813,202.773908671356,56505
BBOX,2021-03-02,200.12973022460938,200.4091143703821,196.62742538426122,199.7605320692501,25510
BBOX,2021-03-03,199.92018127441406,200.73837333802405,197.36580328271387,200.12972699300698,24885
BBOX,2021-03-04,200.04991149902344,200.54881395305586,198.56317670490077,198.98225293925265,15165
BBOX,2021-03-05,195.40013122558594,200.75833855218568,193.57414647050413,200.74836598450443,14055
BBOX,2021-03-08,200.079833984375,204.54999547608722,185.7912611385873,200.69846812298914,44015
BBOX,2021-03-09,199.70066833496094,201.67631773685838,199.56097626059028,201.67631773685838,10830
BBOX,2021-03-10,198.46337890625,200.5587751848661,197.5653606298681,199.00220205231415,32320
BBOX,2021-03-12,199.65077209472656,201.82599462096724,197.5653635776992,197.5653635776992,21215
BBOX,2021-03-15,200.81820678710938,204.5500025588003,197.46558174591433,197.56536832508516,15015
BBOX,2021-03-16,199.73060607910156,201.35703294693448,196.7771120853976,196.7771120853976,19490
BBOX,2021-03-17,204.4202880859375,208.63102604571387,197.55540062319972,202.55439776678116,48490
BBOX,2021-03-18,205.3382568359375,209.558982384637,203.4923269675672,204.54999769030908,27275
BBOX,2021-03-19,206.8150177001953,209.27959692366906,197.76492030726334,204.65975554743147,40130
BBOX,2021-03-22,207.52345275878906,211.1355167441612,201.6663430394879,209.40930335552466,17725
BBOX,2021-03-23,211.1055908203125,213.53024942857976,202.88367293130227,211.33508168512057,27500
BBOX,2021-03-24,221.65237426757812,221.65237426757812,211.534633446642,213.53024319613863,39035
BBOX,2021-03-25,232.1991729736328,232.72800832526892,224.735581745282,232.72800832526892,61590
BBOX,2021-03-26,234.19479370117188,243.8036444907848,228.50729361709057,243.8036444907848,98580
BBOX,2021-03-30,245.35023498535156,245.89903070020944,230.53282681065846,230.53282681065846,78640
BBOX,2021-03-31,257.6132507324219,257.6132507324219,245.45999487945804,246.41789424153157,55825
BBOX,2021-04-01,270.48492431640625,270.48492431640625,265.41608909584187,265.41608909584187,27275
BBOX,2021-04-05,279.7645263671875,284.005196944098,259.42925882275597,278.9762520161386,186630
BBOX,2021-04-06,293.7438049316406,293.7438049316406,282.4087252093539,286.31014609951643,60300
BBOX,2021-04-07,308.4215087890625,308.4215087890625,297.49553266656375,308.4215087890625,65990
BBOX,2021-04-08,323.8375549316406,323.8375549316406,315.5258538512614,323.8375549316406,125810
BBOX,2021-04-09,307.6531677246094,338.8545460613372,307.6531677246094,328.8764971811481,231290
BBOX,2021-04-12,292.2770080566406,294.36241652477423,292.2770080566406,293.7637275287609,18395
BBOX,2021-04-13,279.2257080078125,299.34145761351095,277.66913486426927,277.66913486426927,235405
BBOX,2021-04-15,293.18499755859375,293.18499755859375,271.8020460646884,271.8020460646884,39405
BBOX,2021-04-16,291.22930908203125,307.7230227359085,284.58392484436354,306.92479100219845,49900
BBOX,2021-04-19,305.7872619628906,305.7872619628906,276.7910558222491,279.18578134204404,105335
BBOX,2021-04-20,319.0381164550781,321.07364689731986,305.7274032657815,318.10017744985834,80065
BBOX,2021-04-22,332.1492919921875,334.065060301762,307.72301766570064,307.72301766570064,74885
BBOX,2021-04-23,333.5362243652344,347.01657796102097,329.27560851424664,336.2402974989718,125390
BBOX,2021-04-26,338.73480224609375,348.6429971220253,333.66593654370547,333.66593654370547,95910
BBOX,2021-04-27,332.7679138183594,349.23169366244616,330.4929200033818,349.23169366244616,68710
BBOX,2021-04-28,331.0616760253906,347.21613880325765,330.472974824509,347.21613880325765,85715
BBOX,2021-04-29,324.506103515625,337.6571644944354,319.2975608364568,336.1305242497096,41585
BBOX,2021-04-30,317.0325622558594,326.2822027288033,314.55799513839526,326.2822027288033,20460
BBOX,2021-05-03,319.72662353515625,327.6292519079153,304.51009848956033,317.2021783029924,19540
BBOX,2021-05-04,321.22332763671875,326.44185828259384,319.29757146695016,325.59371801826694,55345
BBOX,2021-05-05,311.3350524902344,323.12911290397074,310.3173025245516,316.463783939237,20615
BBOX,2021-05-06,300.1297302246094,320.8541260567617,295.76932788960806,319.29755292231243,36555
BBOX,2021-05-07,287.8367614746094,307.78287034770983,285.13271890258204,306.12651067039286,87240
BBOX,2021-05-10,273.44842529296875,288.99424295041666,273.44842529296875,288.76473685732014,122760
BBOX,2021-05-11,281.3011779785156,284.3744037506136,268.3396712906393,269.4073298690024,71350
BBOX,2021-05-12,282.568359375,285.47197515764975,274.40632296775334,281.30115817113057,22045
BBOX,2021-05-14,273.06927490234375,291.239293240612,269.9361529629246,288.9642993322815,32180
BBOX,2021-05-17,259.4192810058594,273.1989639625511,259.4192810058594,273.06927490664594,61920
BBOX,2021-05-18,259.7086486816406,270.96388632510553,246.45780131096143,253.44243535621135,129685
BBOX,2021-05-19,262.88165283203125,270.40510980061873,261.42486630170515,265.09678077978674,25890
BBOX,2021-05-20,276.02276611328125,276.02276611328125,263.620058884937,269.3973271589247,31745
BBOX,2021-05-21,289.8223876953125,289.8223876953125,274.3863454749264,279.1857843589417,24330
BBOX,2021-05-24,289.07403564453125,304.310535249184,275.8531213327653,296.1484684033227,149555
BBOX,2021-05-25,293.7438049316406,299.3015551920138,284.43426797835497,299.3015551920138,17835
BBOX,2021-05-26,295.38018798828125,303.3326943847471,284.573974149084,290.37121827348216,19600
BBOX,2021-05-27,298.6629638671875,309.31951267307346,286.3700004424906,291.3690126334276,48000
BBOX,2021-05-28,292.1971740722656,304.40033857768555,285.37219242498344,304.3304849287411,21295
BBOX,2021-05-31,280.8521423339844,298.3336729653762,279.3853679343057,295.31032538039636,16410
BBOX,2021-06-01,282.1592712402344,294.83140577784997,275.39415516825517,275.99284420439096,14535
BBOX,2021-06-02,280.6824951171875,282.37877556050694,269.66675138016905,279.7445561121409,61305
BBOX,2021-06-03,280.18359375,284.97307536958755,272.7998438433806,284.97307536958755,24390
BBOX,2021-06-04,272.5404357910156,283.64597837417796,270.30533218415667,280.9918137758122,93675
BBOX,2021-06-07,268.7786865234375,278.3875520635308,259.94810754528334,272.6002961363518,45510
BBOX,2021-06-08,259.93817138671875,271.40294025860106,255.89704316030847,271.40294025860106,43935
BBOX,2021-06-09,257.82281494140625,271.40292460402384,256.43585155600783,262.42268077521425,21225
BBOX,2021-06-10,259.92816162109375,267.0125820970452,248.45340592572876,257.4336495134057,23995
BBOX,2021-06-11,261.295166015625,269.4073247782648,249.8503425190581,262.42269043216163,11240
BBOX,2021-06-14,258.1620788574219,269.0082135053713,253.84156648569976,261.4248899955355,14440
BBOX,2021-06-15,258.7108459472656,269.4073153911913,249.45121795480674,257.63323008395963,8775
BBOX,2021-06-16,263.0213623046875,264.2187098441132,257.4336491022727,258.71083808134574,22905
BBOX,2021-06-17,261.7940673828125,264.0191832774804,256.63543308949363,263.02137837503386,8665
BBOX,2021-06-18,249.92019653320312,259.4292760887399,248.7128458953528,259.4292760887399,27420
BBOX,2021-06-21,254.84934997558594,258.4314658677126,237.98643824131923,250.04991090266122,10540
BBOX,2021-06-22,246.9666748046875,262.0235616759497,246.25824188200994,260.62664096553345,15875
BBOX,2021-06-23,243.17503356933594,255.43804882349048,239.2736128414378,255.43804882349048,37380
BBOX,2021-06-24,238.92437744140625,253.222923316765,231.0317371214432,244.4621976161368,16235
BBOX,2021-06-25,236.96868896484375,246.25825006087632,234.6837072390589,234.6837072390589,11090
BBOX,2021-06-28,230.82220458984375,240.4709759470749,225.1247320290637,236.4797564292811,20380
BBOX,2021-06-29,221.51268005371094,235.4819481652062,219.5170703234973,235.4819481652062,56745
BBOX,2021-06-30,213.1011962890625,229.72461407787142,211.53463531373933,228.29776040252847,26235
BBOX,2021-07-01,222.4705810546875,223.74777007336613,203.5521939744073,217.5214621883372,25350
BBOX,2021-07-02,233.5861358642578,233.5861358642578,217.9205865740093,222.4705897595408,14975
BBOX,2021-07-05,245.19058227539062,245.2604359232447,230.4929210531365,238.8744757285876,17565
BBOX,2021-07-06,257.43365478515625,257.44364257797946,245.1905848468264,245.26043849541307,31180
BBOX,2021-07-07,261.3350830078125,269.6068940915067,255.4380524399905,268.40951604045875,13880
BBOX,2021-07-08,256.12652587890625,265.4160864692842,248.27380668892022,263.4204767965829,15280
BBOX,2021-07-09,251.62643432617188,259.0101845533429,243.3346779788851,243.3346779788851,14700
BBOX,2021-07-12,254.460205078125,258.2318910859125,239.27361356755597,246.35801908921735,21040
BBOX,2021-07-13,249.74057006835938,259.5489936047095,249.45121335999104,259.5489936047095,5070
BBOX,2021-07-14,242.26702880859375,253.4424404610291,237.27800439006955,253.4424404610291,3785
BBOX,2021-07-15,242.9555206298828,250.24947201427005,232.8876576156792,250.24947201427005,10230
BBOX,2021-07-16,244.03314208984375,250.24946210893017,238.47536170759676,238.47536170759676,10350
BBOX,2021-07-19,243.67393493652344,249.0521025974415,237.47755997092577,240.0718587329947,9190
BBOX,2021-07-20,236.83897399902344,246.45781272047893,235.48195871268433,241.06967229767943,4170
BBOX,2021-07-22,244.66175842285156,246.45781028782173,239.47317598816684,242.84576142209443,5350
BBOX,2021-07-23,244.50210571289062,247.4456423447074,237.10838298370194,237.10838298370194,8640
BBOX,2021-07-26,240.0818328857422,245.460000582169,237.07844567679797,244.50210119784083,12010
BBOX,2021-07-27,237.33787536621094,240.07186628763787,235.4819576334777,237.07845157195808,5430
BBOX,2021-07-28,236.7391815185547,240.0519010446799,225.47397106676885,235.88106870849887,8705
BBOX,2021-07-29,234.35443115234375,241.2692270017545,229.49512617882544,241.2692270017545,9515
BBOX,2021-07-30,237.5972900390625,244.26263446724565,233.89544250895136,233.89544250895136,5985
BBOX,2021-08-02,232.9674835205078,247.33588319913017,229.89424260501326,241.867901391218,8185
BBOX,2021-08-03,229.28558349609375,234.48415377465292,225.76333338294913,229.49512922625607,16615
BBOX,2021-08-04,230.492919921875,240.73039218275386,221.91179213769638,234.27459359722155,12430
BBOX,2021-08-05,229.60488891601562,236.47976415088397,224.7256235052054,229.49512976668066,5625
BBOX,2021-08-06,232.68809509277344,238.4753664448624,230.49292740068293,230.49292740068293,6070
BBOX,2021-08-09,230.722412109375,237.47755523351134,229.6946743278585,233.48633581782207,3675
BBOX,2021-08-10,227.87867736816406,231.49072606659186,224.5060920904447,230.69247913854488,9610
BBOX,2021-08-11,225.62364196777344,229.47516953946828,216.49373310748982,229.47516953946828,17085
BBOX,2021-08-12,225.70346069335938,229.46518935208204,214.34845151807488,217.54142408735265,5670
BBOX,2021-08-13,225.94293212890625,229.49511495035165,219.51706647424942,219.91618232317603,7680
BBOX,2021-08-16,227.9086151123047,229.49512120920207,222.53044744602255,229.49512120920207,10035
BBOX,2021-08-17,219.896240234375,229.4951181292523,219.51706951493696,229.4951181292523,8050
BBOX,2021-08-18,215.39613342285156,227.29995349481388,208.91040173749857,215.52585292865274,15995
BBOX,2021-08-20,215.7353973388672,219.5170710917271,204.74955599140668,219.5170710917271,7795
BBOX,2021-08-23,207.56336975097656,219.29754933927583,204.9491106833345,219.29754933927583,7770
BBOX,2021-08-24,199.50111389160156,211.53463853444805,198.02436690453786,198.02436690453786,17010
BBOX,2021-08-25,196.2283172607422,204.55000655632895,195.5697623660511,199.56098200617458,7925
BBOX,2021-08-26,193.6639404296875,202.55438533156206,186.41988267184183,199.56097077001186,16995
BBOX,2021-08-27,191.12953186035156,195.30034903901742,190.78029405483124,191.63840687883206,6915
BBOX,2021-08-30,184.5540008544922,199.50111398137153,183.5961014521341,193.77370837887827,14225
BBOX,2021-08-31,184.873291015625,189.1838155001986,180.60268725329442,189.1838155001986,15725
BBOX,2021-09-01,183.61605834960938,187.58731751041776,175.8232046699311,187.57734494271992,10250
BBOX,2021-09-02,181.96966552734375,183.58611973669903,176.02275715061495,176.02275715061495,55970
BBOX,2021-09-03,191.05967712402344,191.05967712402344,182.19918000533363,182.19918000533363,37045
BBOX,2021-09-06,200.60867309570312,200.60867309570312,199.36141700237658,199.36141700237658,15910
BBOX,2021-09-07,210.63661193847656,210.63661193847656,207.54341078379287,210.63661193847656,15515
BBOX,2021-09-08,221.1634521484375,221.1634521484375,219.31752220063964,219.31752220063964,14555
BBOX,2021-09-09,231.3610076904297,232.2191204778335,221.31312068152644,232.2191204778335,81625
BBOX,2021-09-13,242.9255828857422,242.9255828857422,237.4775615395294,242.9255828857422,87860
BBOX,2021-09-14,255.06886291503906,255.06886291503906,249.45121664411943,254.24068304874532,21390
BBOX,2021-09-15,264.38836669921875,267.82081800591277,259.4292751070338,267.82081800591277,65345
BBOX,2021-09-16,251.1774139404297,264.41828873765814,251.1774139404297,264.41828873765814,13705
BBOX,2021-09-17,238.62503051757812,241.06966464926174,238.62503051757812,238.62503051757812,42260
BBOX,2021-09-20,226.70126342773438,226.7212237882175,226.70126342773438,226.7212237882175,36280
BBOX,2021-09-21,215.36619567871094,227.1003904866198,215.36619567871094,215.36619567871094,59900
BBOX,2021-09-22,208.13211059570312,225.2943510191525,204.62982104340983,215.36619577864985,23035
BBOX,2021-09-23,207.992431640625,217.92058750716382,204.74956566447497,208.1321237198166,31685
BBOX,2021-09-24,209.94813537597656,217.31192527992965,205.5478120560458,217.31192527992965,14945
BBOX,2021-09-27,207.0544891357422,219.29755951105406,203.95131529046034,219.29755951105406,20145
BBOX,2021-09-28,203.612060546875,211.5346336978314,201.55658493849973,211.5346336978314,10480
BBOX,2021-09-29,200.4490203857422,212.47257215391707,199.54101429697985,199.54101429697985,6595
BBOX,2021-09-30,200.92796325683594,208.54121934223758,198.36361263949343,201.5565852015885,17765
BBOX,2021-10-01,203.7517547607422,206.38595905186418,196.18839189468645,202.55439194210388,13735
BBOX,2021-10-04,199.70066833496094,206.3460524985092,198.56317137928733,206.3460524985092,12590
BBOX,2021-10-05,198.57315063476562,204.55000755617158,198.56317806672266,204.55000755617158,31045
BBOX,2021-10-06,200.50888061523438,204.8493377823475,195.7693076001242,204.54999328370286,32280
BBOX,2021-10-07,201.27720642089844,208.54122490283982,197.59530388967676,203.5522003836331,8025
BBOX,2021-10-08,205.15866088867188,208.7607370952206,195.66954201172334,206.5356364878023,22640
BBOX,2021-10-11,201.26722717285156,206.1464923816798,196.56755953261253,206.1464923816798,9355
BBOX,2021-10-12,204.01119995117188,209.33947455184978,201.35703521889303,201.35703521889303,4560
BBOX,2021-10-13,202.534423828125,208.52125291743056,195.76930817523322,204.15087803543722,18150
BBOX,2021-10-14,198.6429901123047,209.3394592548715,196.57752677768943,202.55438327260245,35000
BBOX,2021-10-18,199.33148193359375,205.14868611743475,194.57194846948858,198.7627258530034,53380
BBOX,2021-10-19,197.24606323242188,201.55658766285794,189.58292898981688,194.5719534369173,45375
BBOX,2021-10-20,194.49212646484375,197.56536733938054,187.58731848385628,196.56756245382812,25150
BBOX,2021-10-21,193.5741424560547,199.56097160418008,184.77349630016928,194.49212109839866,33950
BBOX,2021-10-22,192.21713256835938,195.56975759325553,183.89544347585985,189.70265999336368,25315
BBOX,2021-10-25,194.58192443847656,201.48673239065008,188.58512258243726,193.56417442167208,27895
BBOX,2021-10-26,200.1696319580078,200.5587752412552,186.78906523933415,199.3614124639781,5930
BBOX,2021-10-27,201.23727416992188,204.1508777204807,198.1640486404114,204.1508777204807,11740
BBOX,2021-10-28,194.4522247314453,199.5609809722404,192.79586493530502,199.5609809722404,7450
BBOX,2021-10-29,191.5685577392578,198.95230750470742,189.90222547456372,194.6318106973201,2425
BBOX,2021-11-01,191.5785369873047,199.56097602844238,190.78029003813208,197.54540590747274,5225
BBOX,2021-11-02,190.34124755859375,199.15186620435696,182.19917156007517,189.98203720385808,6780
BBOX,2021-11-03,196.3779754638672,199.85033217376233,186.5396187647525,186.5396187647525,26990
BBOX,2021-11-04,196.12852478027344,200.54880831590575,190.9798479453104,190.9798479453104,1145
BBOX,2021-11-08,189.02415466308594,203.35263302748345,186.38995044798776,203.35263302748345,6960
BBOX,2021-11-09,198.47337341308594,198.47337341308594,189.5829282299176,193.55418741080928,31660
BBOX,2021-11-10,192.81582641601562,203.6320279934416,188.5951006817342,203.6320279934416,10175
BBOX,2021-11-11,196.21832275390625,200.35922212403162,186.84893557829872,200.35922212403162,19765
BBOX,2021-11-12,196.9666748046875,199.5609735509677,190.32130595666374,199.5609735509677,3755
BBOX,2021-11-15,191.32908630371094,199.34145829569417,187.58731799268662,196.96667780220324,38195
BBOX,2021-11-16,189.2336883544922,193.57414564858584,183.97526762820885,193.57414564858584,6405
BBOX,2021-11-17,184.61386108398438,193.5741445425089,183.79565378344708,187.98643118724672,10155
BBOX,2021-11-18,177.65916442871094,184.61386575818662,175.38417048832545,184.61386575818662,11155
BBOX,2021-11-22,168.7786865234375,178.53721686769933,168.7786865234375,173.81760412775407,11745
BBOX,2021-11-23,172.7599334716797,174.55598527118715,168.62902194545947,169.61685424151207,4330
BBOX,2021-11-24,174.0271453857422,176.1923800563718,164.73758478342057,176.1923800563718,3790
BBOX,2021-11-25,167.29197692871094,179.40532807655308,166.15447992628833,175.60369375859585,50510
BBOX,2021-11-26,162.90162658691406,171.57255382187768,161.30514784196828,170.64460254969788,19320
BBOX,2021-11-29,156.34605407714844,167.83078313168008,154.7595479213439,167.83078313168008,18445
BBOX,2021-11-30,164.1588592529297,164.1588592529297,156.0965941854497,156.0965941854497,12915
BBOX,2021-12-01,172.36082458496094,172.36082458496094,168.61905619524543,172.20117214626237,16410
BBOX,2021-12-02,180.97186279296875,180.97186279296875,180.97186279296875,180.97186279296875,9990
BBOX,2021-12-03,190.01197814941406,190.01197814941406,182.1991792484941,190.01197814941406,33240
BBOX,2021-12-06,186.07064819335938,197.16624871877957,184.79345917573164,197.16624871877957,45475
BBOX,2021-12-07,181.28118896484375,198.0343419506269,180.00399989648784,190.58073804568565,40005
BBOX,2021-12-08,176.6813201904297,191.5785399751475,172.22113108860972,191.5785399751475,43825
BBOX,2021-12-09,181.46080017089844,183.38655632451028,171.33308650101873,183.38655632451028,71530
BBOX,2021-12-10,177.3298797607422,188.58511728884667,176.81101697390224,183.4564009514845,16860
BBOX,2021-12-13,171.64239501953125,182.3987301133001,169.62682495405375,182.3987301133001,91525
BBOX,2021-12-14,174.58592224121094,178.94632472392803,165.3961325357172,170.24546489401564,42035
BBOX,2021-12-15,170.63461303710938,174.94513757815355,167.890649520794,174.94513757815355,44140
BBOX,2021-12-16,172.58033752441406,175.61365763905007,168.62902352840604,170.62463327430436,48575
BBOX,2021-12-17,166.15447998046875,176.2422883573329,164.318507351594,172.59031868641353,23030
BBOX,2021-12-20,168.9183807373047,171.62243865004822,159.66874050017955,166.96269170675953,36920
BBOX,2021-12-21,163.03134155273438,172.41070149677054,162.03353665548397,162.8417561862097,18540
BBOX,2021-12-22,160.447021484375,167.8008382907497,160.15764955430885,165.7353901869485,15935
BBOX,2021-12-23,166.12454223632812,169.64679229313148,161.64439278242529,161.64439278242529,10015
BBOX,2021-12-24,166.31411743164062,169.42727914786082,163.89943134248767,165.9549222752676,7150
BBOX,2021-12-27,164.1987762451172,168.70885877532947,162.52247127698044,168.70885877532947,7185
BBOX,2021-12-28,162.93154907226562,165.63560694501538,162.3528356510778,164.22869843677333,8535
BBOX,2021-12-29,164.02914428710938,167.65118088846273,161.04570220256403,164.4382479436583,12645
BBOX,2021-12-30,160.97586059570312,166.0946044220107,160.04789415468701,165.64558005280944,14900
BBOX,2021-12-31,162.97146606445312,169.7266090827384,162.65216120806036,162.65216120806036,10635
BBOX,2022-01-03,193.54421997070312,195.55979015573445,167.63122519178307,167.63122519178307,539905
BBOX,2022-01-04,187.55738830566406,213.5302486394375,183.79565956888683,207.14430336837586,488905
BBOX,2022-01-05,193.8335723876953,202.31491394995626,181.60048992135196,185.591709480063,202195
BBOX,2022-01-06,205.9569091796875,210.67652200461524,187.7868755941597,187.7868755941597,253605
BBOX,2022-01-07,200.37918090820312,213.3306838322974,195.7693120646522,213.3306838322974,214600
BBOX,2022-01-10,196.57752990722656,206.54560593566214,192.57633790136614,206.54560593566214,156395
BBOX,2022-01-11,194.49212646484375,199.51108382114893,192.37678497956676,199.51108382114893,54505
BBOX,2022-01-12,197.65516662597656,199.56097761628268,191.08960863536552,193.5741482877942,58995
BBOX,2022-01-13,195.34027099609375,204.2107560143817,194.64181060593222,199.36142355512507,17905
BBOX,2022-01-14,193.41448974609375,197.55538903609198,192.59629768084798,195.81920310453074,16935
BBOX,2022-01-17,191.04969787597656,197.12632582292412,189.78248143993977,196.3679996099784,24630
BBOX,2022-01-18,190.8002471923828,194.36240263747482,189.82240268935868,191.26921669619207,17840
BBOX,2022-01-19,187.8567352294922,193.37459518023817,186.59949129495104,191.11954633271878,10765
BBOX,2022-01-20,186.5496063232422,192.56636850772935,184.59390206707778,189.64279230378432,18065
BBOX,2022-01-21,183.28677368164062,188.28577045400777,182.58831333799057,186.17042906315513,14920
BBOX,2022-01-24,170.57473754882812,185.11276164815334,165.6555669036035,183.28677692970646,43025
BBOX,2022-01-25,180.83216857910156,183.60606484218644,167.59130919084248,170.42507130883953,27560
BBOX,2022-01-27,178.9862518310547,183.1670568914638,175.62363888976358,183.1670568914638,12695
BBOX,2022-01-28,179.9940185546875,184.593899580267,178.1181405409129,180.76233256196875,27000
BBOX,2022-01-31,176.0526885986328,184.59389560234857,173.618042350317,184.59389560234857,6995
BBOX,2022-02-01,174.93516540527344,180.61266259533613,171.63241833983656,178.37758932482268,8460
BBOX,2022-02-02,173.8675079345703,181.5905235242192,172.62025178008992,181.5905235242192,11005
BBOX,2022-02-03,174.47616577148438,179.60488235871594,172.6501809738021,176.61146765273733,7015
BBOX,2022-02-04,169.93614196777344,176.20235522251133,167.62124262747295,169.72661147494432,8165
BBOX,2022-02-07,175.35423278808594,178.65696446143974,165.63560790348637,165.63560790348637,16710
BBOX,2022-02-08,168.66893005371094,178.5971007803895,166.64338736728425,178.5971007803895,10750
BBOX,2022-02-09,171.0636749267578,173.6080804732826,168.66893402549553,168.66893402549553,15050
BBOX,2022-02-10,164.7874755859375,174.61586008664665,161.65436876253747,171.07364959411572,45320
BBOX,2022-02-11,165.08680725097656,170.3053222858591,163.65995364208314,167.4316547082483,14770
BBOX,2022-02-14,160.24746704101562,166.02475049696537,159.85832375357128,165.51587549809014,24360
BBOX,2022-02-15,157.14430236816406,170.28539134056072,155.05887851365884,159.6487872368358,22470
BBOX,2022-02-16,158.66094970703125,164.27859609669798,156.23629113813854,157.6531722515922,26675
BBOX,2022-02-17,155.20855712890625,164.6378105035989,153.28278573131698,164.6378105035989,22575
BBOX,2022-02-18,175.11476135253906,182.57833780123428,154.14089792347156,159.64878527866807,745185
BBOX,2022-02-21,163.0413055419922,178.6070672102058,160.64658000471024,175.61365267595653,448670
BBOX,2022-02-22,172.2111358642578,184.59389773967632,155.65755701291627,160.59668798845965,94910
BBOX,2022-02-23,168.97825622558594,185.05289285279903,161.1055766245661,169.72660985771822,174035
BBOX,2022-02-24,156.26622009277344,167.2420735780003,155.65755851776274,159.64877796693614,58510
BBOX,2022-02-25,164.827392578125,177.60927081112578,159.97806019303417,159.97806019303417,42870
BBOX,2022-02-28,168.01039123535156,176.44183945985873,154.6597570157079,171.02375102273606,108350
BBOX,2022-03-02,168.19998168945312,176.21235393219916,165.6356157518997,169.626835408572,62220
BBOX,2022-03-03,162.76193237304688,173.41849675034052,161.3849719476898,173.00939308235056,63710
BBOX,2022-03-04,160.27740478515625,169.60687139664668,159.6487828306663,164.40831643188798,38160
BBOX,2022-03-07,157.90261840820312,162.66215183278385,155.65755748296803,160.14767933343825,29250
BBOX,2022-03-08,152.73399353027344,162.24307239781163,149.73059123020514,159.38934995829553,73050
BBOX,2022-03-09,157.42367553710938,160.91599251409545,152.4645842117656,155.39813290848093,48315
BBOX,2022-03-10,163.4604034423828,164.6378058976307,159.64878147649037,159.64878147649037,36040
BBOX,2022-03-11,161.97366333007812,165.42605958923073,159.63880363222896,165.416087021824,22910
BBOX,2022-03-14,159.36940002441406,163.6400037831708,158.0323451109881,163.6400037831708,68255
BBOX,2022-03-15,156.43585205078125,164.22870593588073,155.8571233778733,160.04790094085737,39280
BBOX,2022-03-16,161.41490173339844,163.4404444472828,158.24187425788716,161.04570356994904,39855
BBOX,2022-03-17,160.906005859375,166.63341122324377,159.64877721987426,163.62003629013637,98640
BBOX,2022-03-21,158.99021911621094,164.2386823044284,158.25185328082048,164.2386823044284,144325
BBOX,2022-03-22,159.39932250976562,162.59229493908094,157.86270976185227,158.98024630578925,27865
BBOX,2022-03-23,159.3594207763672,162.55239328103704,157.65316776785164,162.55239328103704,36770
BBOX,2022-03-24,151.78607177734375,161.47476375300508,150.58870897978272,157.95251378398865,108920
BBOX,2022-03-25,150.458984375,154.06106043846899,149.74057890104865,154.06106043846899,49830
BBOX,2022-03-28,144.05308532714844,151.16743897752477,143.28478653350086,150.48893896880313,115640
BBOX,2022-03-29,142.39674377441406,144.6916828608953,141.88785353195362,144.6916828608953,49255
BBOX,2022-03-30,152.075439453125,156.64538745140666,141.98763190278106,141.98763190278106,84525
BBOX,2022-03-31,150.46897888183594,157.85272890041952,148.68289962126914,153.76173802942373,56875
BBOX,2022-04-01,153.36260986328125,156.38595748788796,151.22730798937926,153.46239644325482,13320
BBOX,2022-04-04,154.57992553710938,157.25405045229923,152.95349875949282,157.25405045229923,16305
BBOX,2022-04-05,157.832763671875,159.44921788009827,153.38256257248082,154.65975156089567,26235
BBOX,2022-04-06,154.84933471679688,158.4114900591473,150.8680879456584,158.4114900591473,119120
BBOX,2022-04-07,153.77171325683594,157.49352125886531,152.4745638459204,155.05887487459492,24330
BBOX,2022-04-08,155.53782653808594,157.44362225055545,152.69407659533766,153.0632595216553,21310
BBOX,2022-04-11,160.43704223632812,162.42267945685546,153.8315787089402,158.65097817487262,71140
BBOX,2022-04-12,162.8118133544922,165.43604494673943,159.05008485757804,160.76631039448506,71625
BBOX,2022-04-13,162.8916473388672,166.43385772268854,161.26522050559475,166.43385772268854,34685
BBOX,2022-04-18,161.4049072265625,166.2342942769222,160.06785238021092,162.09339500984177,49220
BBOX,2022-04-19,158.97027587890625,165.21652875364404,153.08321813358995,163.25085198274326,30905
BBOX,2022-04-20,155.11875915527344,161.54461003396335,154.65976219414821,159.65875934912393,9195
BBOX,2022-04-21,159.19976806640625,160.44702413833784,155.11874985311664,160.44702413833784,28830
BBOX,2022-04-22,159.95809936523438,161.64439206417316,155.65756272846303,155.65756272846303,45365
BBOX,2022-04-25,158.15206909179688,161.0357245059731,157.25405081483163,159.64877637026814,8765
BBOX,2022-04-26,156.5156707763672,160.63660971572617,155.25844213525656,159.4591920650691,7950
BBOX,2022-04-27,158.0123748779297,162.5324295795715,157.65316452695777,158.86051508100857,47885
BBOX,2022-04-28,158.93035888671875,162.4326485083731,158.05228572675313,162.34284972391134,34465
BBOX,2022-04-29,158.221923828125,161.125524397112,157.86271346980888,160.84614025456543,28735
BBOX,2022-05-02,157.0944061279297,160.59669585108247,155.65756463372512,160.59669585108247,22485
BBOX,2022-05-04,156.03672790527344,163.03133444912348,155.19856025687997,163.03133444912348,25740
BBOX,2022-05-05,156.2761993408203,161.76412631803285,155.44801944267834,159.05009575855144,33595
BBOX,2022-05-06,155.42807006835938,157.65317068263317,153.59209752209756,157.65317068263317,29850
BBOX,2022-05-09,151.83596801757812,158.770708945839,150.65856555758742,151.46678508102076,26920
BBOX,2022-05-10,147.80484008789062,155.627626605236,147.67512058285214,155.627626605236,25140
BBOX,2022-05-11,143.32469177246094,151.26722528415317,135.39214605371646,151.26722528415317,39740
BBOX,2022-05-12,138.91439819335938,143.27480069651455,136.6693371877962,143.27480069651455,33605
BBOX,2022-05-13,166.63340759277344,166.63340759277344,138.6449789011441,144.63180791645334,133205
BBOX,2022-05-16,184.49411010742188,199.4611828113867,155.5577695464233,171.62243367212963,215364
BBOX,2022-05-17,171.72222900390625,183.49631461787584,166.43386000043319,180.80224443883694,85877
BBOX,2022-05-18,171.0237579345703,176.56157830948354,163.6400075848826,171.72223356181485,101195
BBOX,2022-05-19,158.90042114257812,168.22990250857066,154.6597505626349,165.6356038283703,44067
BBOX,2022-05-20,168.6290283203125,177.60927243204512,155.40811337803947,160.44703117468168,120629
BBOX,2022-05-23,164.63780212402344,172.62024101488518,160.99582047018532,165.8351649125939,38760
BBOX,2022-05-24,161.6942901611328,167.48156173610985,158.20197294480292,163.78967135575388,15610
BBOX,2022-05-25,160.74636840820312,163.63999640078237,157.6531672641684,163.5402098250546,18045
BBOX,2022-05-26,159.49911499023438,163.54021254440934,154.85931319703138,163.54021254440934,14390
BBOX,2022-05-27,163.93934631347656,167.88067258010517,159.64878224556804,162.54241033365125,15645
BBOX,2022-05-30,166.63340759277344,171.47276713693248,163.68988637197177,171.47276713693248,22824
BBOX,2022-05-31,162.09339904785156,170.774298423281,157.15426795711534,169.97606670278176,13152
BBOX,2022-06-01,159.9481201171875,164.7375864307816,157.65316592262224,161.64438531306837,11173
BBOX,2022-06-02,158.8505401611328,162.99143971280276,156.90482361289986,159.64878714190127,9686
BBOX,2022-06-03,159.29954528808594,166.53363077190664,157.7030665923504,161.54460630030616,11376
BBOX,2022-06-06,158.451416015625,161.64438854679926,154.70964776222687,161.64438854679926,12465
BBOX,2022-06-07,157.65316772460938,159.34943293987868,156.30612507481953,157.1043720070915,5409
BBOX,2022-06-08,156.75515747070312,160.3971393025403,156.3061330809113,160.3971393025403,3256
BBOX,2022-06-09,157.30393981933594,159.64878747550028,154.6597628668909,159.64878747550028,6314
BBOX,2022-06-10,150.61863708496094,158.65096906706276,149.77051210877224,155.10875885100987,11565
BBOX,2022-06-13,143.2847900390625,149.1718328716381,141.6882961055024,149.1718328716381,8141
BBOX,2022-06-14,149.62083435058594,168.5292332304853,143.2847826824121,143.2847826824121,129260
BBOX,2022-06-15,161.49472045898438,172.12133598164684,150.51886715000978,150.51886715000978,173047
BBOX,2022-06-16,150.8680877685547,168.27977906673377,147.57532877319886,163.6399926814325,78248
BBOX,2022-06-17,151.06765747070312,155.8072307990644,149.2217275200971,152.6641514187953,19330
BBOX,2022-06-20,141.18939208984375,156.35602338941828,140.19158719874946,156.35602338941828,36855
BBOX,2022-06-21,142.4366455078125,149.62083754265737,141.18938941755144,148.42347474106558,27383
BBOX,2022-06-22,136.89881896972656,144.6816996511943,135.70145622456846,143.9333460323088,19467
BBOX,2022-06-23,135.25245666503906,141.58850861792493,133.95530725549494,138.94433173428433,23588
BBOX,2022-06-24,138.29576110839844,141.98763608330816,132.80783432195872,135.70146235560023,53661
BBOX,2022-06-27,137.098388671875,145.2305078311438,135.25245872182845,141.6882973522779,17736
BBOX,2022-06-28,134.90321350097656,139.29356400303567,133.7557440065679,138.5950884235238,15104
BBOX,2022-06-29,130.81222534179688,137.44762167748902,129.71463388801143,135.7014631443812,28223
BBOX,2022-06-30,147.8746795654297,153.36260638295795,130.76233203361835,131.46079240169948,148987
BBOX,2022-07-01,145.92897033691406,148.37358935903757,140.09180543331954,146.47776609093236,47882
BBOX,2022-07-04,146.52764892578125,149.42127691277253,143.6838990012637,146.67731356379005,22038
BBOX,2022-07-05,143.58412170410156,148.82259752703175,142.4865454287597,148.47337494067992,21263
BBOX,2022-07-06,144.2825927734375,146.37797390129668,142.88565679623707,146.12852267950672,10569
BBOX,2022-07-07,143.88345336914062,147.6751147663072,142.03752356973783,143.73378873483267,18044
BBOX,2022-07-08,140.93994140625,146.7272128417956,139.6926852876106,146.7272128417956,22411
BBOX,2022-07-11,143.08522033691406,146.67732416160186,139.74258296908852,140.69049460398546,36173
BBOX,2022-07-12,144.4322509765625,145.8790649533761,141.83795229550162,143.88345526803496,14729
BBOX,2022-07-13,143.73379516601562,150.66853599628237,141.7381854177205,143.98324638455253,19033
BBOX,2022-07-14,140.84014892578125,145.18060612690945,139.94213064810344,142.78588056957278,14140
BBOX,2022-07-15,140.19158935546875,143.3845620110326,137.99642160634951,141.68829671513566,14537
BBOX,2022-07-18,139.79246520996094,144.68170287207212,138.6948737877105,144.68170287207212,27884
BBOX,2022-07-19,138.84454345703125,141.7381867545271,135.70146416394005,137.74696722029358,23547
BBOX,2022-07-20,139.39334106445312,142.1871978210842,137.3478379805646,141.38895085843325,26557
BBOX,2022-07-21,137.74696350097656,141.1394939233554,135.75135378774343,140.54082014456174,19530
BBOX,2022-07-22,137.64718627929688,140.6904943438505,136.7491679374328,138.69488449500153,22798
BBOX,2022-07-25,138.89443969726562,140.04192447291416,136.59948537126314,137.64718356631803,16740
BBOX,2022-07-26,136.30015563964844,139.6926862147459,135.7014666086103,137.94652763706156,6996
BBOX,2022-07-27,133.25685119628906,136.74916844473015,132.3588176257987,136.00081474863563,16751
BBOX,2022-07-28,133.1570587158203,136.15047336761978,132.65815627385373,135.25245506219764,13037
BBOX,2022-07-29,140.89004516601562,144.5320420913509,133.85551775914325,134.65376470341494,74376
BBOX,2022-08-01,135.95091247558594,142.0874062880361,135.052894189718,142.0874062880361,32391
BBOX,2022-08-02,136.1005859375,139.34345194988825,134.70366512997379,136.00081457998806,36110
BBOX,2022-08-03,133.80563354492188,137.09837729757945,132.75793543030656,135.7513499147541,55847
BBOX,2022-08-04,134.05508422851562,136.64936763639759,133.05727940426257,136.64936763639759,11067
BBOX,2022-08-05,134.0052032470703,135.70146855899884,132.70805381137387,133.70585872724885,17992
BBOX,2022-08-08,133.0074005126953,134.95311708550497,132.7080559879642,132.85772063768226,19289
BBOX,2022-08-10,130.96188354492188,134.8034382190236,130.16363663825607,134.8034382190236,19522
BBOX,2022-08-11,129.61485290527344,133.20695670427054,129.31552360976931,131.95970055535417,31333
BBOX,2022-08-12,131.31112670898438,133.90541023041172,127.7190230943385,132.15925171154382,29165
BBOX,2022-08-16,128.31771850585938,133.60607238941384,127.61925049588355,129.91419723899656,28022
BBOX,2022-08-17,129.91419982910156,131.95970299621916,127.71903201146354,127.71903201146354,21132
BBOX,2022-08-18,126.421875,132.1592530486116,121.78208840732742,129.96408536202773,60961
BBOX,2022-08-19,126.27220916748047,129.21573048481713,125.07483875756192,126.72121831329555,21624
BBOX,2022-08-22,125.67352294921875,128.7667242007677,124.77550463763066,128.7667242007677,16039
BBOX,2022-08-23,127.51947021484375,128.716833058703,125.22451588269168,126.12254182190976,9153
BBOX,2022-08-24,130.263427734375,137.44761969324634,128.1181381466362,129.21572958457642,58029
BBOX,2022-08-25,131.51068115234375,135.70145844150807,129.76452267975083,132.35880613242702,33467
BBOX,2022-08-26,130.6625518798828,134.05509775996086,129.7146402462194,134.05509775996086,17257
BBOX,2022-08-29,129.16583251953125,130.5627684201799,127.17022285457043,129.46517701433407,21436
BBOX,2022-08-30,133.5063018798828,139.69268936379177,129.96409135452768,131.66035668031475,93028
BBOX,2022-09-01,132.45860290527344,134.6038773895159,130.21354183908235,133.5063011145549,18501
BBOX,2022-09-02,130.01397705078125,135.60167516374028,129.71463254600093,132.70804714321633,50016
BBOX,2022-09-05,128.41748046875,134.35441624969874,125.97286164427625,132.5583797094608,45490
BBOX,2022-09-06,127.02056121826172,132.7080458526001,125.77330514821848,130.71243614053094,32269
BBOX,2022-09-07,129.06607055664062,130.71244255983368,127.02056745625607,127.02056745625607,16766
BBOX,2022-09-08,129.8643035888672,134.20476105895884,127.17023336359759,129.76453223255038,28626
BBOX,2022-09-09,130.51287841796875,133.65595762926304,128.71682662924607,132.45859484521253,42937
BBOX,2022-09-12,130.7623291015625,134.65376194025356,129.71463096028606,129.71463096028606,28620
BBOX,2022-09-13,135.5019073486328,139.4931269157484,132.2091481607036,132.70805060659302,139875
BBOX,2022-09-14,141.7880859375,147.17622644256758,133.65596666329307,134.65377158832743,235880
BBOX,2022-09-15,144.48214721679688,146.62742158226794,142.686095418222,143.93335149705263,101820
BBOX,2022-09-16,140.4410400390625,146.57753409985222,137.74696984713762,146.5276560349585,59046
BBOX,2022-09-19,145.3302764892578,148.67292896894583,137.7469684421258,140.4410386065713,106192
BBOX,2022-09-20,148.1740264892578,156.50570342910825,145.380169746085,148.22391977892588,191109
BBOX,2022-09-21,143.58412170410156,149.22172862966994,142.73599665842306,147.6751279606983,39574
BBOX,2022-09-22,145.779296875,147.92457124475578,140.49092804513714,141.38894633357117,43255
BBOX,2022-09-23,143.3346710205078,152.16525067435035,141.88785692800738,147.97447304509933,78488
BBOX,2022-09-26,138.64498901367188,145.92896789197107,133.80564434183287,142.68610193881617,45880
BBOX,2022-09-27,138.34564208984375,144.23270008374212,136.30015424289624,140.74038296416143,27551
BBOX,2022-09-28,137.4975128173828,141.33905239500362,136.6992658839506,138.39553110168538,19522
BBOX,2022-09-29,137.5972900390625,143.68390603772275,136.4498204906846,141.1893937801234,20394
BBOX,2022-09-30,138.9942169189453,141.73818022227042,135.4520067005033,136.79904932134394,26247
BBOX,2022-10-03,137.6970672607422,139.69267693118775,137.14827155631096,139.14388122675652,24659
BBOX,2022-10-04,138.5452117919922,141.58850445432608,137.6970715654209,139.04411422520022,16851
BBOX,2022-10-06,144.03314208984375,146.67731896058,137.94652616530738,137.94652616530738,79793
BBOX,2022-10-07,141.937744140625,147.6751221990334,140.69048804097102,146.6773173193102,74171
BBOX,2022-10-10,157.45361328125,165.83516819229837,140.6405949447456,140.6405949447456,544774
BBOX,2022-10-11,156.90481567382812,164.1389009751652,152.7639315569735,157.65316932569058,199492
BBOX,2022-10-12,166.53363037109375,169.5270450468495,155.65756313929896,157.70306621279093,391103
BBOX,2022-10-13,170.275390625,172.27100031401397,166.5336224580988,168.57912543439684,215227
BBOX,2022-10-14,164.7375946044922,174.21674112712427,162.24308236169426,174.21674112712427,113292
BBOX,2022-10-17,167.1822052001953,170.57473559069535,162.6920833876133,164.63779979467344,65999
BBOX,2022-10-18,169.1279296875,170.52485045025833,164.68770095020267,168.5791339502398,66600
BBOX,2022-10-19,166.03472900390625,172.72003400343246,165.33626862008404,170.82419556129278,47990
BBOX,2022-10-20,168.03033447265625,169.57693507040094,164.9870417911548,168.52923690900653,20593
BBOX,2022-10-21,163.3406524658203,167.98045419797643,161.79405188843495,166.63341154744538,25852
BBOX,2022-10-24,162.8916473388672,166.23429979091568,161.09559550232314,164.63780588614446,15849
BBOX,2022-10-25,165.83517456054688,167.43166852171754,162.44264392467767,162.8916530933523,18983
BBOX,2022-10-27,160.79624938964844,168.62902374235475,159.19977072608071,165.8351670494936,38772
BBOX,2022-10-28,162.49252319335938,165.03691333804485,158.75075506847662,160.74636473508076,49311
BBOX,2022-10-31,159.8483428955078,164.63780948934775,158.50131540758989,164.63780948934775,27446
BBOX,2022-11-01,159.19976806640625,163.63999663742393,157.20415835131573,161.94373142465574,37365
BBOX,2022-11-02,155.70745849609375,161.64439463676797,153.4125041691548,161.64439463676797,55787
BBOX,2022-11-03,154.06106567382812,157.55338271510928,152.01557787274152,154.6597546853082,31320
BBOX,2022-11-04,154.0111846923828,156.50569681746,152.96348655479164,156.50569681746,21783
BBOX,2022-11-07,149.8702850341797,156.85491896596844,148.67292226236037,156.85491896596844,41056
BBOX,2022-11-09,144.23269653320312,152.76393118894083,141.93774229462838,152.66414461214862,76807
BBOX,2022-11-10,149.77052307128906,151.51668166367446,144.4821540035772,146.67732176037418,78630
BBOX,2022-11-11,140.93994140625,155.45800567227127,136.30015473502925,151.66634402654867,61251
BBOX,2022-11-14,142.13729858398438,154.6597525623144,136.3999206663501,140.69048458894406,69441
BBOX,2022-11-15,144.13291931152344,146.77711151520123,141.68830027438355,144.93116630179023,36396
BBOX,2022-11-16,142.08740234375,147.47555758526659,140.19157924830316,145.92895704672125,35089
BBOX,2022-11-17,141.88784790039062,144.3324667598069,140.7902716907006,143.23489055011686,7684
BBOX,2022-11-18,143.18499755859375,146.57752799599686,137.74696411100908,141.88784819418882,22205
BBOX,2022-11-21,139.64279174804688,143.38456009727264,138.69488014463522,143.2348954534214,16576
BBOX,2022-11-22,138.4953155517578,141.98763250977976,137.74696191789596,141.98763250977976,10838
BBOX,2022-11-23,139.0441131591797,140.6405917980292,138.39553086580537,140.09179608064903,21022
BBOX,2022-11-24,137.24806213378906,141.5885041584526,136.69926641334823,141.5885041584526,47287
BBOX,2022-11-25,138.39553833007812,140.1416969270968,136.35003521422587,137.69707793632958,14417
BBOX,2022-11-28,137.14828491210938,140.5408308174164,136.69927573759233,138.39554107759835,13574
BBOX,2022-11-29,135.80125427246094,138.99422693778774,133.50629993556228,138.24587325566608,25480
BBOX,2022-11-30,136.79905700683594,137.69707532098548,135.70146553372481,135.70146553372481,12605
BBOX,2022-12-01,139.5928955078125,141.6383985405465,136.49970953967528,137.19816990504214,211645
BBOX,2022-12-02,145.03094482421875,153.6619509119475,139.4931247170735,142.3368594786441,311208
BBOX,2022-12-05,141.83795166015625,145.38016188082855,140.890040108924,143.38455220442654,33776
BBOX,2022-12-06,137.5972900390625,142.68610113468299,136.69927171644454,142.68610113468299,29218
BBOX,2022-12-07,144.2825927734375,153.562166043789,135.7513579431616,138.99422382643124,311196
BBOX,2022-12-08,140.49093627929688,149.07204948655212,139.2436801248736,146.4278725292927,56473
BBOX,2022-12-09,139.69268798828125,142.13730698301723,137.74697145064627,140.93994413103377,33865
BBOX,2022-12-12,139.093994140625,141.63839962892914,137.99641790812709,138.84454292069898,15026
BBOX,2022-12-13,143.18499755859375,145.97885421455192,138.29575982963738,139.09399153823065,31332
BBOX,2022-12-14,140.0419158935547,143.9333486935933,138.2458641299624,142.93554384996355,28925
BBOX,2022-12-15,141.53863525390625,142.5863182490103,138.89444305715693,142.0874157845627,16393
BBOX,2022-12-16,137.29795837402344,142.28698280294444,136.25026019889117,140.64059560622394,31150
BBOX,2022-12-19,137.79685974121094,141.38894816681602,137.2979573022135,139.1937804802861,30106
BBOX,2022-12-20,138.14608764648438,139.6427950212573,137.29796260262322,139.6427950212573,7493
BBOX,2022-12-21,139.093994140625,140.1915855984171,134.65376547100087,139.6926831585651,104270
BBOX,2022-12-22,130.21353149414062,140.39113780724463,128.01836389332112,140.39113780724463,35330
BBOX,2022-12-23,121.98164367675781,130.36319837915372,120.48493639238042,128.16803074045896,47675
BBOX,2022-12-26,130.41310119628906,132.55839092916227,120.78428972000299,122.03154588145429,20347
BBOX,2022-12-27,140.5906982421875,141.68828967485675,129.5150734661602,132.60825938726597,47528
BBOX,2022-12-28,134.6537628173828,141.28917427182728,133.4065067423324,141.28917427182728,26219
BBOX,2022-12-29,131.56057739257812,135.70146148755884,130.51287924044627,135.70146148755884,19666
BBOX,2022-12-30,133.5063018798828,135.70146966768343,132.8078414781228,133.6060732371086,11161
BBOX,2023-01-02,134.5041046142578,134.70366255075558,130.71244291962208,130.71244291962208,15683
BBOX,2023-01-03,133.25685119628906,135.0529031119749,132.6082688578302,134.4542140649813,11488
BBOX,2023-01-04,130.06387329101562,135.00300444345922,128.66693731210097,135.00300444345922,36150
BBOX,2023-01-05,133.40650939941406,134.70365878836083,130.71243926870568,132.05948194670697,14220
BBOX,2023-01-06,135.6016845703125,139.3933463682018,133.00740087460565,136.00081567947166,113243
BBOX,2023-01-09,135.95091247558594,138.24586670371883,134.70365639782827,138.24586670371883,16095
BBOX,2023-01-10,132.80783081054688,138.4953153756042,131.56057475569688,138.4953153756042,15599
BBOX,2023-01-11,132.40870666503906,134.85332561538138,131.71024628284047,131.71024628284047,5674
BBOX,2023-01-12,131.21133422851562,134.65375782291233,129.76452028018002,134.65375782291233,14581
BBOX,2023-01-13,131.90980529785156,133.40651265423858,129.71463755354281,133.40651265423858,11462
BBOX,2023-01-16,131.56057739257812,134.55399198421546,130.91199509588034,134.55399198421546,8058
BBOX,2023-01-17,131.26123046875,133.60606272046604,130.61264818400787,133.60606272046604,15255
BBOX,2023-01-18,129.21572875976562,133.4065061069155,128.86649097029738,131.11155189469486,24356
BBOX,2023-01-19,131.6603546142578,133.7058577214736,128.76672647010497,130.71244299636598,14294
BBOX,2023-01-20,131.06167602539062,132.7080479740488,129.7146333580928,131.6603498134054,19752
BBOX,2023-01-23,128.31771850585938,133.4564077418773,127.7190294651237,133.4564077418773,22268
BBOX,2023-01-24,127.31990051269531,130.662545321028,127.22012154773631,130.662545321028,13164
BBOX,2023-01-25,128.36758422851562,129.31551098941642,125.9728587464237,128.66692872010043,9654
BBOX,2023-01-27,125.7234115600586,131.71024068196616,124.27659756732302,131.71024068196616,10305
BBOX,2023-01-30,124.32648468017578,127.71902274435203,122.58032616609285,127.71902274435203,14218
BBOX,2023-01-31,126.27220916748047,128.81661462749128,122.9794500560132,124.4262640704369,13996
BBOX,2023-02-01,125.424072265625,128.46738024065672,122.33087861342796,126.52166374032313,13284
BBOX,2023-02-02,127.02056121826172,127.71902157242717,120.83416654325913,127.46957035841852,27999
BBOX,2023-02-03,123.32868194580078,128.3675920344833,121.73219565644243,127.7689182402019,10668
BBOX,2023-02-06,120.33526611328125,124.87528132867952,119.78647800093833,124.42626456842036,15698
BBOX,2023-02-07,120.18559265136719,122.68010480778948,119.2376810769855,122.68010480778948,8675
BBOX,2023-02-08,120.03592681884766,125.22450900756864,118.78867075303522,125.22450900756864,13931
BBOX,2023-02-09,119.7864761352539,121.53263463511098,118.73877799028091,119.73658284734209,8245
BBOX,2023-02-10,120.23548889160156,121.2332937786688,117.74097667393349,120.63461236895789,9459
BBOX,2023-02-13,115.59569549560547,123.52824897380383,114.74756285788101,123.52824897380383,26631
BBOX,2023-02-14,113.55020141601562,118.23988143197161,112.75195444567757,115.64559019734388,13767
BBOX,2023-02-15,114.34843444824219,116.14448622582614,112.25304578282548,113.74975305992983,6999
BBOX,2023-02-16,116.9427261352539,118.73877792198984,112.90162103406846,115.9449212787666,16731
BBOX,2023-02-17,117.7908706665039,119.23768471632937,115.84514655751943,119.23768471632937,34780
BBOX,2023-02-20,114.34843444824219,118.23987489124285,113.69985977230093,117.7908657531703,9561
BBOX,2023-02-21,114.2486572265625,115.7453645264738,112.7519499266512,113.7996480816479,8520
BBOX,2023-02-22,112.0534896850586,117.2420719519143,110.80623360046377,117.2420719519143,8974
BBOX,2023-02-23,107.4136962890625,114.94711852581541,105.76731672320025,111.05568560441908,23356
BBOX,2023-02-24,108.46138763427734,111.70425350095482,107.21413153170907,109.5589790946551,10637
BBOX,2023-02-27,106.11654663085938,108.5112798465541,102.7240085430124,108.5112798465541,15011
BBOX,2023-02-28,105.4180908203125,108.7108424730997,103.77171118759522,106.81501922421344,9709
BBOX,2023-03-01,104.02115631103516,106.5156684527866,103.3725816316504,106.0666593123301,16847
BBOX,2023-03-02,104.81940460205078,105.7174228946204,102.37477810381402,105.7174228946204,8516
BBOX,2023-03-03,104.07105255126953,107.66314861476462,102.97346108764432,104.76951292571545,12294
BBOX,2023-03-06,103.67192840576172,106.26621956750952,102.77390249252095,106.26621956750952,35870
BBOX,2023-03-08,103.3725814819336,104.66973083882442,102.37477662667817,102.82379337913126,11281
BBOX,2023-03-09,102.67412567138672,104.27061198790656,102.22510889906576,103.3725860559119,31922
BBOX,2023-03-10,100.62862396240234,103.6719319923799,98.83257968643223,102.67412707929182,64038
BBOX,2023-03-13,95.68949127197266,102.67412556025319,94.79146534095,102.67412556025319,42374
BBOX,2023-03-14,89.6028823852539,97.73498616843894,87.40770705432006,97.73498616843894,52624
BBOX,2023-03-15,91.99760437011719,94.6916820398851,90.80024159198493,91.69826748190756,44361
BBOX,2023-03-16,90.25144958496094,93.44442981220723,89.25364469131783,92.09739472831846,25295
BBOX,2023-03-17,88.95430755615234,92.39673138508113,88.30573285446582,90.85013837160251,18017
BBOX,2023-03-20,85.561767578125,89.40331480400121,84.21473252653816,89.30353583955903,36354
BBOX,2023-03-21,84.81341552734375,87.15825549292323,84.31451308306526,86.80902530445772,42912
BBOX,2023-03-22,93.29475402832031,99.9301578427035,85.36220846883205,86.8090224648542,262398
BBOX,2023-03-23,87.50748443603516,94.19278166181415,85.31231675750895,94.19278166181415,146487
BBOX,2023-03-24,91.19937133789062,99.73059884821616,84.96309057918158,87.55738185227506,246785
BBOX,2023-03-27,94.34245300292969,100.22949561457243,91.29914512052022,91.29914512052022,261570
BBOX,2023-03-28,90.50090026855469,95.24047348508903,89.6527676365464,95.24047348508903,58446
BBOX,2023-03-29,86.21034240722656,91.39892469319119,85.2125375358759,91.39892469319119,126784
BBOX,2023-03-31,93.14508056640625,96.23827405700705,86.21033995299574,86.21033995299574,235628
BBOX,2023-04-03,99.33148193359375,100.97785394660076,94.34245737866985,95.44004125822364,261588
BBOX,2023-04-05,100.22949981689453,104.66973621858637,98.88246471559485,100.82818885093643,133151
BBOX,2023-04-06,106.86489868164062,109.7585342899972,97.23608028730693,100.67851161217227,243283
BBOX,2023-04-10,112.2530517578125,117.7409787326389,107.31392052552766,107.7629296875,176806
BBOX,2023-04-11,113.30075073242188,117.14229811871097,111.75415007472171,113.10118518255719,83784
BBOX,2023-04-12,113.2508544921875,114.74756182027808,111.85392613010686,112.55239411747075,40842
BBOX,2023-04-13,124.42626190185547,129.71463065837088,111.7541433364426,112.8018414752805,349798
BBOX,2023-04-17,133.80563354492188,136.59947488350485,120.8341631663359,123.62801973021226,250584
BBOX,2023-04-18,131.90980529785156,138.195979239736,126.72122284076876,134.6038754942893,191377
BBOX,2023-04-19,138.1959686279297,139.543011235359,130.7623257070817,132.00958174162977,194705
BBOX,2023-04-20,136.4997100830078,140.54082287590066,133.70585338512547,139.3434448444553,55864
BBOX,2023-04-21,137.74696350097656,140.49092685667213,135.25245135943513,137.64717692519739,82544
BBOX,2023-04-24,138.39553833007812,141.5885110052819,137.69707793632958,138.64498955822364,52849
BBOX,2023-04-25,136.0507049560547,140.19158922379265,135.75136043934356,138.69488186553153,32792
BBOX,2023-04-26,136.6992645263672,145.13071246851868,132.7080451241375,136.05069746362236,92287
BBOX,2023-04-27,138.79466247558594,142.68609534954692,135.00300095270703,138.04630882864774,59854
BBOX,2023-04-28,137.0485076904297,140.44103822529237,136.399925376948,140.44103822529237,30296
BBOX,2023-05-02,134.95310974121094,139.44323169193515,134.30454266066843,139.09399389453895,32867
BBOX,2023-05-03,133.90541076660156,136.49970952371112,132.3588101700668,136.49970952371112,25185
BBOX,2023-05-04,138.79466247558594,141.4887325595046,132.90760465116253,132.95749793935053,63441
BBOX,2023-05-05,136.84893798828125,141.13950216740594,136.64938005036038,139.6926880858613,30849
BBOX,2023-05-08,134.30455017089844,139.34345290602604,133.80564770403075,136.7491692134911,34753
BBOX,2023-05-09,140.0419158935547,144.63180903907542,135.2025563118329,136.44981236637008,159400
BBOX,2023-05-10,143.58412170410156,148.37358835869668,141.3390606371315,141.43884721911473,143911
BBOX,2023-05-11,147.92457580566406,148.8724874116364,143.2348958403579,144.5819233145414,252229
BBOX,2023-05-12,148.62303161621094,149.67072976965733,145.03094323691553,148.67292490452627,59642
BBOX,2023-05-15,142.48654174804688,149.57094735230453,142.1871972351246,148.62303574912923,62474
BBOX,2023-05-16,143.48434448242188,144.4821493602895,141.73818594615355,143.48434448242188,20786
BBOX,2023-05-17,138.89443969726562,143.68390628516332,137.7968634372085,143.48434834927062,83907
BBOX,2023-05-18,135.3522186279297,143.13509931987937,134.00519124729766,138.19596847364184,79622
BBOX,2023-05-19,134.90321350097656,138.19597257119744,131.36100321672828,135.35222264116717,77407
BBOX,2023-05-22,139.34344482421875,143.13510639755884,134.00519787352556,136.00080762525255,94105
BBOX,2023-05-23,137.5474090576172,140.09179932618213,135.95091515648753,136.94872003837,31686
BBOX,2023-05-24,136.79905700683594,137.54741067705868,134.80344721957528,137.54741067705868,52501
BBOX,2023-05-25,138.4454345703125,141.38895608008175,134.0052056597831,137.4476296364724,93359
BBOX,2023-05-26,137.14828491210938,139.49313259334664,135.70147080520115,138.24587642785767,43990
BBOX,2023-05-29,146.1784210205078,149.12194249429183,135.95092057368046,135.95092057368046,276971
BBOX,2023-05-30,144.781494140625,148.57314050340776,140.69048804356675,147.57533562366615,117571
BBOX,2023-05-31,138.0463104248047,143.3346640774125,133.95530435078956,142.78588357688105,226355
BBOX,2023-06-01,135.7014617919922,140.7403794109448,135.25245264729807,139.5430166166625,53520
BBOX,2023-06-02,135.30235290527344,139.49313051378124,133.85552359463958,135.75136207309663,143642
BBOX,2023-06-05,135.7014617919922,137.39772701933327,134.70365692587458,136.59948008138042,39961
BBOX,2023-06-06,135.75135803222656,141.53862942660973,133.90541289965194,136.44981840863787,165377
BBOX,2023-06-07,137.29795837402344,138.49532119190562,135.2025620237589,136.30015348823923,56084
BBOX,2023-06-08,135.30235290527344,139.14389270253278,134.85332851215549,137.74697190812844,27026
BBOX,2023-06-09,135.95091247558594,137.49751305706422,132.90760460079844,136.0506990519241,34454
BBOX,2023-06-12,136.0008087158203,138.19597641526383,135.1027751851655,137.99641848354975,96050
BBOX,2023-06-13,133.8555145263672,136.44981322627117,133.60606331388772,136.0008040888669,53731
BBOX,2023-06-14,135.3522186279297,136.20035882059284,133.45639554765052,135.20255399406835,37950
BBOX,2023-06-15,134.7036590576172,137.19817126238786,133.80564075401742,137.19817126238786,23739
BBOX,2023-06-16,134.5041046142578,136.3999278489284,133.85552228902185,134.75355584120365,18600
BBOX,2023-06-19,135.0030059814453,136.39992675097972,134.05509437174024,134.70366146646094,187506
BBOX,2023-06-20,133.3566131591797,136.3999210206272,133.20694852062238,136.3999210206272,29941
BBOX,2023-06-21,130.01397705078125,136.05069953355778,128.76672096860815,134.20475444182404,76444
BBOX,2023-06-22,129.71463012695312,131.90979774558127,129.06606306643582,130.7623282614988,31075
BBOX,2023-06-23,128.71682739257812,132.95749806248864,124.17681221855631,129.71463225608647,77304
BBOX,2023-06-26,124.82538604736328,129.6148447918094,122.08142269151033,125.97286315506753,67877
BBOX,2023-06-27,125.87308502197266,127.66912920824097,124.17681218685333,125.22451033832841,23381
BBOX,2023-06-28,124.87528228759766,128.06826247203145,123.12912374713527,126.272210642497,76505
BBOX,2023-06-30,133.95530700683594,141.43884371112844,125.22451418516134,125.37418644177663,310524
BBOX,2023-07-03,141.88784790039062,147.07643012197275,133.30673524843007,135.0030004636193,486401
BBOX,2023-07-04,140.091796875,151.217330248503,137.79685786706014,143.08521146827175,318137
BBOX,2023-07-05,147.8247833251953,148.6230302550482,140.191582266969,141.18938712296165,241076
BBOX,2023-07-06,177.3598175048828,177.3598175048828,150.81820159406257,152.1652442728249,2416993
BBOX,2023-07-07,174.5659637451172,192.92558299140697,170.7244240255229,187.18820483168412,2325687
BBOX,2023-07-10,167.43165588378906,183.5960913130297,165.83516204312352,173.51825629757744,308873
BBOX,2023-07-11,184.1448974609375,184.1448974609375,167.7310098902218,169.32748859609308,554614
BBOX,2023-07-12,195.61964416503906,200.55877513448632,184.59389751184065,188.58511691750206,699520
BBOX,2023-07-13,201.05767822265625,213.48034561864995,197.56536123119574,199.56097094060175,589631
BBOX,2023-07-14,194.32249450683594,207.34385084233992,187.73697640775765,206.54560391740713,297810
BBOX,2023-07-17,202.6541748046875,204.35044003542765,192.57633954658783,195.56975415093893,254207
BBOX,2023-07-18,199.76052856445312,206.34604668565345,197.56536093248428,205.34824183245908,141335
BBOX,2023-07-19,203.30274963378906,205.89704847996995,199.56098123562117,201.50669775760954,116189
BBOX,2023-07-20,197.56536865234375,204.40033825391885,196.4677771808241,204.40033825391885,106746
BBOX,2023-07-21,190.5807342529297,197.01657275724986,189.58292936155308,197.01657275724986,117740
BBOX,2023-07-24,188.0862274169922,199.06208153681666,184.94314800916035,192.32689832692438,131944
BBOX,2023-07-25,186.53961181640625,192.9754499901571,184.5938954232202,188.0862123636595,86646
BBOX,2023-07-26,187.78688049316406,193.57415200008106,186.140508486374,186.48973106872316,66501
BBOX,2023-07-27,188.1361083984375,191.27918760061985,183.3965353386202,187.1383035437391,74880
BBOX,2023-07-28,202.05548095703125,205.54779791184416,187.886655213992,189.5829204041281,264740
BBOX,2023-07-31,200.95790100097656,214.428267166467,200.10977597017796,209.4392426607298,220370
BBOX,2023-08-01,198.76272583007812,203.50229893327543,197.81481425449746,201.05768006194825,169800
BBOX,2023-08-02,198.41351318359375,204.94912318823233,187.73698842654034,199.1119735781397,235534
BBOX,2023-08-03,206.44581604003906,209.53901714515646,196.71721881544252,196.71721881544252,255320
BBOX,2023-08-04,201.85592651367188,212.53243548598414,198.01437170702363,207.54341117880142,361286
BBOX,2023-08-07,222.71005249023438,231.390952147492,203.95131716890523,204.10099704032885,1676662
BBOX,2023-08-08,227.39971923828125,237.37776773886915,220.9139877128991,224.90520711313425,766573
BBOX,2023-08-09,224.0570831298828,233.68589388598463,218.21991864076188,229.94412568149525,417371
BBOX,2023-08-10,222.95950317382812,231.4907381641611,219.86631710077688,226.20236911793816,274015
BBOX,2023-08-11,221.1634521484375,226.60150108662552,219.51708013752392,221.46279666641124,162590
BBOX,2023-08-14,206.8948516845703,218.51927265582398,203.80165041073997,217.42168117793722,320147
BBOX,2023-08-16,203.0532989501953,214.478162111425,202.5543964957722,207.04451858557997,379039
BBOX,2023-08-17,212.78189086914062,214.42826283264114,203.95131158234346,204.20076280258866,155122
BBOX,2023-08-18,211.983642578125,216.37399316184,207.74297186078667,214.47815476479462,152511
BBOX,2023-08-21,204.0511016845703,213.63003479753345,199.91021744710392,213.63003479753345,149699
BBOX,2023-08-22,209.93814086914062,211.93375063111077,203.55219572095388,203.90143351941634,253041
BBOX,2023-08-23,206.99461364746094,213.92935432866398,205.64758623149282,211.48473548460888,128687
BBOX,2023-08-24,203.60208129882812,208.89045001281593,202.25503867039856,207.94252323154657,105920
BBOX,2023-08-25,203.40252685546875,206.74516400218562,201.9058195650688,204.15088050066873,95065
BBOX,2023-08-28,203.85154724121094,206.29616623864132,201.55659289095792,206.29616623864132,65812
BBOX,2023-08-29,220.6146697998047,223.75774914924145,203.6020931850933,204.99901395699976,691269
BBOX,2023-08-30,216.52366638183594,227.3498557910456,214.67772120044432,223.50830078125,384212
BBOX,2023-08-31,212.88168334960938,224.456211154719,210.58672901466608,217.47157679420135,242915
BBOX,2023-09-01,219.7665252685547,223.00939113517356,212.58233316295022,215.22651001022945,235648
BBOX,2023-09-04,215.2265167236328,222.7100535723356,214.12894045433325,221.81203524060913,202738
BBOX,2023-09-05,218.2698211669922,227.49951646205358,213.92936377595365,217.37180285002293,551158
BBOX,2023-09-06,213.03134155273438,221.66234766135747,211.53463423503368,219.4671799737886,176096
BBOX,2023-09-07,208.74078369140625,217.47157663568956,206.89485374693453,214.47816191193527,172825
BBOX,2023-09-08,216.62344360351562,219.01816920401134,208.39155341703227,210.2374832933703,226331
BBOX,2023-09-11,210.3871612548828,218.71882271788428,209.43923445569334,217.12234407376906,192857
BBOX,2023-09-12,195.3701934814453,214.0790344961657,188.63501071614598,212.53243392722337,425677
BBOX,2023-09-13,195.61964416503906,202.9036226254299,189.63281505654692,192.1273271850853,192201
BBOX,2023-09-14,200.35922241210938,204.45021327396927,195.17064009507325,197.76492364094423,208216
BBOX,2023-09-15,195.469970703125,201.9557024497104,194.87129690784752,198.8126231549444,83103
BBOX,2023-09-18,191.77809143066406,197.26601817164467,189.63281706748919,194.57194808931297,151669
BBOX,2023-09-20,186.83895874023438,193.7736994241189,184.0451021065366,188.88446173411813,151083
BBOX,2023-09-21,187.2380828857422,194.87129948516255,185.04291515677022,186.83896701694528,116670
BBOX,2023-09-22,184.54400634765625,190.23149102110773,183.4963081965561,187.0385185048976,84958
BBOX,2023-09-25,183.04730224609375,186.6892991943676,181.80004614571794,184.09500041546826,96113
BBOX,2023-09-26,178.25784301757812,186.98863607491,176.26223317590225,182.59830051334103,128105
BBOX,2023-09-27,179.60487365722656,188.3855594144164,177.60926394992404,178.20795295223232,197560
BBOX,2023-09-28,186.1405029296875,193.1750303606302,181.60048769232066,181.60048769232066,343712
BBOX,2023-09-29,184.39434814453125,188.9842415388869,183.14709202237572,188.1860098009429,83409
BBOX,2023-10-03,196.56756591796875,200.40912088516362,184.04511133854177,184.3943491447575,392156
BBOX,2023-10-04,211.08563232421875,223.5083004421262,197.5154794215432,197.5154794215432,3930696
BBOX,2023-10-05,213.4803466796875,222.1612459136906,212.5324351080671,216.0247521168851,577259
BBOX,2023-10-06,212.28298950195312,219.26762370413255,206.745169339452,215.42606880281613,442687
BBOX,2023-10-09,208.24188232421875,211.18540377287985,203.05329982102546,210.18759885975442,266729
BBOX,2023-10-10,203.2528533935547,211.2352925271281,201.80603934565337,210.13771628143837,209202
BBOX,2023-10-11,215.47596740722656,219.51708034036957,203.85154628841124,205.29836036377745,505956
BBOX,2023-10-12,214.3284912109375,223.50829305938927,212.43265280427508,216.47376561223805,389496
BBOX,2023-10-13,212.58233642578125,218.86851032415416,210.2374888268876,215.42607124805616,163185
BBOX,2023-10-16,208.3915557861328,213.380580198295,207.6432021243085,212.53243995810976,134322
BBOX,2023-10-17,204.7495574951172,213.13112758807864,203.55219468906387,210.23748431271449,166141
BBOX,2023-10-18,203.40252685546875,210.2873743011909,200.55877691359132,205.14868536093536,186903
BBOX,2023-10-19,206.3959503173828,208.54122476914858,200.25944102751583,203.4025356077778,123147
BBOX,2023-10-20,204.30055236816406,209.73858600396716,201.55658890534377,208.54122317434084,115350
BBOX,2023-10-23,204.40032958984375,207.49351548932287,197.21612249040922,205.5477990770984,288949
BBOX,2023-10-25,205.5478057861328,218.3197113266407,202.7539490701945,207.54341555104673,282392
BBOX,2023-10-26,220.36521911621094,224.50610337727394,198.11416671420443,205.4979169129392,965165
BBOX,2023-10-27,246.35801696777344,252.89364192870585,221.2133372219904,222.90960246044077,3662944
BBOX,2023-10-30,251.69627380371094,261.4248711063321,237.5773412443834,248.25385011091913,1414973
BBOX,2023-10-31,242.6661376953125,257.2340794433986,240.82020784870554,253.3925398867557,397509
BBOX,2023-11-01,253.2927703857422,256.3859715489992,238.4753620904246,243.61405104116764,711014
BBOX,2023-11-02,252.44464111328125,262.7719279762151,251.24727827163687,255.43805583003953,483116
BBOX,2023-11-03,251.89584350585938,255.78729174402113,244.46220005931858,254.39035575136262,251505
BBOX,2023-11-06,244.56198120117188,252.9435360695726,242.6162495127091,251.89583790469896,233301
BBOX,2023-11-07,233.8854522705078,241.36898869416265,232.33886692318757,239.47316555695429,144862
BBOX,2023-11-08,236.62942504882812,241.46878488562052,229.69468406514707,233.93535487408877,116823
BBOX,2023-11-09,240.62063598632812,244.41229750076488,233.58612390100677,233.58612390100677,86080
BBOX,2023-11-10,240.62063598632812,247.45560536992963,239.4731664870287,244.36240421268795,100366
BBOX,2023-11-13,252.89364624023438,254.39035357473009,242.4665881883064,245.95890530212972,90353
BBOX,2023-11-15,247.4556121826172,256.4358561731154,243.46439263128465,252.9435390656994,254910
BBOX,2023-11-16,242.41668701171875,255.43804344323954,241.36898886659984,255.43804344323954,88496
BBOX,2023-11-17,244.01318359375,249.45121708105827,239.47316839781595,242.41668971431363,80783
BBOX,2023-11-20,252.04551696777344,253.44243769962222,241.4687792256243,243.91339811900673,83021
BBOX,2023-11-21,260.9758605957031,262.2231167263471,252.54442742290354,252.54442742290354,183160
BBOX,2023-11-22,269.1578674316406,273.9972272086664,264.46817229708194,264.46817229708194,292584
BBOX,2023-11-23,259.9780578613281,272.8996436628966,255.73738698174014,269.40732646794186,135572
BBOX,2023-11-24,254.78948974609375,269.40732558102013,252.44464211851147,259.9780570054487,151202
BBOX,2023-11-28,259.12994384765625,263.42049272313847,252.54442543946,257.43366334306717,58799
BBOX,2023-11-29,259.42926025390625,261.42486994816704,255.5877055023367,259.1299309800021,89699
BBOX,2023-11-30,256.4857177734375,261.4248638314029,248.55318769470685,258.9303517719429,82739
BBOX,2023-12-01,260.1776123046875,266.41389256127155,256.43584415073707,256.43584415073707,96270
BBOX,2023-12-04,257.0345458984375,266.41390577958606,253.99123793716987,263.4204911079053,86388
BBOX,2023-12-05,260.8262023925781,262.32290978631966,256.4857448606096,259.4292815818706,76719
BBOX,2023-12-06,260.52685546875,260.92597132329524,251.94572756838258,260.77630668416424,127990
BBOX,2023-12-07,259.1798095703125,261.2752058436741,256.33605966007804,256.4358462351119,86685
BBOX,2023-12-08,253.64199829101562,264.26862943338807,251.19737937197777,259.4292696592422,65217
BBOX,2023-12-11,254.63980102539062,257.18420650140416,250.54881017354185,250.54881017354185,54347
BBOX,2023-12-12,255.6875,257.1842073170732,251.69628048780487,251.69628048780487,55331
BBOX,2023-12-13,253.54222106933594,255.6376173658933,251.54661134891705,255.6376173658933,67795
BBOX,2023-12-14,259.62884521484375,261.42488184115047,253.54222928033278,253.54222928033278,175017
BBOX,2023-12-15,255.6875,266.4139024390244,254.4901371914003,260.4270731707317,44176
BBOX,2023-12-18,249.50111389160156,258.4314645441094,248.45341572001254,258.4314645441094,62894
BBOX,2023-12-19,243.6140594482422,253.44244377122027,238.47537032016396,253.39255048132455,76747
BBOX,2023-12-20,231.7401885986328,246.45781091006376,231.44084408283294,243.06528033178392,77722
BBOX,2023-12-21,227.69906616210938,234.2845843327147,224.50609365299226,225.30434058659503,47780
BBOX,2023-12-22,239.0740509033203,239.0740509033203,230.4929230043816,230.54281629251494,35772
BBOX,2023-12-26,250.99781799316406,250.99781799316406,250.99781799316406,250.99781799316406,30160
BBOX,2023-12-27,263.520263671875,263.520263671875,263.520263671875,263.520263671875,448316
BBOX,2023-12-28,276.6912841796875,276.6912841796875,276.6912841796875,276.6912841796875,28582
BBOX,2023-12-29,290.5108947753906,290.5108947753906,290.5108947753906,290.5108947753906,65462
BBOX,2024-01-01,295.2005920410156,305.0289766054156,279.9341584755841,305.0289766054156,532204
BBOX,2024-01-02,295.1007995605469,297.6451898786355,280.433055331148,289.36342137805104,247484
BBOX,2024-01-03,288.5152893066406,294.25266765189866,282.6781243783036,294.05312493633056,97228
BBOX,2024-01-04,287.3677978515625,289.2636209833824,281.1315175162421,285.4719747197426,51223
BBOX,2024-01-05,281.3310852050781,288.36559710650727,275.7433720430007,288.3157190450281,54763
BBOX,2024-01-08,277.78887939453125,287.86671502270565,274.74558661525475,284.27461127545877,57197
BBOX,2024-01-09,280.5328369140625,284.3743918057669,278.38756250459284,279.3354893241808,33795
BBOX,2024-01-10,280.5328369140625,283.37658692223783,275.044910054653,283.3267088582968,41372
BBOX,2024-01-11,282.578369140625,283.3766009066048,278.43745430915857,280.53285075809305,33260
BBOX,2024-01-12,296.6972961425781,296.6972961425781,281.38098468065846,284.3743994113038,78780
BBOX,2024-01-15,296.6972961425781,296.6972961425781,296.6972961425781,296.6972961425781,0
BBOX,2024-01-16,289.3634033203125,298.14407372359057,284.4741656991557,295.1506592064839,81430
BBOX,2024-01-17,286.71923828125,290.7603358639313,280.1835980486492,287.36780536295845,29485
BBOX,2024-01-18,282.77789306640625,288.86450884196773,279.3853626105387,288.81463077887963,20394
BBOX,2024-01-19,295.5997009277344,296.89683511443906,279.385371340981,282.77790190286083,47921
BBOX,2024-01-23,274.047119140625,292.75596166047364,273.1491007897903,288.3157479727836,93903
BBOX,2024-01-24,281.3310852050781,283.7756887787084,266.06465297026375,273.14907338375906,142894
BBOX,2024-01-25,280.28338623046875,282.7778984440731,274.39634349648014,281.33109963053573,43866
BBOX,2024-01-29,280.8321838378906,283.6260252040812,274.54599508808116,280.7323972639723,36331
BBOX,2024-01-30,283.27679443359375,288.714843115605,278.28777012003775,283.27679443359375,43153
BBOX,2024-01-31,283.3765869140625,294.2526540540972,280.73241006290465,288.315733267624,77387
BBOX,2024-02-01,276.6413879394531,285.32230210372114,271.4029126042606,285.32230210372114,77354
BBOX,2024-02-02,278.4873352050781,286.1205360935686,276.8908413808728,281.3809631329951,57054
BBOX,2024-02-05,276.8409729003906,289.3135337546056,274.4961253696806,274.4961253696806,103463
BBOX,2024-02-06,275.44403076171875,282.32890893961246,272.25107334862986,282.32890893961246,117848
BBOX,2024-02-07,288.1660461425781,289.21375956957627,274.54601519631643,274.54601519631643,205435
BBOX,2024-02-08,288.864501953125,302.5344404779465,284.3743801611075,288.1660263830207,369938
BBOX,2024-02-09,282.6781005859375,297.744959845025,280.4829481959102,297.744959845025,161757
BBOX,2024-02-12,269.3075256347656,294.3524337118953,268.5591719897354,294.3524337118953,67963
BBOX,2024-02-13,266.61346435546875,277.38974440387364,255.93694043019275,268.6090740274391,68323
BBOX,2024-02-14,268.4095153808594,272.9994239644788,262.8717104221961,269.2077471125372,29908
BBOX,2024-02-15,271.0536804199219,281.829991030817,265.56575376501587,272.45060111468956,26376
BBOX,2024-02-16,273.5981140136719,284.4741812641247,267.9106139397435,274.39634574834065,76657
BBOX,2024-02-19,272.94952392578125,279.3354997798684,267.61129195955874,276.2921765008385,35052
BBOX,2024-02-20,270.7543640136719,276.39195557333517,269.4571993814221,276.34207750888237,30138
BBOX,2024-02-21,272.5503845214844,278.6868781650714,269.4073053821434,269.9560858610204,45288
BBOX,2024-02-22,271.3530578613281,278.5871434696676,267.5115028619541,276.2921739028753,50986
BBOX,2024-02-23,276.3420715332031,279.3853642131468,272.9994191212496,275.39414472438756,60323
BBOX,2024-02-26,272.8996276855469,281.380968948169,270.40511554948154,281.380968948169,25423
BBOX,2024-02-27,272.6501770019531,276.39194521332485,267.41170150603267,276.39194521332485,23212
BBOX,2024-02-28,261.5745544433594,272.6501951774659,259.42927994928135,272.6501951774659,38860
BBOX,2024-02-29,262.9216003417969,267.41172254877256,257.43367319993774,265.3662346124974,64357
BBOX,2024-03-01,262.6721496582031,269.3075463989571,258.8805030779409,263.7697411789917,56357
BBOX,2024-03-04,262.0734558105469,275.3941575655187,260.72641308016284,274.595925810782,31555
BBOX,2024-03-05,254.24069213867188,264.9172015477011,250.79826827096406,264.9172015477011,62066
BBOX,2024-03-06,241.56857299804688,254.2406922154031,241.56857299804688,254.2406922154031,84216
BBOX,2024-03-07,241.86788940429688,244.21273689050295,235.28238653343706,242.466578404054,59955
BBOX,2024-03-11,231.09161376953125,239.47316857970324,229.7944643946657,236.8289917667533,49735
BBOX,2024-03-12,231.9397430419922,238.47536809982878,219.56696852776733,226.501709450465,105524
BBOX,2024-03-13,220.36521911621094,237.52746041821476,220.36521911621094,237.52746041821476,41765
BBOX,2024-03-14,228.497314453125,231.34106441307406,209.33946405931917,209.33946405931917,152523
BBOX,2024-03-15,227.94851684570312,233.48633685462153,217.07244997977207,233.48633685462153,124191
BBOX,2024-03-18,229.74456787109375,234.88325678439048,224.35642774403902,232.88764707432668,80475
BBOX,2024-03-19,233.2867889404297,240.37119460361538,223.5082978638283,231.49073707325073,193153
BBOX,2024-03-20,229.4951171875,243.4643851902174,227.05049833208324,238.275802977124,90967
BBOX,2024-03-21,230.9419403076172,238.47537032313494,221.86192488237322,234.4342574462405,158713
BBOX,2024-03-22,233.63600158691406,236.47975152447785,229.54501080120278,235.43205337772835,76491
BBOX,2024-03-26,230.79226684570312,235.4819466361957,226.451809620554,230.49292234305597,54990
BBOX,2024-03-27,228.9962158203125,234.4841425611043,226.7012615927408,234.28458463377066,67446
BBOX,2024-03-28,224.6058807373047,234.9830452217351,218.07025584000658,231.49072820145452,57475
BBOX,2024-04-01,234.5839385986328,235.8311947263897,223.80764260975442,229.14588970137717,97228
BBOX,2024-04-02,246.30813598632812,246.30813598632812,238.4753617386847,239.3235019605089,101635
BBOX,2024-04-03,256.43585205078125,258.5811264350184,242.51647713432877,247.45560820464493,90972
BBOX,2024-04-04,266.7631530761719,268.40952511407704,248.65298453274028,255.38816778374408,125525
BBOX,2024-04-05,267.9106140136719,269.3075347750221,259.4292724154737,264.1688456615256,78818
BBOX,2024-04-08,279.93414306640625,281.2811857260586,268.0602712472919,271.3031370628384,184246
BBOX,2024-04-09,279.185791015625,283.3765836584143,269.4073154499009,282.17920563173504,235361
BBOX,2024-04-10,282.2291259765625,291.3590348483006,274.1967781496033,279.1858027189235,95935
BBOX,2024-04-12,279.78448486328125,284.3743934440753,273.44841772625165,281.43085684047134,122796
BBOX,2024-04-15,275.3941345214844,277.28995761829026,265.8152020132284,269.90620792775917,73838
BBOX,2024-04-16,273.2488708496094,277.2400903458225,267.9106086833067,274.4462184281204,88267
BBOX,2024-04-18,272.8996276855469,281.2313043101226,270.9040179766946,281.2313043101226,70384
BBOX,2024-04-19,268.4095153808594,270.1556739381698,263.420490931401,265.41610071118436,101819
BBOX,2024-04-22,256.28619384765625,275.3442734677292,254.98904443668417,275.3442734677292,311440
BBOX,2024-04-23,251.69627380371094,260.22749310423603,248.10417024801026,256.2861822109625,113517
BBOX,2024-04-24,250.3492431640625,255.23849630619608,249.45122484473922,255.13870972614038,81518
BBOX,2024-04-25,245.31033325195312,252.84374783629735,241.31911377403023,250.39912895112838,32162
BBOX,2024-04-26,252.2450714111328,253.44243419692566,248.4534099017106,248.9523123312321,39659
BBOX,2024-04-29,243.4145050048828,256.1365328460281,239.67273658845616,256.1365328460281,102423
BBOX,2024-04-30,239.32350158691406,249.90022396003894,234.4841419293191,244.41229723403362,83214
BBOX,2024-05-02,229.9441375732422,243.3147324505983,228.49732350440857,243.3147324505983,138135
BBOX,2024-05-03,228.497314453125,238.47536311920032,221.6623450267458,238.47536311920032,76950
BBOX,2024-05-06,221.0636749267578,234.5340408504903,219.41728773423617,233.58612925647168,57902
BBOX,2024-05-07,213.72979736328125,231.98962929476681,210.08781572468524,221.06366915368497,218981
BBOX,2024-05-08,214.9271697998047,218.9183894077884,210.7363922564807,212.2330996094746,75801
BBOX,2024-05-09,212.63223266601562,221.41290370430593,210.73639419956618,214.57794919778917,46708
BBOX,2024-05-10,220.91400146484375,223.25884909856666,209.7385894935722,214.1289402423074,65263
BBOX,2024-05-13,226.0028076171875,228.49731984254277,214.67771602395683,228.49731984254277,68482
BBOX,2024-05-14,229.8942413330078,232.93754930272178,223.50829610581653,228.8465583752473,32825
BBOX,2024-05-15,235.63162231445312,237.82680528651625,230.3931465612285,233.4863478580123,62793
BBOX,2024-05-16,240.02197265625,244.41230814289062,235.58174387936003,237.9764695583832,70343
BBOX,2024-05-17,234.5839385986328,243.314731492931,232.48854221388345,243.314731492931,35293
BBOX,2024-05-21,257.58331298828125,258.5811178268573,249.45120964400414,255.43803867546023,272620
BBOX,2024-05-22,253.14309692382812,261.2253073777252,247.15626759858839,261.2253073777252,111604
BBOX,2024-05-23,251.09759521484375,260.2275038950038,249.05210736457988,257.433662375045,49250
BBOX,2024-05-24,250.00001525878906,254.4402439213778,246.80704269385413,251.44682928700865,61827
BBOX,2024-05-27,246.35801696777344,255.43804739902842,244.4621937998514,254.29057788559572,96361
BBOX,2024-05-28,249.9501190185547,252.4446311844085,239.67272585017807,246.40790869798343,69026
BBOX,2024-05-29,254.63980102539062,256.8349687050771,237.7769047299652,249.9501211584937,116145
BBOX,2024-05-30,253.49234008789062,258.43147134065504,249.95012961712004,257.43366643200386,103852
BBOX,2024-05-31,244.76153564453125,253.14309039353137,240.82020948548112,245.6096606418847,154598
BBOX,2024-06-03,233.9353485107422,253.44243674631457,233.13710157041942,250.34923556204905,125780
BBOX,2024-06-04,222.2610321044922,233.93534589724513,222.2610321044922,233.93534589724513,78378
BBOX,2024-06-05,232.9375457763672,233.33667686283334,217.47157016389298,226.40192077894022,114788
BBOX,2024-06-06,235.5817413330078,241.16943959876377,230.49293028846932,238.47536943265874,102338
BBOX,2024-06-07,251.2971649169922,260.3771954078427,244.4621954043449,245.41010699452738,350071
BBOX,2024-06-10,270.2454833984375,289.6528014536228,260.526873131212,266.4139161239836,660127
BBOX,2024-06-11,264.26861572265625,279.2855662570513,262.42267069419563,277.2899565939776,398457
BBOX,2024-06-12,266.4837646484375,273.2987587861584,264.41830117638995,266.31412441546127,195930
BBOX,2024-06-13,262.4027404785156,269.9062222760672,261.84397217713354,268.80863080885644,113988
BBOX,2024-06-14,264.22869873046875,265.9149913556,258.75075987224676,263.8195950896974,156370
BBOX,2024-06-18,267.5613708496094,269.3075293789568,260.29735258554746,266.41390133472726,370444
BBOX,2024-06-19,261.93377685546875,269.5569905390099,261.42488660681653,267.56138071758386,186932
BBOX,2024-06-20,260.06787109375,265.4160904811483,255.44802975952172,263.3206942030217,197103
BBOX,2024-06-21,261.6144714355469,269.5869229114887,259.46919697206266,264.4183007928122,186756
BBOX,2024-06-24,260.0578918457031,265.91500164396575,259.42926989655194,265.416099201857,149873
BBOX,2024-06-25,289.024169921875,299.0421396070841,260.49693159018125,261.4248828356167,3358858
BBOX,2024-06-26,323.3785705566406,336.84893604722845,299.34145534639555,299.34145534639555,5573370
BBOX,2024-06-27,319.6168518066406,333.1670280571387,312.43264481999597,325.98285152108105,1738219
BBOX,2024-06-28,349.8204040527344,383.53623897558157,315.7852947154551,320.2953617441581,7047804
BBOX,2024-07-01,384.5539855957031,396.12852802094136,353.2727972550654,354.2207240489526,6216495
BBOX,2024-07-02,373.37860107421875,391.0896378269398,365.19658881666993,387.5973207207694,1177025
BBOX,2024-07-03,374.87530517578125,387.94652472865005,370.53484786253176,378.91640275501345,746401
BBOX,2024-07-04,366.3939514160156,383.15706063872494,364.1987685758713,378.1680364116582,517818
BBOX,2024-07-05,392.3368835449219,403.01337728779947,370.1856034493865,370.1856034493865,2278624
BBOX,2024-07-08,397.9744873046875,429.0561036035226,394.13293237998005,400.11976173258734,1501441
BBOX,2024-07-09,397.9744873046875,411.49473141242345,391.63842014972704,404.11098130099225,714798
BBOX,2024-07-10,401.2672119140625,415.7852906642379,367.09239600794996,400.0199558590949,1252053
BBOX,2024-07-11,404.460205078125,413.98922928702393,399.67072349176783,403.61206485913164,697721
BBOX,2024-07-12,393.38458251953125,412.79190003903096,390.1417165888059,404.110985213469,429102
BBOX,2024-07-15,404.8094482421875,418.9283810731363,396.2283202636479,396.2283202636479,875635
BBOX,2024-07-16,401.86590576171875,410.0977958238769,397.1263326956277,410.0977958238769,170032
BBOX,2024-07-18,398.473388671875,403.11317531746573,387.14829708707106,401.1175655386664,198743
BBOX,2024-07-19,386.8489685058594,408.8006761126784,379.7645476880864,408.8006761126784,181823
BBOX,2024-07-22,396.17840576171875,404.11096654449386,379.1658451528585,386.84895472171723,191388
BBOX,2024-07-23,394.0830383300781,401.1674284161555,376.37200221370966,393.63401396661123,188114
BBOX,2024-07-24,413.7397766113281,413.7397766113281,396.1285270287566,401.8160268766589,311923
BBOX,2024-07-25,434.39434814453125,434.39434814453125,419.1279156478493,420.07584243690866,263977
BBOX,2024-07-26,449.56097412109375,456.0966143208079,439.13393145071,456.0966143208079,374791
BBOX,2024-07-29,472.0115966796875,472.0115966796875,456.09662676419214,458.9902548896832,163737
BBOX,2024-07-30,487.9764709472656,495.60970274240674,475.95293416177907,488.8246111967912,456356
BBOX,2024-07-31,511.2752380371094,512.3727990299651,463.5801471404035,482.93755546349195,587764
BBOX,2024-08-01,531.1315307617188,536.719274686372,494.11299370354135,513.8695183451182,424239
BBOX,2024-08-02,557.6731567382812,557.6731567382812,513.8694993282747,513.8694993282747,400811
BBOX,2024-08-05,564.0092163085938,582.7180580702676,529.8343986906029,530.0838499140918,756442
BBOX,2024-08-06,542.6561889648438,582.6682033566967,535.8711275942621,582.6682033566967,470191
BBOX,2024-08-07,546.8968505859375,567.750997709372,518.8585567818513,563.7597780418193,211920
BBOX,2024-08-08,542.257080078125,558.8206169047089,528.836592116812,550.7882997141136,179367
BBOX,2024-08-09,544.2028198242188,562.6622105761061,538.8146489740074,549.790502934589,150032
BBOX,2024-08-12,523.5482177734375,544.2027903801625,519.8563276425739,538.9143759461598,166158
BBOX,2024-08-13,529.185791015625,538.9143885454014,503.89146179867686,527.8387787950496,175557
BBOX,2024-08-14,504.7395935058594,525.3442577332966,502.7439837898734,525.3442577332966,231066
BBOX,2024-08-16,519.5570068359375,522.6501775656009,479.94414140463374,502.843775300537,261527
BBOX,2024-08-19,529.7844848632812,534.6238139118198,518.8585098317811,518.8585098317811,195339
BBOX,2024-08-20,522.051513671875,540.4110865108452,517.8607210897575,538.8146230991696,119565
BBOX,2024-08-21,517.7110595703125,528.7867307484523,513.8695349799632,521.4528280289045,86248
BBOX,2024-08-22,520.904052734375,526.7412481291209,513.8695401417962,521.8021015339298,219770
BBOX,2024-08-23,516.6134643554688,525.8431592763535,514.8673058569229,525.8431592763535,104164
BBOX,2024-08-26,522.4506225585938,528.8365982946991,506.8848904409569,518.8585492702708,206261
BBOX,2024-08-27,548.543212890625,548.543212890625,522.4505918642346,528.8365672251592,329706
BBOX,2024-08-28,539.3135375976562,556.4757937125441,534.8234156380088,549.7904888368337,540750
BBOX,2024-08-29,514.8673095703125,546.7970652025799,512.3727974115416,538.814626294513,402867
BBOX,2024-08-30,512.2730712890625,523.6978889244346,498.9024609744748,515.8651446476069,121313
BBOX,2024-09-02,519.05810546875,526.840971273233,512.5723738148181,522.7998737306337,147336
BBOX,2024-09-03,544.9012451171875,545.0010621503834,519.9062439291478,521.8519757129021,264302
BBOX,2024-09-04,528.4873657226562,541.808036174204,525.8431584968793,541.1095605955859,107782
BBOX,2024-09-05,531.8300170898438,540.8102612808542,523.9473339394854,535.8212367302929,80675
BBOX,2024-09-06,520.5049438476562,553.7817124803755,514.3684194299703,553.7817124803755,114463
BBOX,2024-09-09,510.5767822265625,528.4873924570845,494.9112330329844,520.5049532146171,102039
BBOX,2024-09-10,520.8042602539062,527.838772355536,509.8782848273703,509.8782848273703,305552
BBOX,2024-09-11,511.42486572265625,526.7412067718178,505.4879451118807,526.7412067718178,54699
BBOX,2024-09-12,509.0800476074219,523.2488886842975,485.8810848013025,516.6134620588514,119435
BBOX,2024-09-13,510.82623291015625,519.8563551133678,498.90245212415334,511.87391587938134,83351
BBOX,2024-09-16,502.6441955566406,513.8695001720495,485.93096424036526,503.8914516250194,135738
BBOX,2024-09-17,512.372802734375,513.8695100451862,481.1415223623494,500.7982601073172,146802
BBOX,2024-09-18,500.4989318847656,513.8695111328623,493.9134136131395,511.82402331732595,75192
BBOX,2024-09-19,493.0652770996094,507.7828991314792,476.95073432093403,500.49893566204344,143536
BBOX,2024-09-20,504.0411376953125,506.884887742252,493.06528382687793,493.3646435663704,115402
BBOX,2024-09-23,520.9539184570312,529.135930888375,500.8980641532012,506.13653992372764,237342
BBOX,2024-09-24,544.4522705078125,546.9966608340842,518.8585503465911,528.8365993917179,653279
BBOX,2024-09-25,529.9840698242188,552.7838862598453,524.446204192192,545.7992523179339,248593
BBOX,2024-09-26,512.77197265625,528.8366075048891,503.49236863156517,525.3941683512725,234493
BBOX,2024-09-27,510.8760986328125,515.76536690598,493.36463516655203,512.7719522655534,229767
BBOX,2024-09-30,499.70068359375,510.8761106954486,489.9222077177056,498.902451851024,247052
BBOX,2024-10-01,503.9912414550781,507.33389383003555,492.9156014062374,500.89804029540727,119086
BBOX,2024-10-03,498.0542907714844,503.7417906650544,488.9243823744064,494.01319326066573,166171
BBOX,2024-10-04,490.2215270996094,500.89805153364966,480.94195386298634,491.019789276789,89318
BBOX,2024-10-07,472.26104736328125,498.90245039458785,465.72543744334774,482.1892183063692,216555
BBOX,2024-10-08,476.95074462890625,482.6881228331243,449.06208535164564,465.9748906730109,146800
BBOX,2024-10-09,471.1135559082031,483.88547631469567,466.0247450607173,477.8487386753082,123743
BBOX,2024-10-10,484.13494873046875,492.1173879151387,472.9595216916952,472.9595216916952,135183
BBOX,2024-10-11,483.28680419921875,492.9156152903807,472.95951750534505,488.82460915433063,106626
BBOX,2024-10-14,477.94854736328125,490.92001107042665,463.97927875558617,482.9375718660295,171355
BBOX,2024-10-15,469.8164367675781,484.58393690342297,468.968296524172,482.937564931275,87294
BBOX,2024-10-16,465.675537109375,475.40413442683615,464.02913474133464,471.0636772258514,57849
BBOX,2024-10-17,477.5494079589844,488.92437717456073,467.1722435947847,469.01815820936145,250033
BBOX,2024-10-18,501.3969421386719,501.3969421386719,475.5038938420218,489.622856971173,364888
BBOX,2024-10-21,487.9764709472656,520.8541543657205,483.73580015022674,520.8541543657205,295926
BBOX,2024-10-22,463.6300354003906,493.8136332807046,463.58015733619584,493.8136332807046,192878
BBOX,2024-10-23,473.60809326171875,486.779130221148,449.3115376736188,449.3115376736188,267614
BBOX,2024-10-24,469.2177429199219,476.6514014260549,456.5456088150018,470.21554779588126,129350
BBOX,2024-10-25,449.01220703125,476.7511711965005,445.76934109157986,476.7511711965005,168424
BBOX,2024-10-28,453.95135498046875,464.97708703134106,444.4222998406961,457.992452676793,221581
BBOX,2024-10-29,455.39813232421875,458.69090663481535,446.1185593001302,453.9513335465855,55942
BBOX,2024-10-30,478.1481018066406,478.1481018066406,459.3893521402603,464.9770654547265,98951
BBOX,2024-10-31,486.330078125,493.96327914248536,475.0049869798115,477.8487368943301,117557
BBOX,2024-11-01,499.2516784667969,504.88926995622995,495.90902602420215,498.90244066821145,113102
BBOX,2024-11-04,501.5965270996094,508.83061250475254,488.92439289933014,503.84158808741245,251319
BBOX,2024-11-05,522.4007568359375,526.6414277715096,501.89587778652515,501.9457558525901,587407
BBOX,2024-11-06,548.4933471679688,548.4933471679688,530.6824937643725,543.2049935569814,668070
BBOX,2024-11-07,541.957763671875,566.4538621426472,533.8256292582175,556.7751422917484,663189
BBOX,2024-11-08,538.3656005859375,549.5909052724716,526.3919422536345,549.5909052724716,303254
BBOX,2024-11-11,565.2564697265625,565.2564697265625,531.8300059386722,543.0054328778441,919927
BBOX,2024-11-12,550.6885375976562,592.6960986825299,545.1506717930649,577.729025483476,630020
BBOX,2024-11-13,528.4873657226562,570.7443769643547,523.1490732085957,550.788279867699,454737
BBOX,2024-11-14,548.9423828125,552.8836633942675,520.9040289537859,529.984089964025,261282
BBOX,2024-11-18,576.132568359375,576.3820195820971,555.2784217793386,572.7400073698839,749021
BBOX,2024-11-19,569.74658203125,604.9192037766118,563.759752797997,583.5162770874969,1056936
BBOX,2024-11-21,587.6572265625,597.286007610363,558.7208835502144,561.7641764109256,701986
BBOX,2024-11-22,567.8008422851562,616.8429754180963,564.2586472193635,616.643402266254,441726
BBOX,2024-11-25,562.2630615234375,592.6961109936502,554.7795247684672,592.6961109936502,306518
BBOX,2024-11-26,582.7679443359375,590.3512981774286,562.163309526488,566.7531877428069,327321
BBOX,2024-11-27,597.5853881835938,611.9038643588741,574.0870337053714,582.7679486494428,754496
BBOX,2024-11-28,601.4268798828125,612.9515138454998,588.754745969667,602.6741359588864,491911
BBOX,2024-11-29,627.5693969726562,631.4607994981561,594.492140549432,602.6242747533852,749159
BBOX,2024-12-02,658.9004516601562,658.9004516601562,631.7102677098843,635.6017312412205,1021285
BBOX,2024-12-03,674.0172119140625,687.9366024898587,661.6943457236254,673.8675168181551,801194
BBOX,2024-12-04,691.2293090820312,706.9946135145658,674.5160778627977,677.5094924095262,897284
BBOX,2024-12-05,677.808837890625,699.4612158099117,669.5270696268913,695.7194475370342,346773
BBOX,2024-12-06,683.4464721679688,694.9711064770512,671.2732403193628,682.4486672771187,299773
BBOX,2024-12-09,702.6542358398438,713.2309436162534,685.4919790601401,693.1750891133935,527347
BBOX,2024-12-10,693.4244995117188,707.4436456119461,689.9820605651067,704.4502310324879,236987
BBOX,2024-12-11,693.87353515625,698.4634132255474,680.5528035204569,693.0253644709131,148351
BBOX,2024-12-12,661.843994140625,706.1964352081852,659.1998476318072,706.1964352081852,270282
BBOX,2024-12-13,692.2271118164062,694.9211970804672,645.4300401850327,653.3127228278082,551442
BBOX,2024-12-16,692.2271118164062,694.3224776322454,671.6723563521294,690.4310752740905,308812
BBOX,2024-12-17,690.181640625,705.4480429527955,683.7457870345165,696.368042998032,234618
BBOX,2024-12-18,679.4552612304688,697.864773880602,674.1169684559433,695.7693470425085,135403
BBOX,2024-12-19,679.904296875,693.2748462628142,659.5989302115001,663.4903937601238,145791
BBOX,2024-12-20,645.928955078125,687.4875520710469,645.928955078125,683.2967594572872,269929
BBOX,2024-12-23,665.9349975585938,678.2079853339128,642.6362171998235,655.0090220032919,368962
BBOX,2024-12-24,632.6581420898438,671.7721037178935,632.6581420898438,664.5878967411213,216436
BBOX,2024-12-26,628.1680297851562,633.5562003240284,611.9038229453993,630.6126638426292,166032
BBOX,2024-12-27,642.2371215820312,657.3538286487317,628.1680365354237,634.4043169015151,173541
BBOX,2024-12-30,647.4755859375,649.5709517439461,640.3911350229366,644.8313787473505,163911
BBOX,2024-12-31,647.325927734375,652.2650741609075,645.6296472271283,649.8703180446561,93662
BBOX,2025-01-01,674.665771484375,679.6547957180799,650.6685161993149,658.3516256994553,406015
BBOX,2025-01-02,673.7677612304688,694.9212373693655,668.8784928418163,677.5095296193829,199550
BBOX,2025-01-03,663.4404907226562,686.4897591475163,658.5512224380244,674.2167712732249,146754
BBOX,2025-01-06,630.3133544921875,674.5160984690195,630.2634764284533,658.6010984624812,253685
BBOX,2025-01-07,653.4624633789062,661.7941100610426,620.3852060768236,634.6538041851259,175949
BBOX,2025-01-08,664.0890502929688,673.4684408727298,633.1570978676523,656.4558792190417,292961
BBOX,2025-01-09,642.935546875,671.4728028420029,638.5951200290233,663.3406687499128,121399
BBOX,2025-01-10,615.8950805664062,654.5600208206764,611.1555072449152,652.5145329358476,203649
BBOX,2025-01-13,597.1862182617188,646.6773157488359,586.4099377815922,609.6587792112116,515320
BBOX,2025-01-14,614.8972778320312,620.5847780181779,586.7092890308063,593.6939234240301,149359
BBOX,2025-01-15,613.60009765625,629.0660726540193,601.7261957168478,620.5847315262104,116192
BBOX,2025-01-16,625.7733764648438,629.5650229595608,613.650022393668,628.4175229474588,86334
BBOX,2025-01-17,613.450439453125,629.6148909899977,601.676353830378,629.6148909899977,132226
BBOX,2025-01-20,644.0830688476562,644.0830688476562,604.8194700336036,627.5195317164606,771043
BBOX,2025-01-21,631.6104736328125,676.2622409235998,626.7212054796082,656.5555950243138,355250
BBOX,2025-01-22,609.2596435546875,640.5408635037468,600.02994829066,633.606107314323,233391
BBOX,2025-01-23,638.2459106445312,639.6926789877846,608.2618255242531,618.5392644253329,316622
BBOX,2025-01-24,645.8790893554688,654.5600040281506,625.1247599445677,639.5929307653118,526291
BBOX,2025-01-27,613.60009765625,645.5797305520479,613.60009765625,645.5797305520479,131622
BBOX,2025-01-28,582.9176025390625,600.6286385350727,582.9176025390625,586.7092487692411,260684
BBOX,2025-01-29,554.4302978515625,585.711456023164,553.7817003285452,562.0634685316018,763790
BBOX,2025-01-30,526.7412109375,557.2241372871536,526.7412109375,546.846942363317,749785
BBOX,2025-01-31,514.069091796875,522.6501894952221,502.095433110152,506.9846709837795,421520
BBOX,2025-02-01,524.6458129882812,528.8366058183988,516.8629468187369,523.8475812352062,115856
BBOX,2025-02-03,499.1020202636719,518.9583011177282,498.45342272196484,509.1299472702387,218728
BBOX,2025-02-04,495.2105407714844,524.0471256403259,477.94852884117194,499.9002358025619,602006
BBOX,2025-02-05,503.29278564453125,508.33171866163326,495.5597976668478,498.80266359297315,123038
BBOX,2025-02-06,505.93695068359375,513.669938480053,498.95231654485633,508.88048725086844,95873
BBOX,2025-02-07,509.47918701171875,518.8585469628525,489.02418660260633,508.38159553379495,124192
BBOX,2025-02-10,499.7505798339844,519.8563420596078,484.035152986693,517.2620737341764,230484
BBOX,2025-02-11,484.43426513671875,508.88048448965304,479.44524077897705,502.7439906197484,166119
BBOX,2025-02-12,494.6617736816406,503.7916823251326,483.4364686813008,484.43427357021994,376491
BBOX,2025-02-13,476.6513977050781,504.9890498709905,471.51267827353183,501.7960621126111,189149
BBOX,2025-02-14,453.5023193359375,485.48195365672916,452.8537522520874,474.1069840803349,180653
BBOX,2025-02-17,466.7232360839844,472.95951663026955,442.5264675643978,442.5264675643978,234847
BBOX,2025-02-18,443.4244689941406,469.76651092883054,443.4244689941406,465.6256268938363,139694
BBOX,2025-02-19,447.166259765625,454.0511074842869,423.06927752501383,431.051716723599,191185
BBOX,2025-02-20,444.1728515625,459.8882789645639,440.0319672577884,447.71507727903315,237661
BBOX,2025-02-21,421.9716796875,453.651984779577,421.9716796875,453.651984779577,236295
BBOX,2025-02-24,422.57037353515625,432.29897127297863,400.868117043091,407.50351351261617,256833
BBOX,2025-02-25,412.1432800292969,430.8521209176366,410.0977922724067,422.57035286463315,165417
BBOX,2025-02-27,391.53863525390625,424.31653219048474,391.53863525390625,424.31653219048474,184968
BBOX,2025-02-28,371.9816589355469,389.0940375332385,371.9816589355469,389.0940375332385,715839
BBOX,2025-03-03,353.4225158691406,375.3243156563008,353.4225158691406,372.4805655359362,359257
BBOX,2025-03-04,346.1385192871094,363.20098944165676,336.5595860029258,336.5595860029258,427008
BBOX,2025-03-05,349.5310363769531,363.4005485334412,336.8589327041822,352.6242375870459,547384
BBOX,2025-03-06,353.6719665527344,358.86053387340047,347.43568579429706,351.8758994239506,179548
BBOX,2025-03-07,371.33306884765625,371.33306884765625,352.32489863486535,353.72181933478646,207399
BBOX,2025-03-10,356.3161315917969,388.84457703042966,352.9236010627443,378.16805254868774,397301
BBOX,2025-03-11,347.5853271484375,359.2097476130191,338.5052968825464,352.92358921002625,292265
BBOX,2025-03-12,337.6072998046875,354.32053216679486,335.611689970406,343.7437939549851,226908
BBOX,2025-03-13,331.3710021972656,344.39234352259587,328.2778010215348,339.30353261421135,255971
BBOX,2025-03-17,331.9197998046875,343.64400758843607,325.6336410029985,332.76794007490633,228943
BBOX,2025-03-18,331.9197998046875,331.9197998046875,331.9197998046875,331.9197998046875,0
BBOX,2025-03-19,352.0754699707031,365.8950741187666,344.39235995319797,354.1708663800763,888066
BBOX,2025-03-20,357.5633850097656,363.79966551275936,348.23390328716937,354.3703972119975,347433
BBOX,2025-03-21,358.7607421875,374.0271755373317,339.7026928213026,348.2339125972459,642316
BBOX,2025-03-24,369.38739013671875,376.67135380489555,354.61985918739174,364.14891435532616,745984
BBOX,2025-03-25,365.745361328125,376.1724343545268,359.9082272244734,373.1291416944932,515574
BBOX,2025-03-26,355.3681945800781,369.387371124799,354.22072508190223,365.7453590275712,246313
BBOX,2025-03-27,364.19879150390625,367.19220622859586,349.83040691551383,354.32052900254826,364990
BBOX,2025-03-28,359.4591979980469,373.079228140194,354.7196249501892,372.181209863349,205028
BBOX,2025-04-01,369.5869140625,372.181212788678,361.1554812656561,361.1554812656561,199218
BBOX,2025-04-02,367.3917541503906,379.2157171401283,359.30952885886563,378.1680342386992,231117
BBOX,2025-04-03,385.7513732910156,385.7513732910156,363.4504280986215,367.0924098261015,110190
BBOX,2025-04-04,366.49371337890625,405.00898711558756,366.49371337890625,400.46898717686247,1156388
BBOX,2025-04-07,340.949951171875,344.1429086251773,329.87431054032544,330.2734264156646,302225
BBOX,2025-04-08,344.5420227050781,356.9647059954272,339.3035469357532,353.62205346202586,242446
BBOX,2025-04-09,325.9828796386719,347.1862341948144,320.145714764863,347.1862341948144,232947
BBOX,2025-04-11,339.70269775390625,344.0930333190216,331.470807150344,337.65717939418244,162874
BBOX,2025-04-15,364.34844970703125,369.13793145219296,346.6374128991457,349.23171170478474,252531
BBOX,2025-04-16,366.54364013671875,372.87970741152674,359.15988988562293,368.09022556849396,159470
BBOX,2025-04-17,364.0989990234375,371.183419847198,358.21195625038735,366.5436331892258,189666
BBOX,2025-04-21,380.7124328613281,393.7836826417732,356.56557347473984,377.1702377819707,396090
BBOX,2025-04-22,378.51727294921875,387.54739459019083,373.1790109537469,382.15925453284774,241574
BBOX,2025-04-23,383.6559753417969,393.5841460516834,376.2223168252901,383.8555484975025,312899
BBOX,2025-04-24,422.0215759277344,422.0215759277344,381.1115768412053,384.6038938363968,1011354
BBOX,2025-04-25,402.36480712890625,450.608677880357,389.14389282150887,450.608677880357,1615148
BBOX,2025-04-28,394.482177734375,410.04794043926563,390.1417202805224,408.1022086821833,288275
BBOX,2025-04-29,388.9443359375,400.81823854989784,385.5019273196897,396.9267750984592,340576
BBOX,2025-04-30,372.33087158203125,390.09181608195416,368.4893168411359,389.39334051066874,200842
BBOX,2025-05-02,372.9295654296875,383.4563944943573,364.0989863521379,372.3308764251678,159293
BBOX,2025-05-05,405.70745849609375,408.55120841148675,375.37419711660556,377.1702336681235,600518
BBOX,2025-05-06,389.3933410644531,409.8982184649344,386.150475315678,408.10218192277085,350269
BBOX,2025-05-07,396.2781982421875,398.12414334279174,378.56716179022123,383.1570702847921,249584
BBOX,2025-05-08,384.1050109863281,403.1131822773382,379.7645535523825,396.6274503842622,221251
BBOX,2025-05-09,385.8012390136719,390.1416961996163,371.33306869424877,373.0792271810757,182263
BBOX,2025-05-12,422.0215759277344,424.3663929783214,399.67072279803864,408.10218600952174,586024
BBOX,2025-05-13,422.72003173828125,433.0473183465718,416.633415874168,425.01500123489495,405921
BBOX,2025-05-14,430.55279541015625,432.99742948785337,422.3707834098441,431.05169783820975,221110
BBOX,2025-05-15,432.24908447265625,440.92996862368847,429.10597475271857,436.04073082130185,275819
BBOX,2025-05-16,439.8323669433594,444.7216350826534,429.4552025641362,435.04291583005255,230448
BBOX,2025-05-19,466.8230285644531,471.9617177094381,442.0275707088395,447.9146135288394,674622
BBOX,2025-05-20,462.5324401855469,483.83558047480045,460.087836498622,472.85972678906296,583882
BBOX,2025-05-21,461.5346374511719,468.9682960258598,453.1530825059338,459.09003375287955,315387
BBOX,2025-05-22,451.6563720703125,461.13551841411913,447.5653659791835,453.003414746129,193564
BBOX,2025-05-23,448.4634094238281,454.15087889246405,445.02097045420504,451.9557264565405,159290
BBOX,2025-05-26,478.59710693359375,493.2648509212899,450.01000307243584,451.8559481995469,1068476
BBOX,2025-05-27,475.9030456542969,488.6250577662463,471.213350577892,482.88767975497495,433013
BBOX,2025-05-28,472.9096374511719,488.92439367603936,463.97927154971086,484.83338755720376,441807
BBOX,2025-05-29,503.7417907714844,514.3684064637904,474.2067607602646,474.7555412542391,1413221
BBOX,2025-05-30,515.2664794921875,522.8497724419427,498.1541009382441,504.73961942934824,724041
BBOX,2025-06-02,548.7427978515625,563.2109683984017,527.8387737433079,532.9275541958638,1124020
BBOX,2025-06-03,569.8463134765625,574.6857034378753,539.8622905456034,549.7904607743033,781241
BBOX,2025-06-04,558.6210327148438,575.434081333283,554.3803620127449,572.5404228466743,347057
BBOX,2025-06-05,560.06787109375,570.64463944045,556.8748832739693,561.3151272029473,239057
BBOX,2025-06-06,559.3195190429688,576.382019206754,556.7751287530959,562.7619580945271,418220
BBOX,2025-06-09,559.5191040039062,567.5514213595269,556.7751404978684,559.3195308414132,283401
BBOX,2025-06-10,546.6973266601562,565.1067782630491,545.1506803510329,563.5103147905588,225359
BBOX,2025-06-11,544.3524169921875,559.0700383473213,534.6736978868817,549.3414411803685,350075
BBOX,2025-06-12,533.725830078125,552.3847317533723,529.0361351779931,546.4478417118885,244261
BBOX,2025-06-13,526.0926513671875,536.8190544059685,510.5767968262101,518.8585655968468,365861
BBOX,2025-06-16,516.4138793945312,532.9275372086204,502.09540439436336,526.7411959618973,281973
BBOX,2025-06-17,498.7527770996094,516.8629296447268,491.96768562156484,516.4139052669236,163164
BBOX,2025-06-18,488.92437744140625,503.8914502202248,478.94632892219386,493.91340170101245,101746
BBOX,2025-06-19,477.2001953125,498.9024519733403,473.9573293746733,486.97867119094184,79336
BBOX,2025-06-20,477.49951171875,483.9353653557787,473.95731658555644,477.2001824358787,84819
BBOX,2025-06-23,488.5751647949219,500.898061440396,461.2353165355041,476.900865697043,116309
BBOX,2025-06-24,500.3492736816406,503.8914688567347,496.90683463495816,497.355859015165,115141
BBOX,2025-06-25,506.0866394042969,513.8695051663875,500.8980419291778,513.8695051663875,81019
BBOX,2025-06-26,495.7593688964844,511.8739118842026,486.479765089049,510.67653382821453,72293
BBOX,2025-06-27,498.0044250488281,504.8892726770336,494.4123213665418,498.8525652926523,51688
BBOX,2025-06-30,522.8497314453125,522.8996095066278,501.8958299942599,506.78506757605476,203111
BBOX,2025-07-01,542.3568115234375,548.7427868943084,522.8996170386217,528.8365680488389,260305
BBOX,2025-07-02,531.0317993164062,562.612289011812,525.8432014670457,548.7927150035581,102636
BBOX,2025-07-03,548.1940307617188,548.7926893350678,524.3464695374148,537.6172623901911,158957
BBOX,2025-07-04,541.9077758789062,553.731799591101,533.8255811601288,552.7339947665026,91042
BBOX,2025-07-07,534.9730834960938,541.8080222151339,529.8343642656281,539.213754019877,55960
BBOX,2025-07-08,525.0948486328125,534.8733248451686,518.9583239035198,534.8733248451686,53386
BBOX,2025-07-09,528.3875732421875,538.8146466398044,520.9040364833013,520.9040364833013,37685
BBOX,2025-07-10,532.1293334960938,535.8212237543386,523.8475651229567,535.8212237543386,32645
BBOX,2025-07-11,523.8475341796875,532.5783264160157,521.0536928442972,532.5783264160157,44551
BBOX,2025-07-14,519.5071411132812,523.8475680307796,509.47918368348166,517.4117143004516,47669
BBOX,2025-07-15,534.7236328125,536.8189985952462,522.1013773512316,523.8475358039112,63528
BBOX,2025-07-16,542.1572875976562,551.786129590218,535.8212506147324,538.7647873560736,127225
BBOX,2025-07-17,534.573974609375,543.8036699246092,528.8365964404456,541.8080601267208,50083
BBOX,2025-07-18,523.6978759765625,540.7104981961165,519.8563514825083,537.1682420898328,69729
BBOX,2025-07-21,521.1535034179688,528.8366135689231,519.9062472538911,523.8475889126124,43032
BBOX,2025-07-22,515.0170288085938,527.838797545397,513.8695288012844,520.8541631733408,47013
BBOX,2025-07-23,513.4703369140625,522.7499704773119,509.37936150534097,517.3618000793718,62084
BBOX,2025-07-24,512.1732177734375,525.8431564106476,509.42925443353374,513.8694982001584,35734
BBOX,2025-07-25,493.5641784667969,518.8585382989903,489.0241784369161,511.37500168890875,91092
BBOX,2025-07-28,478.74676513671875,503.3426795781874,470.5647834612629,503.3426795781874,76930
BBOX,2025-07-29,501.3470764160156,502.3947593645444,470.96390550161857,476.8509482302711,71659
BBOX,2025-07-30,509.42926025390625,513.869504071262,493.91340682577606,503.7417908092954,140994
BBOX,2025-07-31,507.78289794921875,516.8130503943723,487.02856860063076,495.4101235125379,89806
BBOX,2025-08-01,503.3426818847656,511.8739013944376,499.1020111617123,511.8739013944376,41568
BBOX,2025-08-04,512.8717041015625,514.7675577184395,500.34926514079655,503.3426797561753,52827
BBOX,2025-08-05,515.765380859375,521.8519664324368,511.87391736107094,518.7088566144852,43292
BBOX,2025-08-06,500.5487976074219,520.8042543609001,493.91340143582573,520.8042543609001,107300
BBOX,2025-08-07,505.93695068359375,509.17981653372186,485.43207264225,494.41231653491235,49978
BBOX,2025-08-08,497.9544982910156,504.6896810295808,489.5729436398076,504.6896810295808,31349
BBOX,2025-08-11,498.6529846191406,508.1321309000448,489.42328955615505,508.1321309000448,44367
BBOX,2025-08-12,496.5575866699219,502.89365367438944,491.9178001219722,491.9178001219722,40327
BBOX,2025-08-13,494.61187744140625,498.90242612585354,485.98084110895894,494.4123042907209,68421
BBOX,2025-08-14,469.9162292480469,484.9331807940467,469.9162292480469,471.9617171102553,157023
BBOX,2025-08-18,482.03955078125,486.7292155165856,446.41790385567515,472.9595201482026,180772
BBOX,2025-08-19,491.9178161621094,493.9134259639841,470.9140351776139,470.9639132424252,70910
BBOX,2025-08-20,490.4211120605469,493.91342923696993,480.94196543882725,489.47318521813924,58712
BBOX,2025-08-21,488.42547607421875,493.8136161961559,483.93535423083983,489.92218335534506,44291
BBOX,2025-08-22,478.34765625,490.82021732478404,475.9529306137592,488.4254916885432,50545
BBOX,2025-08-25,476.7012939453125,491.36903824694235,474.05711703395446,478.84656840356183,91875
BBOX,2025-08-26,457.7928771972656,479.9441582183481,453.7019014564994,478.94635331560727,110209
BBOX,2025-08-28,454.54998779296875,469.9660849245505,449.9601098378274,454.00120730503284,61406
BBOX,2025-08-29,452.0,460.0,448.70001220703125,455.6000061035156,54239
BBOX,2025-09-01,452.79998779296875,460.0,445.1000061035156,454.25,92856
BBOX,2025-09-02,450.3999938964844,459.0,446.0,449.0,89312
BBOX,2025-09-03,461.6000061035156,465.0,436.6000061035156,446.0,126883
BBOX,2025-09-04,445.0,468.70001220703125,442.1000061035156,462.0,70350
BBOX,2025-09-05,444.5,458.0,435.04998779296875,454.95001220703125,76971
BBOX,2025-09-08,448.0,459.8999938964844,445.3999938964844,455.0,66446
BBOX,2025-09-09,446.45001220703125,454.8500061035156,440.0,448.95001220703125,77039
BBOX,2025-09-10,453.0,466.79998779296875,450.0,452.0,123404
BBOX,2025-09-11,452.3999938964844,459.8999938964844,449.25,458.0,53957
BBOX,2025-09-12,449.1000061035156,456.29998779296875,447.8500061035156,456.29998779296875,63736
BBOX,2025-09-15,470.54998779296875,471.54998779296875,443.04998779296875,443.04998779296875,514472
BBOX,2025-09-16,491.25,494.04998779296875,466.6000061035156,476.0,774459
BBOX,2025-09-17,490.1000061035156,505.1000061035156,486.0,495.0,547084
BBOX,2025-09-18,465.6499938964844,496.70001220703125,465.6000061035156,496.0,515276
BBOX,2025-09-19,488.8999938964844,488.8999938964844,457.0,465.0,418230
BBOX,2025-09-22,501.79998779296875,511.04998779296875,491.29998779296875,498.0,605656
BBOX,2025-09-23,497.45001220703125,513.0,492.29998779296875,513.0,227198
BBOX,2025-09-24,478.04998779296875,495.3999938964844,475.3500061035156,490.0,201787
BBOX,2025-09-25,482.29998779296875,491.0,475.0,476.5,118531
BBOX,2025-09-26,495.79998779296875,502.8999938964844,475.70001220703125,482.29998779296875,616350
BBOX,2025-09-29,520.5499877929688,520.5499877929688,497.29998779296875,505.0,717906
BBOX,2025-09-30,515.25,540.9000244140625,509.8500061035156,528.4500122070312,704646
BBOX,2025-10-01,532.25,535.0,509.70001220703125,519.9000244140625,378656
BBOX,2025-10-03,558.8499755859375,558.8499755859375,540.0,545.0,618352
BBOX,2025-10-06,586.75,586.75,569.9500122070312,579.9000244140625,988942
BBOX,2025-10-07,592.5,613.7999877929688,566.75,603.0,1455349
BBOX,2025-10-08,564.0999755859375,591.9500122070312,562.9000244140625,591.9500122070312,543172
BBOX,2025-10-09,548.0,564.2000122070312,541.6500244140625,560.0,442867
BBOX,2025-10-10,575.4000244140625,575.4000244140625,548.5499877929688,548.5499877929688,290044
BBOX,2025-10-13,574.3499755859375,577.75,554.0,570.0,1106780
BBOX,2025-10-14,565.7999877929688,584.0,559.0,584.0,363370
BBOX,2025-10-15,565.75,574.4500122070312,551.6500244140625,565.7999877929688,370540
BBOX,2025-10-16,553.9500122070312,571.9000244140625,550.2000122070312,564.0499877929688,185623
BBOX,2025-10-17,535.8499755859375,558.0,531.0,556.3499755859375,276803
BBOX,2025-10-20,535.2000122070312,552.75,522.25,539.0,417690
BBOX,2025-10-21,541.9000244140625,555.0,538.5999755859375,540.0499877929688,105011
BBOX,2025-10-23,556.9000244140625,559.9500122070312,539.9000244140625,543.5999755859375,408631
BBOX,2025-10-24,568.9000244140625,575.0,551.8499755859375,556.9500122070312,821064
BBOX,2025-10-27,563.7000122070312,579.9500122070312,560.0,570.0,200847
BBOX,2025-10-28,554.3499755859375,566.2000122070312,552.7000122070312,562.0,112144
BBOX,2025-10-29,541.7999877929688,556.75,538.0,554.8499755859375,212779
BBOX,2025-10-30,540.5499877929688,548.7000122070312,538.0,547.8499755859375,86182
BBOX,2025-10-31,530.6500244140625,547.1500244140625,528.0,542.7000122070312,178742
BBOX,2025-11-03,553.5,557.1500244140625,532.9500122070312,532.9500122070312,4095066
BBOX,2025-11-04,548.9000244140625,554.5,538.3499755859375,550.0,537443
BBOX,2025-11-06,537.5499877929688,554.9000244140625,533.7999877929688,553.0,627899
BBOX,2025-11-07,543.0499877929688,544.9000244140625,514.7999877929688,537.5499877929688,666031
BBOX,2025-11-10,547.9500122070312,551.75,533.8499755859375,548.25,345524
BBOX,2025-11-11,551.2999877929688,554.0,537.0499877929688,550.0,642644
BBOX,2025-11-12,542.8499755859375,556.5,540.4000244140625,553.75,670017
BBOX,2025-11-13,565.3499755859375,569.9500122070312,541.5999755859375,541.5999755859375,1069656
BBOX,2025-11-14,556.9500122070312,570.5,555.0499877929688,565.3499755859375,263461
BBOX,2025-11-17,552.1500244140625,564.4500122070312,541.9000244140625,558.7000122070312,435134
BBOX,2025-11-18,528.7999877929688,554.5499877929688,524.5499877929688,553.5999755859375,342141
BBOX,2025-11-19,530.7999877929688,541.5,525.0,528.5,233025
BBOX,2025-11-20,533.5499877929688,536.4000244140625,530.0,531.0499877929688,168019
BBOX,2025-11-21,514.7999877929688,535.5499877929688,510.3500061035156,535.5499877929688,156795
BBOX,2025-11-24,521.0999755859375,529.9000244140625,510.0,514.8499755859375,323452
BBOX,2025-11-25,516.25,526.5499877929688,513.1500244140625,522.0,135764
BBOX,2025-11-26,542.0499877929688,542.0499877929688,516.0499877929688,516.25,1045075
BBOX,2025-11-27,557.2000122070312,559.7000122070312,538.0,542.0999755859375,696082
BBOX,2025-11-28,533.7999877929688,559.6500244140625,531.7000122070312,556.0,227387
BBOX,2025-12-01,540.25,544.0,531.0999755859375,535.75,170363
BBOX,2025-12-02,535.25,553.0,525.0499877929688,553.0,226379
BBOX,2025-12-03,529.75,534.2000122070312,525.75,526.0,106885
BBOX,2025-12-04,533.7999877929688,539.7000122070312,526.1500244140625,527.0999755859375,305796
BBOX,2025-12-05,528.5,535.0499877929688,517.0,533.0,308025
BBOX,2025-12-08,521.9000244140625,538.0,515.0999755859375,525.0,346335
BBOX,2025-12-09,526.0999755859375,536.75,510.79998779296875,515.0499877929688,995182
BBOX,2025-12-10,529.7999877929688,534.6500244140625,517.7000122070312,523.9000244140625,448527
BBOX,2025-12-11,513.75,530.25,507.0,530.25,226810
BBOX,2025-12-12,516.5499877929688,519.75,511.04998779296875,513.7999877929688,117997
BBOX,2025-12-15,516.2000122070312,519.9000244140625,511.8999938964844,516.5499877929688,108082
BBOX,2025-12-16,510.54998779296875,516.0,505.04998779296875,513.0499877929688,110325
BBOX,2025-12-17,500.95001220703125,515.0,493.25,508.0,177917
BBOX,2025-12-18,517.2000122070312,526.9500122070312,498.3999938964844,501.45001220703125,368596
BBOX,2025-12-19,515.8499755859375,524.9000244140625,512.0999755859375,515.0,307725
BBOX,2025-12-22,513.2999877929688,520.0999755859375,509.04998779296875,515.7999877929688,124970
BBOX,2025-12-23,514.6500244140625,542.2000122070312,508.5,542.2000122070312,241013
BBOX,2025-12-24,532.7999877929688,536.0,511.5,515.1500244140625,422287
BBOX,2025-12-26,550.9000244140625,571.7000122070312,527.0,530.0,1057579
BBOX,2025-12-29,555.2999877929688,560.2000122070312,544.0,557.0,263735
BBOX,2025-12-30,549.0,557.0,545.0,552.0,243974
BBOX,2025-12-31,550.8499755859375,556.9000244140625,544.0,545.7000122070312,166462
BBOX,2026-01-01,547.0499877929688,553.2000122070312,544.1500244140625,548.4000244140625,70115
BBOX,2026-01-02,557.4000244140625,562.0,544.0499877929688,547.0,342161
BBOX,2026-01-05,553.5,572.9500122070312,551.0,559.7999877929688,600616
BBOX,2026-01-06,543.3499755859375,558.4000244140625,540.0499877929688,558.4000244140625,172288
BBOX,2026-01-07,555.5,558.4000244140625,540.4000244140625,540.5,444712
BBOX,2026-01-08,528.4500122070312,566.7999877929688,523.0,552.5,317790
BBOX,2026-01-09,510.95001220703125,530.25,508.20001220703125,527.0,268468
BBOX,2026-01-12,522.1500244140625,527.9000244140625,497.29998779296875,507.1000061035156,508183
BBOX,2026-01-13,516.3499755859375,528.4000244140625,511.0,525.9000244140625,145927
BBOX,2026-01-14,514.25,520.0,505.1499938964844,518.0,444677
BBOX,2026-01-15,514.25,514.25,514.25,514.25,0
BBOX,2026-01-16,507.70001220703125,525.5,505.6000061035156,512.0,224982
BBOX,2026-01-19,514.75,534.4000244140625,508.0,511.95001220703125,311708
BBOX,2026-01-20,497.70001220703125,513.4500122070312,494.0,512.75,372245
BBOX,2026-01-21,490.54998779296875,497.3500061035156,479.0,490.5,260193
BBOX,2026-01-22,503.8999938964844,506.6499938964844,494.6000061035156,500.0,190314
BBOX,2026-01-23,479.54998779296875,510.45001220703125,475.0,510.45001220703125,176026
BBOX,2026-01-27,475.04998779296875,487.3500061035156,465.6000061035156,477.0,212392
BBOX,2026-01-28,486.6000061035156,489.6000061035156,475.04998779296875,475.04998779296875,150562
BBOX,2026-01-29,495.45001220703125,502.95001220703125,486.5,490.0,205943
BBOX,2026-01-30,515.2000122070312,516.75,483.6000061035156,494.8999938964844,332163
BBOX,2026-02-02,519.7000122070312,529.0,506.0,514.75,358804
BBOX,2026-02-03,540.9000244140625,546.25,526.7999877929688,540.0,571529
BBOX,2026-02-04,524.0499877929688,545.0,521.25,545.0,179695
BBOX,2026-02-05,515.2999877929688,528.0499877929688,511.54998779296875,528.0499877929688,185168
BBOX,2026-02-06,529.75,530.9000244140625,496.3999938964844,509.1000061035156,577583
BBOX,2026-02-09,571.1500244140625,576.0,526.6500244140625,533.4500122070312,836169
BBOX,2026-02-10,568.3499755859375,580.7999877929688,559.25,579.1500244140625,493370
BBOX,2026-02-11,582.1500244140625,587.0,560.0,568.2999877929688,653829
BBOX,2026-02-12,577.75,588.9500122070312,547.25,576.9500122070312,1856612
BBOX,2026-02-13,544.5,565.2000122070312,540.2999877929688,561.0,362873
BBOX,2026-02-16,530.4000244140625,545.0,521.8499755859375,541.75,710660
BBOX,2026-02-17,531.9500122070312,542.3499755859375,525.25,530.5499877929688,451243
BBOX,2026-02-18,529.5499877929688,551.2999877929688,520.9000244140625,532.8499755859375,802221
BBOX,2026-02-19,515.3499755859375,534.5499877929688,511.5,531.7999877929688,456125
BBOX,2026-02-20,513.5999755859375,522.7999877929688,486.0,495.5,941739
BBOX,2026-02-23,518.5999755859375,529.6500244140625,508.95001220703125,523.3499755859375,356304
BBOX,2026-02-24,518.6500244140625,523.0,507.20001220703125,519.9500122070312,475436
BBOX,2026-02-25,545.4500122070312,553.5,512.3499755859375,520.0,1017209
BBOX,2026-02-26,544.8499755859375,563.0,531.0,546.0,581337
BBOX,2026-02-27,533.5,543.7000122070312,530.0,541.0,189628
BBOX,2026-03-02,515.0,526.9500122070312,506.29998779296875,510.29998779296875,406250
BBOX,2026-03-04,504.95001220703125,512.75,502.0,505.0,247105
BBOX,2026-03-05,511.95001220703125,516.9000244140625,498.0,508.70001220703125,609055
BBOX,2026-03-06,512.1500244140625,520.0,506.95001220703125,511.04998779296875,211256
BBOX,2026-03-09,491.54998779296875,504.95001220703125,488.0,500.0,216746
BBOX,2026-03-10,510.5,516.9000244140625,496.70001220703125,501.0,365573
BBOX,2026-03-11,514.0999755859375,524.4000244140625,511.0,514.5999755859375,256482
BBOX,2026-03-12,522.1500244140625,533.0,505.0,507.0,307825
BBOX,2026-03-13,496.3500061035156,521.1500244140625,494.0,518.0499877929688,231666
BBOX,2026-03-16,496.70001220703125,509.0,478.0,496.54998779296875,488853
BBOX,2026-03-17,513.4500122070312,525.0,492.20001220703125,500.0,589424
BBOX,2026-03-18,508.3500061035156,528.2000122070312,504.1000061035156,519.5,317123
