Symbol,Date,Close,High,Low,Open,Volume
,,SANCF.BO,SANCF.BO,SANCF.BO,SANCF.BO,SANCF.BO
SANCF,2023-04-10,3.2799999713897705,3.2799999713897705,3.130000114440918,3.130000114440918,50
SANCF,2023-04-11,3.2799999713897705,3.2799999713897705,3.2799999713897705,3.2799999713897705,0
SANCF,2023-04-12,3.609999895095825,3.609999895095825,3.609999895095825,3.609999895095825,10
SANCF,2023-04-13,3.609999895095825,3.609999895095825,3.609999895095825,3.609999895095825,0
SANCF,2023-04-17,3.7899999618530273,3.7899999618530273,3.7899999618530273,3.7899999618530273,600
SANCF,2023-04-18,3.7899999618530273,3.7899999618530273,3.7899999618530273,3.7899999618530273,0
SANCF,2023-04-19,3.9700000286102295,3.9700000286102295,3.9700000286102295,3.9700000286102295,10
SANCF,2023-04-20,3.9700000286102295,3.9700000286102295,3.9700000286102295,3.9700000286102295,0
SANCF,2023-04-21,4.159999847412109,4.159999847412109,4.159999847412109,4.159999847412109,10
SANCF,2023-04-24,4.159999847412109,4.159999847412109,4.159999847412109,4.159999847412109,0
SANCF,2023-04-25,4.159999847412109,4.159999847412109,4.159999847412109,4.159999847412109,0
SANCF,2023-04-26,4.360000133514404,4.360000133514404,4.360000133514404,4.360000133514404,100
SANCF,2023-04-27,4.360000133514404,4.360000133514404,4.360000133514404,4.360000133514404,0
SANCF,2023-04-28,4.360000133514404,4.360000133514404,4.360000133514404,4.360000133514404,0
SANCF,2023-05-02,4.570000171661377,4.570000171661377,4.570000171661377,4.570000171661377,100
SANCF,2023-05-03,4.789999961853027,4.789999961853027,4.789999961853027,4.789999961853027,695
SANCF,2023-05-04,4.789999961853027,4.789999961853027,4.789999961853027,4.789999961853027,0
SANCF,2023-05-05,4.789999961853027,4.789999961853027,4.789999961853027,4.789999961853027,0
SANCF,2023-05-08,4.789999961853027,4.789999961853027,4.789999961853027,4.789999961853027,0
SANCF,2023-05-09,4.789999961853027,4.789999961853027,4.789999961853027,4.789999961853027,0
SANCF,2023-05-10,5.019999980926514,5.019999980926514,5.019999980926514,5.019999980926514,10
SANCF,2023-05-11,5.269999980926514,5.269999980926514,5.269999980926514,5.269999980926514,100
SANCF,2023-05-12,5.269999980926514,5.269999980926514,5.269999980926514,5.269999980926514,0
SANCF,2023-05-15,5.269999980926514,5.269999980926514,5.269999980926514,5.269999980926514,0
SANCF,2023-05-16,5.269999980926514,5.269999980926514,5.269999980926514,5.269999980926514,0
SANCF,2023-05-17,5.53000020980835,5.53000020980835,5.53000020980835,5.53000020980835,16
SANCF,2023-05-18,5.53000020980835,5.53000020980835,5.53000020980835,5.53000020980835,0
SANCF,2023-05-19,5.53000020980835,5.53000020980835,5.53000020980835,5.53000020980835,0
SANCF,2023-05-22,5.53000020980835,5.53000020980835,5.53000020980835,5.53000020980835,0
SANCF,2023-05-23,5.800000190734863,5.800000190734863,5.800000190734863,5.800000190734863,300
SANCF,2023-05-24,6.090000152587891,6.090000152587891,6.090000152587891,6.090000152587891,10
SANCF,2023-05-25,6.090000152587891,6.090000152587891,6.090000152587891,6.090000152587891,0
SANCF,2023-05-26,6.389999866485596,6.389999866485596,6.389999866485596,6.389999866485596,100
SANCF,2023-05-29,6.389999866485596,6.389999866485596,6.389999866485596,6.389999866485596,0
SANCF,2023-05-30,6.389999866485596,6.389999866485596,6.389999866485596,6.389999866485596,0
SANCF,2023-05-31,6.389999866485596,6.389999866485596,6.389999866485596,6.389999866485596,0
SANCF,2023-06-01,6.699999809265137,6.699999809265137,6.699999809265137,6.699999809265137,50
SANCF,2023-06-02,6.699999809265137,6.699999809265137,6.699999809265137,6.699999809265137,0
SANCF,2023-06-05,7.03000020980835,7.03000020980835,7.03000020980835,7.03000020980835,1
SANCF,2023-06-06,7.03000020980835,7.03000020980835,7.03000020980835,7.03000020980835,0
SANCF,2023-06-07,7.380000114440918,7.380000114440918,7.380000114440918,7.380000114440918,100
SANCF,2023-06-08,7.739999771118164,7.739999771118164,7.739999771118164,7.739999771118164,25
SANCF,2023-06-09,7.739999771118164,7.739999771118164,7.739999771118164,7.739999771118164,0
SANCF,2023-06-12,8.119999885559082,8.119999885559082,8.119999885559082,8.119999885559082,10
SANCF,2023-06-13,8.119999885559082,8.119999885559082,8.119999885559082,8.119999885559082,0
SANCF,2023-06-14,8.520000457763672,8.520000457763672,8.520000457763672,8.520000457763672,105
SANCF,2023-06-15,8.9399995803833,8.9399995803833,8.9399995803833,8.9399995803833,7
SANCF,2023-06-16,9.380000114440918,9.380000114440918,9.380000114440918,9.380000114440918,1100
SANCF,2023-06-19,9.380000114440918,9.380000114440918,9.380000114440918,9.380000114440918,0
SANCF,2023-06-20,9.380000114440918,9.380000114440918,9.380000114440918,9.380000114440918,0
SANCF,2023-06-21,9.380000114440918,9.380000114440918,9.380000114440918,9.380000114440918,0
SANCF,2023-06-22,9.380000114440918,9.380000114440918,9.380000114440918,9.380000114440918,0
SANCF,2023-06-23,9.380000114440918,9.380000114440918,9.380000114440918,9.380000114440918,0
SANCF,2023-06-26,9.5600004196167,9.5600004196167,9.5600004196167,9.5600004196167,1640
SANCF,2023-06-27,9.5600004196167,9.5600004196167,9.5600004196167,9.5600004196167,0
SANCF,2023-06-28,9.5600004196167,9.5600004196167,9.5600004196167,9.5600004196167,0
SANCF,2023-06-30,9.5600004196167,9.5600004196167,9.5600004196167,9.5600004196167,0
SANCF,2023-07-03,9.75,9.75,9.75,9.75,2200
SANCF,2023-07-04,9.75,9.75,9.75,9.75,0
SANCF,2023-07-05,9.75,9.75,9.75,9.75,0
SANCF,2023-07-06,9.75,9.75,9.75,9.75,0
SANCF,2023-07-07,9.75,9.75,9.75,9.75,0
SANCF,2023-07-10,9.9399995803833,9.9399995803833,9.9399995803833,9.9399995803833,1447
SANCF,2023-07-11,9.9399995803833,9.9399995803833,9.9399995803833,9.9399995803833,0
SANCF,2023-07-12,9.9399995803833,9.9399995803833,9.9399995803833,9.9399995803833,0
SANCF,2023-07-13,9.9399995803833,9.9399995803833,9.9399995803833,9.9399995803833,0
SANCF,2023-07-14,9.9399995803833,9.9399995803833,9.9399995803833,9.9399995803833,0
SANCF,2023-07-17,10.130000114440918,10.130000114440918,10.130000114440918,10.130000114440918,1529
SANCF,2023-07-18,10.130000114440918,10.130000114440918,10.130000114440918,10.130000114440918,0
SANCF,2023-07-19,10.130000114440918,10.130000114440918,10.130000114440918,10.130000114440918,0
SANCF,2023-07-20,10.130000114440918,10.130000114440918,10.130000114440918,10.130000114440918,0
SANCF,2023-07-21,10.130000114440918,10.130000114440918,10.130000114440918,10.130000114440918,0
SANCF,2023-07-24,10.130000114440918,10.130000114440918,10.130000114440918,10.130000114440918,0
SANCF,2023-07-25,10.130000114440918,10.130000114440918,10.130000114440918,10.130000114440918,0
SANCF,2023-07-26,10.130000114440918,10.130000114440918,10.130000114440918,10.130000114440918,0
SANCF,2023-07-27,10.130000114440918,10.130000114440918,10.130000114440918,10.130000114440918,0
SANCF,2023-07-28,10.329999923706055,10.329999923706055,10.329999923706055,10.329999923706055,1302
SANCF,2023-07-31,10.84000015258789,10.84000015258789,10.84000015258789,10.84000015258789,1
SANCF,2023-08-01,10.84000015258789,10.84000015258789,10.84000015258789,10.84000015258789,0
SANCF,2023-08-02,11.380000114440918,11.380000114440918,11.380000114440918,11.380000114440918,1
SANCF,2023-08-03,11.9399995803833,11.9399995803833,11.9399995803833,11.9399995803833,1
SANCF,2023-08-04,12.529999732971191,12.529999732971191,12.529999732971191,12.529999732971191,1166
SANCF,2023-08-07,13.149999618530273,13.149999618530273,13.149999618530273,13.149999618530273,25
SANCF,2023-08-08,13.800000190734863,13.800000190734863,13.800000190734863,13.800000190734863,1100
SANCF,2023-08-09,13.800000190734863,13.800000190734863,13.800000190734863,13.800000190734863,0
SANCF,2023-08-10,13.800000190734863,13.800000190734863,13.800000190734863,13.800000190734863,0
SANCF,2023-08-11,13.800000190734863,13.800000190734863,13.800000190734863,13.800000190734863,0
SANCF,2023-08-14,13.800000190734863,13.800000190734863,13.800000190734863,13.800000190734863,0
SANCF,2023-08-16,14.069999694824219,14.069999694824219,14.069999694824219,14.069999694824219,10
SANCF,2023-08-17,14.350000381469727,14.350000381469727,14.350000381469727,14.350000381469727,360
SANCF,2023-08-18,14.350000381469727,14.350000381469727,14.350000381469727,14.350000381469727,0
SANCF,2023-08-21,14.630000114440918,14.630000114440918,14.630000114440918,14.630000114440918,10
SANCF,2023-08-22,14.920000076293945,14.920000076293945,14.920000076293945,14.920000076293945,10
SANCF,2023-08-23,14.920000076293945,14.920000076293945,14.920000076293945,14.920000076293945,0
SANCF,2023-08-24,14.920000076293945,14.920000076293945,14.920000076293945,14.920000076293945,0
SANCF,2023-08-25,15.210000038146973,15.210000038146973,15.210000038146973,15.210000038146973,50
SANCF,2023-08-28,15.210000038146973,15.210000038146973,15.210000038146973,15.210000038146973,0
SANCF,2023-08-29,15.510000228881836,15.510000228881836,15.510000228881836,15.510000228881836,1000
SANCF,2023-08-30,15.510000228881836,15.510000228881836,15.510000228881836,15.510000228881836,0
SANCF,2023-08-31,15.819999694824219,15.819999694824219,15.819999694824219,15.819999694824219,100
SANCF,2023-09-01,15.819999694824219,15.819999694824219,15.819999694824219,15.819999694824219,0
SANCF,2023-09-04,16.1299991607666,16.1299991607666,16.1299991607666,16.1299991607666,100
SANCF,2023-09-05,16.450000762939453,16.450000762939453,16.450000762939453,16.450000762939453,2200
SANCF,2023-09-06,16.450000762939453,16.450000762939453,16.450000762939453,16.450000762939453,0
SANCF,2023-09-07,16.770000457763672,16.770000457763672,16.770000457763672,16.770000457763672,20
SANCF,2023-09-08,17.100000381469727,17.100000381469727,17.100000381469727,17.100000381469727,500
SANCF,2023-09-11,17.440000534057617,17.440000534057617,17.440000534057617,17.440000534057617,1135
SANCF,2023-09-12,17.440000534057617,17.440000534057617,17.440000534057617,17.440000534057617,0
SANCF,2023-09-13,17.440000534057617,17.440000534057617,17.440000534057617,17.440000534057617,0
SANCF,2023-09-14,17.440000534057617,17.440000534057617,17.440000534057617,17.440000534057617,0
SANCF,2023-09-15,17.440000534057617,17.440000534057617,17.440000534057617,17.440000534057617,0
SANCF,2023-09-18,17.780000686645508,17.780000686645508,17.780000686645508,17.780000686645508,10
SANCF,2023-09-20,18.1299991607666,18.1299991607666,18.1299991607666,18.1299991607666,209
SANCF,2023-09-21,18.489999771118164,18.489999771118164,18.489999771118164,18.489999771118164,10
SANCF,2023-09-22,18.850000381469727,18.850000381469727,18.850000381469727,18.850000381469727,10
SANCF,2023-09-25,19.219999313354492,19.219999313354492,19.219999313354492,19.219999313354492,250
SANCF,2023-09-26,19.219999313354492,19.219999313354492,19.219999313354492,19.219999313354492,0
SANCF,2023-09-27,19.600000381469727,19.600000381469727,19.600000381469727,19.600000381469727,450
SANCF,2023-09-28,19.989999771118164,19.989999771118164,19.989999771118164,19.989999771118164,20
SANCF,2023-09-29,20.3799991607666,20.3799991607666,20.3799991607666,20.3799991607666,200
SANCF,2023-10-03,20.780000686645508,20.780000686645508,20.780000686645508,20.780000686645508,200
SANCF,2023-10-04,21.190000534057617,21.190000534057617,21.190000534057617,21.190000534057617,500
SANCF,2023-10-05,21.610000610351562,21.610000610351562,21.610000610351562,21.610000610351562,20
SANCF,2023-10-06,22.040000915527344,22.040000915527344,22.040000915527344,22.040000915527344,850
SANCF,2023-10-09,22.479999542236328,22.479999542236328,22.479999542236328,22.479999542236328,900
SANCF,2023-10-10,22.920000076293945,22.920000076293945,22.920000076293945,22.920000076293945,10
SANCF,2023-10-11,23.3700008392334,23.3700008392334,23.3700008392334,23.3700008392334,750
SANCF,2023-10-12,23.829999923706055,23.829999923706055,23.829999923706055,23.829999923706055,300
SANCF,2023-10-13,23.829999923706055,23.829999923706055,23.829999923706055,23.829999923706055,0
SANCF,2023-10-16,24.299999237060547,24.299999237060547,24.299999237060547,24.299999237060547,1110
SANCF,2023-10-17,24.780000686645508,24.780000686645508,24.780000686645508,24.780000686645508,10
SANCF,2023-10-18,25.270000457763672,25.270000457763672,25.270000457763672,25.270000457763672,250
SANCF,2023-10-19,25.770000457763672,25.770000457763672,25.770000457763672,25.770000457763672,100
SANCF,2023-10-20,26.0,26.280000686645508,26.0,26.280000686645508,200
SANCF,2023-10-23,26.520000457763672,26.520000457763672,26.520000457763672,26.520000457763672,200
SANCF,2023-10-25,27.049999237060547,27.049999237060547,27.049999237060547,27.049999237060547,208
SANCF,2023-10-26,27.59000015258789,27.59000015258789,27.59000015258789,27.59000015258789,800
SANCF,2023-10-27,28.139999389648438,28.139999389648438,28.139999389648438,28.139999389648438,10
SANCF,2023-10-30,28.700000762939453,28.700000762939453,28.700000762939453,28.700000762939453,150
SANCF,2023-10-31,29.270000457763672,29.270000457763672,29.270000457763672,29.270000457763672,50
SANCF,2023-11-01,29.850000381469727,29.850000381469727,29.850000381469727,29.850000381469727,25
SANCF,2023-11-02,30.440000534057617,30.440000534057617,29.850000381469727,30.440000534057617,4547
SANCF,2023-11-03,31.040000915527344,31.040000915527344,31.040000915527344,31.040000915527344,1000
SANCF,2023-11-06,31.65999984741211,31.65999984741211,31.0,31.0,301
SANCF,2023-11-07,32.290000915527344,32.290000915527344,32.290000915527344,32.290000915527344,10
SANCF,2023-11-08,32.290000915527344,32.290000915527344,32.290000915527344,32.290000915527344,0
SANCF,2023-11-09,33.58000183105469,33.58000183105469,33.0,33.58000183105469,550
SANCF,2023-11-10,34.25,34.25,34.25,34.25,100
SANCF,2023-11-13,34.93000030517578,34.93000030517578,34.93000030517578,34.93000030517578,5
SANCF,2023-11-15,34.93000030517578,34.93000030517578,34.93000030517578,34.93000030517578,0
SANCF,2023-11-16,35.619998931884766,35.619998931884766,35.619998931884766,35.619998931884766,500
SANCF,2023-11-17,35.619998931884766,35.619998931884766,35.619998931884766,35.619998931884766,0
SANCF,2023-11-20,36.33000183105469,36.33000183105469,36.33000183105469,36.33000183105469,60
SANCF,2023-11-21,37.04999923706055,37.04999923706055,36.5,36.5,546
SANCF,2023-11-22,37.70000076293945,37.790000915527344,37.04999923706055,37.790000915527344,854
SANCF,2023-11-23,38.45000076293945,38.45000076293945,37.70000076293945,38.45000076293945,7506
SANCF,2023-11-24,39.209999084472656,39.209999084472656,39.209999084472656,39.209999084472656,400
SANCF,2023-11-28,39.9900016784668,39.9900016784668,39.9900016784668,39.9900016784668,325
SANCF,2023-11-29,40.779998779296875,40.779998779296875,40.779998779296875,40.779998779296875,550
SANCF,2023-11-30,41.59000015258789,41.59000015258789,41.59000015258789,41.59000015258789,1
SANCF,2023-12-01,42.41999816894531,42.41999816894531,42.41999816894531,42.41999816894531,1270
SANCF,2023-12-04,42.41999816894531,42.41999816894531,42.41999816894531,42.41999816894531,0
SANCF,2023-12-05,42.41999816894531,42.41999816894531,42.41999816894531,42.41999816894531,0
SANCF,2023-12-06,45.0,45.0,45.0,45.0,450
SANCF,2023-12-07,45.900001525878906,45.900001525878906,45.900001525878906,45.900001525878906,600
SANCF,2023-12-08,46.810001373291016,46.810001373291016,46.810001373291016,46.810001373291016,650
SANCF,2023-12-11,47.7400016784668,47.7400016784668,47.7400016784668,47.7400016784668,1
SANCF,2023-12-12,48.689998626708984,48.689998626708984,47.900001525878906,48.689998626708984,800
SANCF,2023-12-13,49.65999984741211,49.65999984741211,49.65999984741211,49.65999984741211,569
SANCF,2023-12-14,50.650001525878906,50.650001525878906,50.650001525878906,50.650001525878906,948
SANCF,2023-12-15,51.65999984741211,51.65999984741211,51.65999984741211,51.65999984741211,550
SANCF,2023-12-18,52.689998626708984,52.689998626708984,52.689998626708984,52.689998626708984,2725
SANCF,2023-12-19,53.7400016784668,53.7400016784668,53.72999954223633,53.72999954223633,1266
SANCF,2023-12-20,54.810001373291016,54.810001373291016,54.810001373291016,54.810001373291016,4329
SANCF,2023-12-21,54.810001373291016,54.810001373291016,54.810001373291016,54.810001373291016,0
SANCF,2023-12-22,57.0,57.0099983215332,57.0,57.0099983215332,300
SANCF,2023-12-26,58.13999938964844,58.13999938964844,58.13999938964844,58.13999938964844,1850
SANCF,2023-12-27,59.29999923706055,59.29999923706055,59.29999923706055,59.29999923706055,485
SANCF,2023-12-28,60.47999954223633,60.47999954223633,60.45000076293945,60.47999954223633,1215
SANCF,2023-12-29,60.47999954223633,60.47999954223633,60.47999954223633,60.47999954223633,0
SANCF,2024-01-01,62.90999984741211,62.90999984741211,62.90999984741211,62.90999984741211,1150
SANCF,2024-01-02,64.16000366210938,64.16000366210938,63.0,64.16000366210938,1900
SANCF,2024-01-03,65.44000244140625,65.44000244140625,65.44000244140625,65.44000244140625,1579
SANCF,2024-01-04,66.69999694824219,66.73999786376953,66.69999694824219,66.73999786376953,1088
SANCF,2024-01-05,68.02999877929688,68.02999877929688,65.37000274658203,66.69999694824219,2046
SANCF,2024-01-08,69.38999938964844,69.38999938964844,69.38999938964844,69.38999938964844,2198
SANCF,2024-01-09,70.7699966430664,70.7699966430664,70.7699966430664,70.7699966430664,1486
SANCF,2024-01-10,69.36000061035156,70.7699966430664,69.36000061035156,70.7699966430664,2343
SANCF,2024-01-11,67.9800033569336,67.9800033569336,67.9800033569336,67.9800033569336,6
SANCF,2024-01-12,66.62999725341797,66.62999725341797,66.62999725341797,66.62999725341797,128
SANCF,2024-01-15,66.62999725341797,66.62999725341797,66.62999725341797,66.62999725341797,0
SANCF,2024-01-16,64.0,64.0,64.0,64.0,22
SANCF,2024-01-17,62.720001220703125,62.720001220703125,62.720001220703125,62.720001220703125,44
SANCF,2024-01-18,61.470001220703125,61.470001220703125,61.470001220703125,61.470001220703125,16
SANCF,2024-01-19,60.25,60.25,60.25,60.25,43
SANCF,2024-01-23,57.869998931884766,57.869998931884766,57.869998931884766,57.869998931884766,83
SANCF,2024-01-24,56.720001220703125,56.720001220703125,56.720001220703125,56.720001220703125,75
SANCF,2024-01-25,55.59000015258789,55.59000015258789,55.59000015258789,55.59000015258789,21
SANCF,2024-01-29,52.81999969482422,55.0,52.81999969482422,55.0,129
SANCF,2024-01-30,50.18000030517578,50.18000030517578,50.18000030517578,50.18000030517578,352
SANCF,2024-01-31,47.68000030517578,47.68000030517578,47.68000030517578,47.68000030517578,181
SANCF,2024-02-01,45.29999923706055,50.060001373291016,45.29999923706055,45.29999923706055,8963
SANCF,2024-02-02,45.97999954223633,47.560001373291016,43.040000915527344,47.560001373291016,2940
SANCF,2024-02-05,46.20000076293945,47.54999923706055,43.70000076293945,46.0,201
SANCF,2024-02-06,46.130001068115234,47.54999923706055,45.0,47.54999923706055,1082
SANCF,2024-02-07,44.209999084472656,47.54999923706055,43.83000183105469,47.54999923706055,981
SANCF,2024-02-08,46.0,46.41999816894531,44.209999084472656,45.310001373291016,126
SANCF,2024-02-09,43.70000076293945,47.79999923706055,43.70000076293945,47.79999923706055,379
SANCF,2024-02-12,44.75,44.790000915527344,44.75,44.790000915527344,85
SANCF,2024-02-13,42.52000045776367,45.86000061035156,42.52000045776367,45.86000061035156,26
SANCF,2024-02-14,40.43000030517578,41.459999084472656,40.400001525878906,41.459999084472656,103
SANCF,2024-02-15,38.40999984741211,40.400001525878906,38.40999984741211,40.400001525878906,877
SANCF,2024-02-16,37.0,37.45000076293945,37.0,37.45000076293945,34
SANCF,2024-02-19,35.150001525878906,38.79999923706055,35.150001525878906,37.91999816894531,742
SANCF,2024-02-20,33.400001525878906,35.150001525878906,33.400001525878906,35.150001525878906,454
SANCF,2024-02-21,35.0,35.0,31.75,33.400001525878906,1121
SANCF,2024-02-22,36.75,36.75,35.5,35.5,1371
SANCF,2024-02-23,38.58000183105469,38.58000183105469,38.58000183105469,38.58000183105469,788
SANCF,2024-02-26,40.5,40.5,37.619998931884766,37.619998931884766,369
SANCF,2024-02-27,42.52000045776367,42.52000045776367,42.52000045776367,42.52000045776367,2425
SANCF,2024-02-28,42.52000045776367,43.369998931884766,42.52000045776367,43.369998931884766,3653
SANCF,2024-02-29,42.52000045776367,43.369998931884766,42.52000045776367,43.369998931884766,1123
SANCF,2024-03-01,42.0,43.369998931884766,42.0,43.369998931884766,10
SANCF,2024-03-04,42.0,42.0,42.0,42.0,9
SANCF,2024-03-05,41.15999984741211,42.0,41.15999984741211,42.0,35
SANCF,2024-03-06,40.34000015258789,40.34000015258789,40.34000015258789,40.34000015258789,4
SANCF,2024-03-07,39.540000915527344,39.540000915527344,39.540000915527344,39.540000915527344,6
SANCF,2024-03-11,38.75,38.75,38.75,38.75,61
SANCF,2024-03-12,37.97999954223633,37.97999954223633,37.97999954223633,37.97999954223633,51
SANCF,2024-03-13,37.22999954223633,37.25,37.22999954223633,37.25,12
SANCF,2024-03-14,37.099998474121094,37.22999954223633,37.099998474121094,37.22999954223633,11
SANCF,2024-03-18,35.63999938964844,35.650001525878906,35.63999938964844,35.650001525878906,415
SANCF,2024-03-19,34.93000030517578,34.93000030517578,34.93000030517578,34.93000030517578,100
SANCF,2024-03-20,34.2400016784668,34.2400016784668,34.2400016784668,34.2400016784668,100
SANCF,2024-03-21,33.560001373291016,33.560001373291016,33.560001373291016,33.560001373291016,697
SANCF,2024-03-22,32.88999938964844,32.88999938964844,32.88999938964844,32.88999938964844,21
SANCF,2024-03-26,32.88999938964844,32.88999938964844,32.880001068115234,32.880001068115234,389
SANCF,2024-03-27,32.88999938964844,32.88999938964844,32.88999938964844,32.88999938964844,0
SANCF,2024-03-28,32.88999938964844,32.88999938964844,32.88999938964844,32.88999938964844,0
SANCF,2024-04-01,32.88999938964844,32.88999938964844,32.88999938964844,32.88999938964844,4
SANCF,2024-04-02,32.88999938964844,32.88999938964844,32.88999938964844,32.88999938964844,0
SANCF,2024-04-03,32.2400016784668,32.2400016784668,32.2400016784668,32.2400016784668,100
SANCF,2024-04-04,31.600000381469727,32.2400016784668,31.600000381469727,32.2400016784668,9
SANCF,2024-04-05,30.969999313354492,30.969999313354492,30.969999313354492,30.969999313354492,201
SANCF,2024-04-08,30.969999313354492,30.969999313354492,30.969999313354492,30.969999313354492,305
SANCF,2024-04-09,32.5099983215332,32.5099983215332,29.43000030517578,29.43000030517578,2226
SANCF,2024-04-10,34.130001068115234,34.130001068115234,34.130001068115234,34.130001068115234,5
SANCF,2024-04-12,33.75,34.130001068115234,33.75,34.130001068115234,12
SANCF,2024-04-15,33.75,33.75,33.75,33.75,0
SANCF,2024-04-16,32.06999969482422,32.06999969482422,32.06999969482422,32.06999969482422,102
SANCF,2024-04-18,30.5,31.43000030517578,30.469999313354492,31.43000030517578,369
SANCF,2024-04-19,30.700000762939453,31.989999771118164,29.0,30.0,489
SANCF,2024-04-22,32.22999954223633,32.22999954223633,32.150001525878906,32.22999954223633,1187
SANCF,2024-04-23,33.84000015258789,33.84000015258789,32.869998931884766,32.869998931884766,684
SANCF,2024-04-24,33.84000015258789,35.369998931884766,33.84000015258789,35.369998931884766,41
SANCF,2024-04-25,32.150001525878906,32.150001525878906,32.150001525878906,32.150001525878906,524
SANCF,2024-04-26,33.58000183105469,33.61000061035156,30.549999237060547,32.150001525878906,529
SANCF,2024-04-29,35.25,35.25,35.0,35.099998474121094,518
SANCF,2024-04-30,35.25,35.25,35.25,35.25,291
SANCF,2024-05-02,35.25,35.25,35.25,35.25,1
SANCF,2024-05-03,37.0,37.0,33.4900016784668,33.4900016784668,1178
SANCF,2024-05-06,37.0,37.0,37.0,37.0,607
SANCF,2024-05-07,37.0,37.0,37.0,37.0,25
SANCF,2024-05-08,37.599998474121094,37.599998474121094,37.599998474121094,37.599998474121094,762
SANCF,2024-05-09,37.599998474121094,37.599998474121094,37.599998474121094,37.599998474121094,70
SANCF,2024-05-10,37.0,37.0,37.0,37.0,1
SANCF,2024-05-13,37.0,37.0,37.0,37.0,0
SANCF,2024-05-14,37.0,37.0,37.0,37.0,0
SANCF,2024-05-15,37.0,37.0,37.0,37.0,0
SANCF,2024-05-16,37.0,37.0,37.0,37.0,11
SANCF,2024-05-17,37.0,37.0,37.0,37.0,100
SANCF,2024-05-21,36.9900016784668,36.9900016784668,36.9900016784668,36.9900016784668,8
SANCF,2024-05-22,36.47999954223633,36.68000030517578,36.47999954223633,36.68000030517578,13
SANCF,2024-05-23,36.47999954223633,36.47999954223633,36.47999954223633,36.47999954223633,0
SANCF,2024-05-24,36.439998626708984,36.439998626708984,36.439998626708984,36.439998626708984,10
SANCF,2024-05-27,36.41999816894531,36.439998626708984,36.41999816894531,36.439998626708984,22
SANCF,2024-05-28,36.41999816894531,36.41999816894531,36.41999816894531,36.41999816894531,0
SANCF,2024-05-29,36.41999816894531,36.41999816894531,36.41999816894531,36.41999816894531,0
SANCF,2024-05-30,35.70000076293945,35.70000076293945,35.70000076293945,35.70000076293945,10
SANCF,2024-05-31,35.70000076293945,35.70000076293945,35.70000076293945,35.70000076293945,0
SANCF,2024-06-03,35.599998474121094,35.599998474121094,35.599998474121094,35.599998474121094,10
SANCF,2024-06-04,35.599998474121094,35.599998474121094,35.599998474121094,35.599998474121094,0
SANCF,2024-06-05,35.599998474121094,35.599998474121094,35.599998474121094,35.599998474121094,0
SANCF,2024-06-06,34.959999084472656,35.59000015258789,34.959999084472656,35.59000015258789,110
SANCF,2024-06-07,34.959999084472656,34.959999084472656,34.959999084472656,34.959999084472656,0
SANCF,2024-06-10,34.959999084472656,34.959999084472656,34.959999084472656,34.959999084472656,6
SANCF,2024-06-11,34.27000045776367,34.27000045776367,34.27000045776367,34.27000045776367,38
SANCF,2024-06-12,34.27000045776367,34.27000045776367,34.27000045776367,34.27000045776367,0
SANCF,2024-06-13,33.59000015258789,33.59000015258789,33.59000015258789,33.59000015258789,7
SANCF,2024-06-14,32.91999816894531,32.91999816894531,32.91999816894531,32.91999816894531,125
SANCF,2024-06-18,31.280000686645508,31.979999542236328,31.280000686645508,31.979999542236328,1241
SANCF,2024-06-19,29.81999969482422,29.81999969482422,29.719999313354492,29.719999313354492,704
SANCF,2024-06-20,31.309999465942383,31.309999465942383,28.329999923706055,29.899999618530273,474
SANCF,2024-06-21,32.869998931884766,32.869998931884766,29.75,29.75,325
SANCF,2024-06-24,31.229999542236328,34.349998474121094,31.229999542236328,34.349998474121094,101
SANCF,2024-06-25,29.690000534057617,32.63999938964844,29.690000534057617,32.63999938964844,750
SANCF,2024-06-26,29.15999984741211,29.15999984741211,29.15999984741211,29.15999984741211,73
SANCF,2024-06-27,27.709999084472656,27.719999313354492,27.709999084472656,27.719999313354492,2010
SANCF,2024-06-28,27.0,27.0,27.0,27.0,172
SANCF,2024-07-01,27.5,27.5,27.5,27.5,1
SANCF,2024-07-02,27.75,27.75,27.75,27.75,502
SANCF,2024-07-03,27.75,27.75,27.75,27.75,0
SANCF,2024-07-04,29.0,29.0,27.75,27.75,570
SANCF,2024-07-05,29.0,29.0,29.0,29.0,0
SANCF,2024-07-08,30.450000762939453,30.450000762939453,30.450000762939453,30.450000762939453,503
SANCF,2024-07-09,31.969999313354492,31.969999313354492,31.969999313354492,31.969999313354492,101
SANCF,2024-07-10,32.54999923706055,33.560001373291016,32.54999923706055,33.560001373291016,480
SANCF,2024-07-11,33.20000076293945,33.20000076293945,33.0,33.0,606
SANCF,2024-07-12,33.5,33.86000061035156,33.5,33.86000061035156,600
SANCF,2024-07-15,32.900001525878906,32.900001525878906,32.83000183105469,32.83000183105469,526
SANCF,2024-07-16,33.54999923706055,33.54999923706055,32.900001525878906,32.900001525878906,385
SANCF,2024-07-18,33.5,34.20000076293945,33.5,34.20000076293945,27
SANCF,2024-07-19,34.16999816894531,34.16999816894531,34.16999816894531,34.16999816894531,181
SANCF,2024-07-22,34.849998474121094,34.849998474121094,34.849998474121094,34.849998474121094,851
SANCF,2024-07-23,34.470001220703125,35.540000915527344,34.470001220703125,35.540000915527344,502
SANCF,2024-07-24,34.470001220703125,34.470001220703125,34.470001220703125,34.470001220703125,949
SANCF,2024-07-25,33.790000915527344,34.470001220703125,33.790000915527344,34.470001220703125,41
SANCF,2024-07-26,33.119998931884766,33.119998931884766,33.119998931884766,33.119998931884766,74
SANCF,2024-07-29,32.459999084472656,32.459999084472656,32.459999084472656,32.459999084472656,685
SANCF,2024-07-30,32.459999084472656,32.459999084472656,32.459999084472656,32.459999084472656,0
SANCF,2024-07-31,33.099998474121094,33.099998474121094,33.099998474121094,33.099998474121094,5
SANCF,2024-08-01,33.099998474121094,33.099998474121094,33.099998474121094,33.099998474121094,25
SANCF,2024-08-02,33.099998474121094,33.099998474121094,33.099998474121094,33.099998474121094,0
SANCF,2024-08-05,33.099998474121094,33.099998474121094,33.099998474121094,33.099998474121094,1
SANCF,2024-08-06,32.900001525878906,32.900001525878906,32.900001525878906,32.900001525878906,1
SANCF,2024-08-07,32.900001525878906,32.900001525878906,32.900001525878906,32.900001525878906,0
SANCF,2024-08-08,32.900001525878906,32.900001525878906,32.900001525878906,32.900001525878906,0
SANCF,2024-08-09,33.0,33.0,33.0,33.0,9
SANCF,2024-08-12,33.0,33.0,33.0,33.0,0
SANCF,2024-08-13,32.34000015258789,32.34000015258789,32.34000015258789,32.34000015258789,113
SANCF,2024-08-14,31.700000762939453,31.700000762939453,31.700000762939453,31.700000762939453,6
SANCF,2024-08-16,31.700000762939453,31.700000762939453,31.700000762939453,31.700000762939453,0
SANCF,2024-08-19,30.1299991607666,30.1299991607666,30.1299991607666,30.1299991607666,217
SANCF,2024-08-20,30.1299991607666,30.1299991607666,30.1299991607666,30.1299991607666,0
SANCF,2024-08-21,31.5,31.5,31.5,31.5,100
SANCF,2024-08-22,30.309999465942383,30.309999465942383,30.0,30.0,245
SANCF,2024-08-23,30.31999969482422,30.31999969482422,30.31999969482422,30.31999969482422,200
SANCF,2024-08-26,30.18000030517578,31.829999923706055,30.0,30.0,482
SANCF,2024-08-27,30.18000030517578,30.18000030517578,30.18000030517578,30.18000030517578,0
SANCF,2024-08-28,29.6200008392334,29.6200008392334,29.579999923706055,29.579999923706055,103
SANCF,2024-08-29,29.6200008392334,29.6200008392334,29.6200008392334,29.6200008392334,0
SANCF,2024-08-30,29.6200008392334,29.6200008392334,29.6200008392334,29.6200008392334,0
SANCF,2024-09-02,30.510000228881836,30.510000228881836,30.510000228881836,30.510000228881836,100
SANCF,2024-09-03,32.029998779296875,32.029998779296875,32.029998779296875,32.029998779296875,129
SANCF,2024-09-04,31.100000381469727,33.43000030517578,31.100000381469727,33.43000030517578,236
SANCF,2024-09-05,31.100000381469727,31.100000381469727,31.100000381469727,31.100000381469727,0
SANCF,2024-09-06,31.100000381469727,31.100000381469727,31.100000381469727,31.100000381469727,0
SANCF,2024-09-09,31.100000381469727,31.100000381469727,31.100000381469727,31.100000381469727,0
SANCF,2024-09-10,31.100000381469727,31.100000381469727,31.100000381469727,31.100000381469727,0
SANCF,2024-09-11,31.100000381469727,31.100000381469727,31.100000381469727,31.100000381469727,0
SANCF,2024-09-12,31.100000381469727,31.100000381469727,31.100000381469727,31.100000381469727,0
SANCF,2024-09-13,31.100000381469727,31.100000381469727,31.100000381469727,31.100000381469727,0
SANCF,2024-09-16,31.100000381469727,31.100000381469727,31.100000381469727,31.100000381469727,0
SANCF,2024-09-17,30.0,30.0,30.0,30.0,200
SANCF,2024-09-18,29.25,29.25,29.25,29.25,114
SANCF,2024-09-19,29.25,29.25,29.25,29.25,0
SANCF,2024-09-20,29.25,29.25,29.25,29.25,0
SANCF,2024-09-23,29.25,29.25,29.25,29.25,0
SANCF,2024-09-24,29.25,29.25,29.25,29.25,260
SANCF,2024-09-25,29.25,29.25,29.25,29.25,0
SANCF,2024-09-26,28.520000457763672,28.520000457763672,28.520000457763672,28.520000457763672,38
SANCF,2024-09-27,28.520000457763672,28.520000457763672,28.520000457763672,28.520000457763672,0
SANCF,2024-09-30,28.520000457763672,28.520000457763672,28.520000457763672,28.520000457763672,100
SANCF,2024-10-01,28.549999237060547,28.549999237060547,28.549999237060547,28.549999237060547,25
SANCF,2024-10-03,27.8799991607666,29.969999313354492,27.1299991607666,29.0,1460
SANCF,2024-10-04,27.8799991607666,27.8799991607666,27.8799991607666,27.8799991607666,0
SANCF,2024-10-07,27.899999618530273,27.899999618530273,27.899999618530273,27.899999618530273,65
SANCF,2024-10-08,27.899999618530273,27.899999618530273,27.899999618530273,27.899999618530273,0
SANCF,2024-10-09,29.290000915527344,29.290000915527344,28.170000076293945,28.170000076293945,601
SANCF,2024-10-10,29.290000915527344,29.290000915527344,29.290000915527344,29.290000915527344,5
SANCF,2024-10-11,29.290000915527344,29.290000915527344,29.290000915527344,29.290000915527344,0
SANCF,2024-10-14,30.75,30.75,27.829999923706055,27.829999923706055,258
SANCF,2024-10-15,30.75,30.75,30.75,30.75,0
SANCF,2024-10-16,29.309999465942383,29.309999465942383,29.309999465942383,29.309999465942383,100
SANCF,2024-10-17,30.75,30.75,30.75,30.75,1
SANCF,2024-10-18,30.75,30.75,30.75,30.75,0
SANCF,2024-10-21,30.75,30.75,30.75,30.75,0
SANCF,2024-10-22,30.75,30.75,30.75,30.75,0
SANCF,2024-10-23,29.219999313354492,29.219999313354492,29.219999313354492,29.219999313354492,100
SANCF,2024-10-24,27.809999465942383,27.809999465942383,27.799999237060547,27.799999237060547,200
SANCF,2024-10-25,27.809999465942383,27.809999465942383,27.809999465942383,27.809999465942383,0
SANCF,2024-10-28,27.809999465942383,27.809999465942383,27.809999465942383,27.809999465942383,0
SANCF,2024-10-29,27.809999465942383,27.809999465942383,27.809999465942383,27.809999465942383,0
SANCF,2024-10-30,27.809999465942383,27.809999465942383,27.809999465942383,27.809999465942383,0
SANCF,2024-10-31,27.809999465942383,27.809999465942383,27.809999465942383,27.809999465942383,0
SANCF,2024-11-01,27.809999465942383,27.809999465942383,27.809999465942383,27.809999465942383,0
SANCF,2024-11-04,27.809999465942383,27.809999465942383,27.809999465942383,27.809999465942383,0
SANCF,2024-11-05,27.809999465942383,27.809999465942383,27.809999465942383,27.809999465942383,0
SANCF,2024-11-06,27.809999465942383,27.809999465942383,27.809999465942383,27.809999465942383,0
SANCF,2024-11-07,27.809999465942383,27.809999465942383,27.809999465942383,27.809999465942383,0
SANCF,2024-11-08,27.809999465942383,27.809999465942383,27.809999465942383,27.809999465942383,0
SANCF,2024-11-11,27.809999465942383,27.809999465942383,27.809999465942383,27.809999465942383,0
SANCF,2024-11-12,27.809999465942383,27.809999465942383,27.809999465942383,27.809999465942383,1000
SANCF,2024-11-13,27.809999465942383,27.809999465942383,27.809999465942383,27.809999465942383,3745
SANCF,2024-11-14,27.809999465942383,27.809999465942383,27.809999465942383,27.809999465942383,200
SANCF,2024-11-18,27.809999465942383,29.200000762939453,27.809999465942383,29.200000762939453,6
SANCF,2024-11-19,26.420000076293945,26.420000076293945,26.420000076293945,26.420000076293945,98
SANCF,2024-11-21,27.739999771118164,27.739999771118164,27.739999771118164,27.739999771118164,100
SANCF,2024-11-22,27.739999771118164,27.739999771118164,27.739999771118164,27.739999771118164,0
SANCF,2024-11-25,27.739999771118164,27.739999771118164,27.739999771118164,27.739999771118164,0
SANCF,2024-11-26,27.739999771118164,27.739999771118164,27.739999771118164,27.739999771118164,0
SANCF,2024-11-27,27.739999771118164,27.739999771118164,27.739999771118164,27.739999771118164,0
SANCF,2024-11-28,27.739999771118164,27.739999771118164,27.739999771118164,27.739999771118164,0
SANCF,2024-11-29,29.1200008392334,29.1200008392334,27.739999771118164,27.739999771118164,350
SANCF,2024-12-02,30.56999969482422,30.56999969482422,29.1299991607666,29.1299991607666,150
SANCF,2024-12-03,30.56999969482422,30.56999969482422,30.56999969482422,30.56999969482422,0
SANCF,2024-12-04,30.56999969482422,30.56999969482422,30.56999969482422,30.56999969482422,0
SANCF,2024-12-05,30.56999969482422,30.56999969482422,30.56999969482422,30.56999969482422,0
SANCF,2024-12-06,30.56999969482422,30.56999969482422,30.56999969482422,30.56999969482422,0
SANCF,2024-12-09,32.0,33.38999938964844,31.799999237060547,33.38999938964844,213
SANCF,2024-12-10,33.599998474121094,33.599998474121094,33.599998474121094,33.599998474121094,100
SANCF,2024-12-11,35.279998779296875,35.279998779296875,35.279998779296875,35.279998779296875,492
SANCF,2024-12-12,35.279998779296875,35.279998779296875,35.279998779296875,35.279998779296875,0
SANCF,2024-12-13,38.88999938964844,38.88999938964844,38.88999938964844,38.88999938964844,440
SANCF,2024-12-16,40.83000183105469,40.83000183105469,40.83000183105469,40.83000183105469,227
SANCF,2024-12-17,42.869998931884766,42.869998931884766,42.869998931884766,42.869998931884766,150
SANCF,2024-12-18,45.0099983215332,45.0099983215332,45.0099983215332,45.0099983215332,92
SANCF,2024-12-19,45.0099983215332,45.0099983215332,45.0099983215332,45.0099983215332,0
SANCF,2024-12-20,47.2599983215332,47.2599983215332,47.2599983215332,47.2599983215332,846
SANCF,2024-12-23,49.619998931884766,49.619998931884766,49.619998931884766,49.619998931884766,10
SANCF,2024-12-24,52.040000915527344,52.09000015258789,52.040000915527344,52.08000183105469,2833
SANCF,2024-12-26,49.439998626708984,52.349998474121094,49.439998626708984,52.349998474121094,598
SANCF,2024-12-27,46.970001220703125,46.970001220703125,46.970001220703125,46.970001220703125,70
SANCF,2024-12-30,46.970001220703125,46.970001220703125,46.970001220703125,46.970001220703125,0
SANCF,2024-12-31,46.970001220703125,46.970001220703125,46.970001220703125,46.970001220703125,0
SANCF,2025-01-01,46.970001220703125,46.970001220703125,46.970001220703125,46.970001220703125,0
SANCF,2025-01-02,46.970001220703125,46.970001220703125,46.970001220703125,46.970001220703125,0
SANCF,2025-01-03,46.0,46.0,46.0,46.0,18
SANCF,2025-01-06,46.0,46.0,46.0,46.0,0
SANCF,2025-01-07,46.0,46.0,46.0,46.0,0
SANCF,2025-01-08,46.0,46.0,46.0,46.0,0
SANCF,2025-01-09,46.0,46.0,46.0,46.0,0
SANCF,2025-01-10,46.0,46.0,46.0,46.0,0
SANCF,2025-01-13,46.0,46.0,46.0,46.0,0
SANCF,2025-01-14,46.0,46.0,46.0,46.0,0
SANCF,2025-01-15,46.0,46.0,46.0,46.0,0
SANCF,2025-01-16,46.0,46.0,46.0,46.0,0
SANCF,2025-01-17,46.0,46.0,46.0,46.0,0
SANCF,2025-01-20,46.0,46.0,46.0,46.0,0
SANCF,2025-01-21,46.0,46.0,46.0,46.0,0
SANCF,2025-01-22,46.0,46.0,46.0,46.0,0
SANCF,2025-01-23,46.0,46.0,46.0,46.0,0
SANCF,2025-01-24,46.0,46.0,46.0,46.0,0
SANCF,2025-01-27,46.0,46.0,46.0,46.0,0
SANCF,2025-01-28,46.0,46.0,46.0,46.0,0
SANCF,2025-01-29,46.0,46.0,46.0,46.0,0
SANCF,2025-01-30,46.0,46.0,46.0,46.0,0
SANCF,2025-01-31,46.0,46.0,46.0,46.0,0
SANCF,2025-02-03,46.0,46.0,46.0,46.0,0
SANCF,2025-02-04,46.0,46.0,46.0,46.0,0
SANCF,2025-02-05,46.0,46.0,46.0,46.0,0
SANCF,2025-02-06,46.0,46.0,46.0,46.0,0
SANCF,2025-02-07,46.0,46.0,46.0,46.0,0
SANCF,2025-02-10,46.0,46.0,46.0,46.0,0
SANCF,2025-02-11,43.70000076293945,43.70000076293945,43.70000076293945,43.70000076293945,103
SANCF,2025-02-12,41.52000045776367,43.70000076293945,41.52000045776367,43.70000076293945,54
SANCF,2025-02-13,39.45000076293945,39.45000076293945,39.45000076293945,39.45000076293945,10
SANCF,2025-02-14,37.47999954223633,39.45000076293945,37.47999954223633,39.45000076293945,101
SANCF,2025-02-17,35.61000061035156,35.61000061035156,35.61000061035156,35.61000061035156,63
SANCF,2025-02-18,35.61000061035156,35.61000061035156,35.61000061035156,35.61000061035156,0
SANCF,2025-02-19,33.849998474121094,34.95000076293945,33.849998474121094,34.95000076293945,60
SANCF,2025-02-20,32.15999984741211,32.15999984741211,32.15999984741211,32.15999984741211,40
SANCF,2025-02-21,30.559999465942383,30.559999465942383,30.559999465942383,30.559999465942383,1268
SANCF,2025-02-24,30.559999465942383,30.559999465942383,30.559999465942383,30.559999465942383,31
SANCF,2025-02-25,30.559999465942383,30.559999465942383,30.559999465942383,30.559999465942383,10
SANCF,2025-02-27,30.559999465942383,30.559999465942383,30.559999465942383,30.559999465942383,0
SANCF,2025-02-28,30.559999465942383,30.559999465942383,30.559999465942383,30.559999465942383,0
SANCF,2025-03-03,29.639999389648438,29.639999389648438,29.639999389648438,29.639999389648438,195
SANCF,2025-03-04,29.639999389648438,29.639999389648438,29.639999389648438,29.639999389648438,0
SANCF,2025-03-05,29.639999389648438,29.639999389648438,29.639999389648438,29.639999389648438,0
SANCF,2025-03-06,29.639999389648438,29.639999389648438,29.639999389648438,29.639999389648438,0
SANCF,2025-03-07,29.639999389648438,29.639999389648438,29.639999389648438,29.639999389648438,0
SANCF,2025-03-10,29.56999969482422,31.1200008392334,29.56999969482422,31.1200008392334,2
SANCF,2025-03-11,28.100000381469727,28.100000381469727,28.100000381469727,28.100000381469727,200
SANCF,2025-03-12,29.5,29.5,29.5,29.5,1
SANCF,2025-03-13,29.5,29.5,29.5,29.5,0
SANCF,2025-03-17,30.969999313354492,30.969999313354492,30.969999313354492,30.969999313354492,1
SANCF,2025-03-18,30.969999313354492,30.969999313354492,30.969999313354492,30.969999313354492,0
SANCF,2025-03-19,30.969999313354492,30.969999313354492,30.969999313354492,30.969999313354492,0
SANCF,2025-03-20,32.5099983215332,32.5099983215332,32.5099983215332,32.5099983215332,1
SANCF,2025-03-21,33.15999984741211,33.15999984741211,33.15999984741211,33.15999984741211,230
SANCF,2025-03-24,34.810001373291016,34.810001373291016,34.810001373291016,34.810001373291016,1
SANCF,2025-03-25,33.06999969482422,33.06999969482422,33.06999969482422,33.06999969482422,1
SANCF,2025-03-26,33.06999969482422,33.06999969482422,33.06999969482422,33.06999969482422,0
SANCF,2025-03-27,33.06999969482422,33.06999969482422,33.06999969482422,33.06999969482422,0
SANCF,2025-03-28,34.720001220703125,34.720001220703125,34.720001220703125,34.720001220703125,1
SANCF,2025-04-01,36.45000076293945,36.45000076293945,36.45000076293945,36.45000076293945,1
SANCF,2025-04-02,36.45000076293945,36.810001373291016,36.45000076293945,36.810001373291016,84
SANCF,2025-04-03,38.27000045776367,38.27000045776367,38.27000045776367,38.27000045776367,9
SANCF,2025-04-04,36.36000061035156,36.36000061035156,36.36000061035156,36.36000061035156,44
SANCF,2025-04-07,36.36000061035156,36.36000061035156,36.36000061035156,36.36000061035156,0
SANCF,2025-04-08,35.0,35.0,35.0,35.0,410
SANCF,2025-04-09,35.0,35.0,35.0,35.0,5
SANCF,2025-04-11,35.0,35.0,35.0,35.0,8
SANCF,2025-04-15,35.0,35.0,35.0,35.0,1
SANCF,2025-04-16,35.0,35.0,35.0,35.0,0
SANCF,2025-04-17,35.0,35.0,35.0,35.0,0
SANCF,2025-04-21,35.0,35.0,35.0,35.0,0
SANCF,2025-04-22,33.25,35.70000076293945,33.25,35.70000076293945,4
SANCF,2025-04-23,33.25,33.25,33.25,33.25,0
SANCF,2025-04-24,33.25,33.25,33.25,33.25,0
SANCF,2025-04-25,31.600000381469727,31.600000381469727,31.600000381469727,31.600000381469727,25
SANCF,2025-04-28,30.020000457763672,30.899999618530273,30.020000457763672,30.899999618530273,15
SANCF,2025-04-29,28.520000457763672,29.420000076293945,28.520000457763672,29.420000076293945,1151
SANCF,2025-04-30,27.100000381469727,28.520000457763672,27.100000381469727,28.520000457763672,1005
SANCF,2025-05-02,27.200000762939453,27.200000762939453,27.200000762939453,27.200000762939453,100
SANCF,2025-05-05,28.559999465942383,28.559999465942383,28.559999465942383,28.559999465942383,1000
SANCF,2025-05-06,28.559999465942383,28.559999465942383,28.559999465942383,28.559999465942383,0
SANCF,2025-05-07,29.979999542236328,29.979999542236328,29.979999542236328,29.979999542236328,19
SANCF,2025-05-08,29.229999542236328,31.469999313354492,29.079999923706055,29.079999923706055,16
SANCF,2025-05-09,29.229999542236328,29.229999542236328,29.229999542236328,29.229999542236328,14
SANCF,2025-05-12,29.229999542236328,29.229999542236328,29.229999542236328,29.229999542236328,20
SANCF,2025-05-13,29.25,30.690000534057617,29.229999542236328,29.229999542236328,67
SANCF,2025-05-14,29.25,29.25,29.25,29.25,0
SANCF,2025-05-15,29.25,29.25,29.25,29.25,0
SANCF,2025-05-16,30.709999084472656,30.709999084472656,30.709999084472656,30.709999084472656,1
SANCF,2025-05-19,30.709999084472656,30.709999084472656,30.709999084472656,30.709999084472656,0
SANCF,2025-05-20,30.709999084472656,30.709999084472656,30.709999084472656,30.709999084472656,0
SANCF,2025-05-21,32.2400016784668,32.2400016784668,32.2400016784668,32.2400016784668,1
SANCF,2025-05-22,32.2400016784668,32.2400016784668,32.2400016784668,32.2400016784668,0
SANCF,2025-05-23,33.849998474121094,33.849998474121094,33.849998474121094,33.849998474121094,531
SANCF,2025-05-26,34.900001525878906,34.900001525878906,33.849998474121094,33.849998474121094,110
SANCF,2025-05-27,34.900001525878906,34.900001525878906,34.900001525878906,34.900001525878906,0
SANCF,2025-05-28,34.20000076293945,34.20000076293945,34.20000076293945,34.20000076293945,14
SANCF,2025-05-29,32.4900016784668,35.900001525878906,32.4900016784668,35.900001525878906,660
SANCF,2025-05-30,32.4900016784668,32.4900016784668,32.4900016784668,32.4900016784668,0
SANCF,2025-06-02,32.4900016784668,32.4900016784668,32.4900016784668,32.4900016784668,0
SANCF,2025-06-03,32.4900016784668,32.4900016784668,32.4900016784668,32.4900016784668,0
SANCF,2025-06-04,32.4900016784668,32.4900016784668,32.4900016784668,32.4900016784668,0
SANCF,2025-06-05,32.4900016784668,32.4900016784668,32.4900016784668,32.4900016784668,0
SANCF,2025-06-06,32.4900016784668,32.4900016784668,30.8700008392334,30.8700008392334,881
SANCF,2025-06-09,32.45000076293945,32.4900016784668,30.8700008392334,30.8799991607666,203
SANCF,2025-06-10,34.040000915527344,34.060001373291016,32.31999969482422,32.31999969482422,111
SANCF,2025-06-11,35.7400016784668,35.7400016784668,35.7400016784668,35.7400016784668,3
SANCF,2025-06-12,37.5,37.52000045776367,37.5,37.52000045776367,112
SANCF,2025-06-13,39.0,39.0,39.0,39.0,1
SANCF,2025-06-16,39.0,39.0,39.0,39.0,0
SANCF,2025-06-17,39.0,39.0,39.0,39.0,5
SANCF,2025-06-18,37.04999923706055,37.04999923706055,37.04999923706055,37.04999923706055,55
SANCF,2025-06-19,37.04999923706055,37.04999923706055,37.04999923706055,37.04999923706055,0
SANCF,2025-06-20,35.20000076293945,38.900001525878906,35.20000076293945,38.900001525878906,45
SANCF,2025-06-23,35.20000076293945,35.20000076293945,33.439998626708984,35.20000076293945,22
SANCF,2025-06-24,33.439998626708984,33.439998626708984,33.439998626708984,33.439998626708984,3
SANCF,2025-06-25,33.439998626708984,33.439998626708984,33.439998626708984,33.439998626708984,0
SANCF,2025-06-26,34.97999954223633,35.11000061035156,34.97999954223633,35.11000061035156,110
SANCF,2025-06-27,33.2400016784668,36.720001220703125,33.2400016784668,34.97999954223633,2303
SANCF,2025-06-30,31.59000015258789,33.2400016784668,31.579999923706055,33.2400016784668,197
SANCF,2025-07-01,31.59000015258789,31.59000015258789,31.59000015258789,31.59000015258789,0
SANCF,2025-07-02,31.59000015258789,31.59000015258789,31.59000015258789,31.59000015258789,0
SANCF,2025-07-03,31.59000015258789,31.59000015258789,31.59000015258789,31.59000015258789,0
SANCF,2025-07-04,31.59000015258789,31.59000015258789,31.59000015258789,31.59000015258789,0
SANCF,2025-07-07,31.59000015258789,31.59000015258789,31.59000015258789,31.59000015258789,0
SANCF,2025-07-08,31.59000015258789,31.59000015258789,31.59000015258789,31.59000015258789,0
SANCF,2025-07-09,31.59000015258789,31.59000015258789,31.59000015258789,31.59000015258789,0
SANCF,2025-07-10,33.15999984741211,33.15999984741211,33.15999984741211,33.15999984741211,10
SANCF,2025-07-11,33.15999984741211,33.15999984741211,33.15999984741211,33.15999984741211,0
SANCF,2025-07-14,33.15999984741211,33.15999984741211,33.15999984741211,33.15999984741211,0
SANCF,2025-07-15,33.15999984741211,33.15999984741211,33.15999984741211,33.15999984741211,0
SANCF,2025-07-16,33.15999984741211,33.15999984741211,33.15999984741211,33.15999984741211,0
SANCF,2025-07-17,33.15999984741211,33.15999984741211,33.15999984741211,33.15999984741211,0
SANCF,2025-07-18,33.15999984741211,33.15999984741211,33.15999984741211,33.15999984741211,0
SANCF,2025-07-21,33.15999984741211,33.15999984741211,33.15999984741211,33.15999984741211,0
SANCF,2025-07-22,33.15999984741211,33.15999984741211,33.15999984741211,33.15999984741211,0
SANCF,2025-07-23,33.15999984741211,33.15999984741211,33.15999984741211,33.15999984741211,0
SANCF,2025-07-24,33.15999984741211,33.15999984741211,33.15999984741211,33.15999984741211,0
SANCF,2025-07-25,33.2400016784668,34.0,33.15999984741211,34.0,11
SANCF,2025-07-28,33.2400016784668,33.2400016784668,33.2400016784668,33.2400016784668,0
SANCF,2025-07-29,33.2400016784668,33.2400016784668,33.2400016784668,33.2400016784668,0
SANCF,2025-07-30,33.2400016784668,33.2400016784668,33.2400016784668,33.2400016784668,0
SANCF,2025-07-31,33.2400016784668,33.2400016784668,33.2400016784668,33.2400016784668,0
SANCF,2025-08-01,33.2400016784668,33.2400016784668,33.2400016784668,33.2400016784668,0
SANCF,2025-08-04,33.2400016784668,33.2400016784668,33.2400016784668,33.2400016784668,1
SANCF,2025-08-05,31.579999923706055,31.579999923706055,31.579999923706055,31.579999923706055,19
SANCF,2025-08-06,30.010000228881836,31.579999923706055,30.010000228881836,31.579999923706055,70
SANCF,2025-08-07,30.010000228881836,30.010000228881836,30.010000228881836,30.010000228881836,0
SANCF,2025-08-08,30.010000228881836,30.010000228881836,30.010000228881836,30.010000228881836,0
SANCF,2025-08-11,30.010000228881836,30.010000228881836,30.010000228881836,30.010000228881836,0
SANCF,2025-08-12,30.010000228881836,30.010000228881836,30.010000228881836,30.010000228881836,0
SANCF,2025-08-13,28.510000228881836,29.700000762939453,28.510000228881836,29.700000762939453,275
SANCF,2025-08-14,28.510000228881836,28.510000228881836,28.510000228881836,28.510000228881836,1
SANCF,2025-08-18,29.93000030517578,29.93000030517578,29.93000030517578,29.93000030517578,110
SANCF,2025-08-19,29.93000030517578,30.530000686645508,29.93000030517578,30.530000686645508,18
SANCF,2025-08-20,29.93000030517578,29.93000030517578,29.93000030517578,29.93000030517578,98
SANCF,2025-08-21,29.93000030517578,29.93000030517578,29.93000030517578,29.93000030517578,0
SANCF,2025-08-22,29.93000030517578,29.93000030517578,29.93000030517578,29.93000030517578,0
SANCF,2025-08-25,29.93000030517578,29.93000030517578,29.93000030517578,29.93000030517578,0
SANCF,2025-08-26,29.93000030517578,29.93000030517578,29.93000030517578,29.93000030517578,0
SANCF,2025-08-28,29.93000030517578,29.93000030517578,29.93000030517578,29.93000030517578,0
SANCF,2025-08-29,29.93000030517578,29.93000030517578,29.93000030517578,29.93000030517578,0
SANCF,2025-09-01,30.670000076293945,30.670000076293945,30.670000076293945,30.670000076293945,1
SANCF,2025-09-02,30.670000076293945,30.670000076293945,30.670000076293945,30.670000076293945,0
SANCF,2025-09-03,30.670000076293945,30.670000076293945,30.670000076293945,30.670000076293945,0
SANCF,2025-09-04,30.969999313354492,32.20000076293945,30.969999313354492,32.20000076293945,51
SANCF,2025-09-05,30.969999313354492,30.969999313354492,30.969999313354492,30.969999313354492,0
SANCF,2025-09-08,31.739999771118164,31.739999771118164,31.739999771118164,31.739999771118164,2
SANCF,2025-09-09,31.739999771118164,31.739999771118164,31.739999771118164,31.739999771118164,0
SANCF,2025-09-10,31.739999771118164,31.739999771118164,31.739999771118164,31.739999771118164,0
SANCF,2025-09-11,31.739999771118164,31.75,31.739999771118164,31.75,27
SANCF,2025-09-12,31.739999771118164,31.739999771118164,31.739999771118164,31.739999771118164,0
SANCF,2025-09-15,31.739999771118164,31.739999771118164,31.739999771118164,31.739999771118164,0
SANCF,2025-09-16,31.739999771118164,31.739999771118164,31.739999771118164,31.739999771118164,3
SANCF,2025-09-17,31.739999771118164,31.739999771118164,31.739999771118164,31.739999771118164,0
SANCF,2025-09-18,31.739999771118164,31.739999771118164,31.739999771118164,31.739999771118164,0
SANCF,2025-09-19,31.739999771118164,31.739999771118164,31.739999771118164,31.739999771118164,0
SANCF,2025-09-22,31.420000076293945,31.420000076293945,31.420000076293945,31.420000076293945,11
SANCF,2025-09-23,32.97999954223633,32.9900016784668,32.97999954223633,32.9900016784668,187
SANCF,2025-09-24,31.34000015258789,32.650001525878906,31.34000015258789,32.650001525878906,155
SANCF,2025-09-25,31.34000015258789,31.34000015258789,31.34000015258789,31.34000015258789,0
SANCF,2025-09-26,31.34000015258789,31.34000015258789,31.34000015258789,31.34000015258789,0
SANCF,2025-09-29,31.34000015258789,31.34000015258789,31.34000015258789,31.34000015258789,1
SANCF,2025-09-30,31.34000015258789,31.34000015258789,31.34000015258789,31.34000015258789,0
SANCF,2025-10-01,29.780000686645508,30.0,29.780000686645508,30.0,108
SANCF,2025-10-03,28.299999237060547,31.260000228881836,28.299999237060547,28.299999237060547,2124
SANCF,2025-10-06,28.5,28.5,28.5,28.5,100
SANCF,2025-10-07,28.5,28.5,28.5,28.5,0
SANCF,2025-10-08,27.899999618530273,28.0,27.899999618530273,28.0,3201
SANCF,2025-10-09,27.200000762939453,27.899999618530273,27.200000762939453,27.899999618530273,205
SANCF,2025-10-10,28.549999237060547,28.549999237060547,27.200000762939453,27.200000762939453,41
SANCF,2025-10-13,28.549999237060547,28.549999237060547,28.549999237060547,28.549999237060547,0
SANCF,2025-10-14,28.549999237060547,28.549999237060547,28.549999237060547,28.549999237060547,0
SANCF,2025-10-15,28.549999237060547,28.549999237060547,28.549999237060547,28.549999237060547,0
SANCF,2025-10-16,28.549999237060547,28.549999237060547,28.549999237060547,28.549999237060547,0
SANCF,2025-10-17,28.549999237060547,28.549999237060547,28.549999237060547,28.549999237060547,0
SANCF,2025-10-20,27.1299991607666,28.549999237060547,27.1299991607666,28.549999237060547,110
SANCF,2025-10-21,27.1299991607666,27.1299991607666,27.1299991607666,27.1299991607666,0
SANCF,2025-10-23,26.010000228881836,28.450000762939453,26.010000228881836,28.450000762939453,528
SANCF,2025-10-24,27.280000686645508,27.299999237060547,27.280000686645508,27.299999237060547,377
SANCF,2025-10-27,26.200000762939453,26.200000762939453,26.200000762939453,26.200000762939453,81
SANCF,2025-10-28,27.510000228881836,27.510000228881836,27.510000228881836,27.510000228881836,485
SANCF,2025-10-29,28.8799991607666,28.8799991607666,27.510000228881836,27.510000228881836,150
SANCF,2025-10-30,28.8799991607666,28.8799991607666,28.8799991607666,28.8799991607666,0
SANCF,2025-10-31,28.8799991607666,28.8799991607666,28.8799991607666,28.8799991607666,0
SANCF,2025-11-03,30.31999969482422,30.31999969482422,30.31999969482422,30.31999969482422,57
SANCF,2025-11-04,30.31999969482422,30.31999969482422,30.31999969482422,30.31999969482422,0
SANCF,2025-11-06,30.31999969482422,30.31999969482422,30.31999969482422,30.31999969482422,0
SANCF,2025-11-07,30.31999969482422,30.31999969482422,30.31999969482422,30.31999969482422,6
SANCF,2025-11-10,29.0,30.31999969482422,29.0,30.31999969482422,13
SANCF,2025-11-11,29.0,29.0,29.0,29.0,3
SANCF,2025-11-12,28.0,29.0,28.0,29.0,34
SANCF,2025-11-13,28.0,28.0,28.0,28.0,0
SANCF,2025-11-14,28.0,28.0,28.0,28.0,0
SANCF,2025-11-17,26.600000381469727,28.700000762939453,26.600000381469727,28.700000762939453,430
SANCF,2025-11-18,26.600000381469727,26.600000381469727,26.600000381469727,26.600000381469727,0
SANCF,2025-11-19,26.600000381469727,26.600000381469727,26.600000381469727,26.600000381469727,0
SANCF,2025-11-20,26.600000381469727,26.600000381469727,26.600000381469727,26.600000381469727,8
SANCF,2025-11-21,25.299999237060547,25.299999237060547,25.299999237060547,25.299999237060547,100
SANCF,2025-11-24,25.93000030517578,25.93000030517578,25.93000030517578,25.93000030517578,1
SANCF,2025-11-25,25.0,25.010000228881836,25.0,25.010000228881836,900
SANCF,2025-11-26,25.0,25.0,25.0,25.0,0
SANCF,2025-11-27,25.0,25.010000228881836,24.049999237060547,24.049999237060547,105
SANCF,2025-11-28,25.0,25.0,25.0,25.0,0
SANCF,2025-12-01,24.049999237060547,25.049999237060547,24.0,25.049999237060547,412
SANCF,2025-12-02,24.049999237060547,24.049999237060547,24.049999237060547,24.049999237060547,0
SANCF,2025-12-03,24.049999237060547,24.049999237060547,24.049999237060547,24.049999237060547,0
SANCF,2025-12-04,24.049999237060547,24.049999237060547,24.049999237060547,24.049999237060547,0
SANCF,2025-12-05,24.049999237060547,24.049999237060547,24.049999237060547,24.049999237060547,0
SANCF,2025-12-08,24.059999465942383,25.25,24.059999465942383,25.25,150
SANCF,2025-12-09,24.059999465942383,24.059999465942383,24.059999465942383,24.059999465942383,0
SANCF,2025-12-10,24.059999465942383,24.059999465942383,24.059999465942383,24.059999465942383,0
SANCF,2025-12-11,24.049999237060547,24.059999465942383,24.049999237060547,24.059999465942383,100
SANCF,2025-12-12,24.049999237060547,24.049999237060547,24.049999237060547,24.049999237060547,0
SANCF,2025-12-15,24.049999237060547,24.049999237060547,24.049999237060547,24.049999237060547,0
SANCF,2025-12-16,24.049999237060547,24.049999237060547,24.049999237060547,24.049999237060547,0
SANCF,2025-12-17,24.049999237060547,24.049999237060547,24.049999237060547,24.049999237060547,0
SANCF,2025-12-18,24.049999237060547,24.049999237060547,24.049999237060547,24.049999237060547,0
SANCF,2025-12-19,24.049999237060547,24.049999237060547,24.049999237060547,24.049999237060547,0
SANCF,2025-12-22,24.049999237060547,24.049999237060547,24.049999237060547,24.049999237060547,0
SANCF,2025-12-23,24.049999237060547,24.049999237060547,24.049999237060547,24.049999237060547,0
SANCF,2025-12-24,24.049999237060547,24.049999237060547,24.049999237060547,24.049999237060547,0
SANCF,2025-12-26,24.049999237060547,24.049999237060547,24.049999237060547,24.049999237060547,0
SANCF,2025-12-29,25.25,25.25,25.25,25.25,2
SANCF,2025-12-30,25.25,25.25,25.25,25.25,0
SANCF,2025-12-31,25.25,25.25,25.25,25.25,0
SANCF,2026-01-01,25.25,25.25,25.25,25.25,0
SANCF,2026-01-02,26.0,26.510000228881836,26.0,26.510000228881836,500
SANCF,2026-01-05,26.0,26.0,26.0,26.0,0
SANCF,2026-01-06,26.0,26.0,26.0,26.0,0
SANCF,2026-01-07,26.0,26.0,26.0,26.0,0
SANCF,2026-01-08,26.0,26.0,26.0,26.0,0
SANCF,2026-01-09,25.93000030517578,25.93000030517578,25.93000030517578,25.93000030517578,505
SANCF,2026-01-12,27.219999313354492,27.219999313354492,27.219999313354492,27.219999313354492,100
SANCF,2026-01-13,28.579999923706055,28.579999923706055,28.579999923706055,28.579999923706055,97
SANCF,2026-01-14,30.0,30.0,30.0,30.0,82
SANCF,2026-01-16,30.0,30.0,30.0,30.0,0
SANCF,2026-01-19,31.5,31.5,31.5,31.5,20
SANCF,2026-01-20,33.06999969482422,33.06999969482422,33.06999969482422,33.06999969482422,20
SANCF,2026-01-21,34.720001220703125,34.720001220703125,34.720001220703125,34.720001220703125,3399
SANCF,2026-01-22,36.45000076293945,36.45000076293945,36.45000076293945,36.45000076293945,24
SANCF,2026-01-23,38.27000045776367,38.27000045776367,38.27000045776367,38.27000045776367,306
SANCF,2026-01-27,40.18000030517578,40.18000030517578,40.18000030517578,40.18000030517578,529
SANCF,2026-01-28,42.18000030517578,42.18000030517578,42.18000030517578,42.18000030517578,1041
SANCF,2026-01-29,44.279998779296875,44.279998779296875,44.279998779296875,44.279998779296875,853
SANCF,2026-01-30,46.4900016784668,46.4900016784668,46.4900016784668,46.4900016784668,739
SANCF,2026-02-02,51.25,51.25,51.25,51.25,1500
SANCF,2026-02-03,53.810001373291016,53.810001373291016,53.810001373291016,53.810001373291016,531
SANCF,2026-02-04,56.5,56.5,56.5,56.5,9188
SANCF,2026-02-05,59.31999969482422,59.31999969482422,59.31999969482422,59.31999969482422,4726
SANCF,2026-02-06,62.20000076293945,62.279998779296875,56.36000061035156,62.279998779296875,7169
SANCF,2026-02-09,59.09000015258789,64.94999694824219,59.09000015258789,64.94999694824219,655
SANCF,2026-02-10,56.20000076293945,61.5,56.13999938964844,56.13999938964844,2615
SANCF,2026-02-11,56.9900016784668,57.900001525878906,53.43000030517578,57.0,688
SANCF,2026-02-12,56.400001525878906,57.0,54.150001525878906,54.150001525878906,1057
SANCF,2026-02-13,53.58000183105469,55.83000183105469,53.58000183105469,55.83000183105469,15
SANCF,2026-02-16,54.11000061035156,54.11000061035156,54.11000061035156,54.11000061035156,11
SANCF,2026-02-17,51.40999984741211,56.0,51.40999984741211,56.0,598
SANCF,2026-02-18,51.40999984741211,51.40999984741211,51.40999984741211,51.40999984741211,0
SANCF,2026-02-19,46.400001525878906,46.400001525878906,46.400001525878906,46.400001525878906,29
SANCF,2026-02-20,46.400001525878906,46.400001525878906,46.400001525878906,46.400001525878906,0
SANCF,2026-02-23,44.08000183105469,46.400001525878906,44.08000183105469,44.08000183105469,733
SANCF,2026-02-24,41.88999938964844,42.0,41.880001068115234,41.880001068115234,1029
SANCF,2026-02-25,39.880001068115234,39.880001068115234,39.79999923706055,39.79999923706055,1016
SANCF,2026-02-26,39.880001068115234,39.880001068115234,39.880001068115234,39.880001068115234,99
SANCF,2026-02-27,39.880001068115234,39.880001068115234,39.880001068115234,39.880001068115234,0
SANCF,2026-03-02,39.880001068115234,39.880001068115234,39.880001068115234,39.880001068115234,0
SANCF,2026-03-04,37.88999938964844,37.88999938964844,37.88999938964844,37.88999938964844,4
SANCF,2026-03-05,39.779998779296875,39.779998779296875,39.779998779296875,39.779998779296875,38
SANCF,2026-03-06,39.79999923706055,39.79999923706055,39.79999923706055,39.79999923706055,75
SANCF,2026-03-09,37.90999984741211,40.599998474121094,37.90999984741211,40.599998474121094,131
SANCF,2026-03-10,37.90999984741211,37.90999984741211,37.90999984741211,37.90999984741211,0
SANCF,2026-03-11,37.90999984741211,37.90999984741211,37.90999984741211,37.90999984741211,0
SANCF,2026-03-12,37.90999984741211,37.90999984741211,37.90999984741211,37.90999984741211,0
SANCF,2026-03-13,37.90999984741211,37.90999984741211,37.90999984741211,37.90999984741211,0
SANCF,2026-03-16,37.90999984741211,37.90999984741211,37.90999984741211,37.90999984741211,0
SANCF,2026-03-17,39.0,39.0,39.0,39.0,93
SANCF,2026-03-18,39.0,39.0,39.0,39.0,10
SANCF,2026-03-19,39.0,39.0,39.0,39.0,0
SANCF,2026-03-20,39.0,39.0,39.0,39.0,0
